id,question,answers,label
1012459,"How do students commute to and from PIEAS?
","{'answer_start': [490], 'text': ['PIEAS has dedicated bus shuttle service for its students residing in Rawalpindi and Islamabad.']}",Transport
625605,Is there any university transport services for dayscholars?,"{'answer_start': [943], 'text': ['Yes, Daysholars can avail transport facilities of university by paying Rs.15,000 per semester.']}",Transport
625635,Is there any university transport services for dayscholars?,"{'answer_start': [943], 'text': ['Yes, Daysholars can avail transport facilities of university by paying Rs.15,000 per semester.']}",Transport
690571,Is there any transport facility in PIEAS?,"{'answer_start': [18943], 'text': ['Yes, there is a transport facility. PIEAS buses depart at 2 pm and 4 pm from PIEAS. The buses usually go to Faizabad or Islamabad city or Saddar. Their daily schedule can be checked in the morning at PIEAS reception. They also bring the students back to PIEAS at 7:30 pm (Monday to Friday during odd days only) and 8 pm (on Sunday) from Faizabad and Saddar.']}",Transport
690521,Is there any university transport services for dayscholars?,"{'answer_start': [0], 'text': ['0']}",Transport
690572,Is transport facility free?,"{'answer_start': [19330], 'text': ['If you are a day-scholar, then you will have to pay R.s 16,000 to avail transport facility daily. For residents of hostels, the transport charges are accommodated in the semester fees (this fees is smaller because of less consumption). No one wants to go out so far daily. Usually, when students go to their homes, they avail this transport.']}",Transport
690595,What does transport services of PIEAS look like?,"{'answer_start': [28212], 'text': ['A bus service has been arranged for the boarding students to travel to and from Rawalpindi/ Islamabad throughout each semester at scheduled hours. Private bus services also operate between Nilore, Rawalpindi and Islamabad. Students are also provided official transport for excursions, study tours and, in some cases, emergencies. The provisions for excursions and emergencies may be charged.']}",Transport
690600,What is PIEAS Timings?,"{'answer_start': [29787], 'text': ['Mon - Fri 8:00 AM - 4:00 PM']}",Transport
690520,Is there any university transport services for dayscholars?,"{'answer_start': [1067], 'text': ['Yes, Daysholars can avail transport facilities of university by paying Rs.17,000 per semester.']}",Transport
690842,Are there any shops in vicinity of PIEAS?,"{'answer_start': [87053], 'text': ['A post office, a bank and shops for commonly required items are available in the vicinity of PIEAS.']}",Transport
690843,Is there any ATM in vicinity of PIEAS?,"{'answer_start': [86911], 'text': ['A post office, a bank and shops for commonly required items are available in the vicinity of PIEAS.']}",Transport
690848,Is there any bank near PIEAS?,"{'answer_start': [86143], 'text': ['A post office, a bank and shops for commonly required items are available in the vicinity of PIEAS.']}",Transport
690846,Is there any grocery shop near PIEAS?,"{'answer_start': [86442], 'text': ['A post office, a bank and shops for commonly required items are available in the vicinity of PIEAS.']}",Transport
690850,Is there any post office near PIEAS?,"{'answer_start': [85845], 'text': ['A post office, a bank and shops for commonly required items are available in the vicinity of PIEAS.']}",Transport
625605,Is there any university transport services for dayscholars?,"{'answer_start': [943], 'text': ['Yes, Daysholars can avail transport facilities of university by paying Rs.15,000 per semester.']}",Transport
625635,Is there any university transport services for dayscholars?,"{'answer_start': [943], 'text': ['Yes, Daysholars can avail transport facilities of university by paying Rs.15,000 per semester.']}",Transport
647133,Where does Route 41 start and end?,"{'answer_start': [263], 'text': ['It starts from sultana foundation and ends at khayaban Sir Syed']}",Transport
647131,Who is the driver for Route 41?,"{'answer_start': [235], 'text': ['Sajid Ali Khan']}",Transport
647142,What is the route number for the bus that goes to TRALI ADDA,"{'answer_start': [471], 'text': ['Route 41']}",Transport
647126,What are the stops on Route 41?,"{'answer_start': [9], 'text': ['SULTANA FOUNDATION, BURMA, KHANA, TRALI ADDA, 08 NO.CHUNGI, HAJI CHOWK, BILAL HOSPITAL, CHANDNI CHOWK, NATIONAL MARKET, KALI TANKI, ASGHAR MALL, T.B HOSPITAL, CHUNGI NO.4, CHEEMA PLAZA, GOLDEN CNG, KHAYABAN.SIR SYED']}",Transport
647132,What is the contact number for the driver of Route 41?,"{'answer_start': [250], 'text': ['0300-9137948']}",Transport
647136,What is the route number for the bus that goes to BURMA,"{'answer_start': [327], 'text': ['Route 41']}",Transport
647137,What is the route number for the bus that goes to KHANA,"{'answer_start': [327], 'text': ['Route 41']}",Transport
647134,What is the route number for the bus that goes to Rawalpindi,"{'answer_start': [327], 'text': ['Route 41']}",Transport
647135,What is the route number for the bus that goes to sultana foundation,"{'answer_start': [327], 'text': ['Route 41']}",Transport
647130,What is the vehicle number for Route 41?,"{'answer_start': [226], 'text': ['MIB-2673']}",Transport
647279,What is the name of the driver for the bus that goes to KHAYABAN.SIR SYED,"{'answer_start': [1064], 'text': ['Sajid Ali Khan']}",Transport
647266,What is the name of the driver for the bus that goes to KHANA,"{'answer_start': [1049], 'text': ['Sajid Ali Khan']}",Transport
647249,What is the vehicle number for the bus that goes to TRALI ADDA,"{'answer_start': [701], 'text': ['MIB-2673']}",Transport
647246,What is the vehicle number for the bus that goes to sultana foundation,"{'answer_start': [701], 'text': ['MIB-2673']}",Transport
647245,What is the vehicle number for the bus that goes to rawalpindi,"{'answer_start': [701], 'text': ['MIB-2673']}",Transport
647255,What is the vehicle number for the bus that goes to  NATIONAL MARKET,"{'answer_start': [701], 'text': ['MIB-2673']}",Transport
647248,What is the vehicle number for the bus that goes to KHANA,"{'answer_start': [701], 'text': ['MIB-2673']}",Transport
647254,What is the vehicle number for the bus that goes to CHANDNI CHOWK,"{'answer_start': [701], 'text': ['MIB-2673']}",Transport
647251,What is the vehicle number for the bus that goes to HAJI CHOWK,"{'answer_start': [701], 'text': ['MIB-2673']}",Transport
647247,What is the vehicle number for the bus that goes to BURMA,"{'answer_start': [701], 'text': ['MIB-2673']}",Transport
647253,What is the vehicle number for the bus that goes to BILAL HOSPITAL,"{'answer_start': [701], 'text': ['MIB-2673']}",Transport
647252,What is the vehicle number for the bus that goes to BILAL HOSPITAL,"{'answer_start': [701], 'text': ['MIB-2673']}",Transport
647250,What is the vehicle number for the bus that goes to 08 NO.CHUNGI,"{'answer_start': [701], 'text': ['MIB-2673']}",Transport
647258,What is the vehicle number for the bus that goes to  T.B HOSPITAL,"{'answer_start': [845], 'text': ['MIB-2673']}",Transport
647262,What is the vehicle number for the bus that goes to KHAYABAN.SIR SYED,"{'answer_start': [845], 'text': ['MIB-2673']}",Transport
647256,What is the vehicle number for the bus that goes to KALI TANKI,"{'answer_start': [845], 'text': ['MIB-2673']}",Transport
647261,What is the vehicle number for the bus that goes to GOLDEN CNG,"{'answer_start': [845], 'text': ['MIB-2673']}",Transport
647259,What is the vehicle number for the bus that goes to  CHUNGI NO.4,"{'answer_start': [845], 'text': ['MIB-2673']}",Transport
647260,What is the vehicle number for the bus that goes to  CHEEMA PLAZA,"{'answer_start': [845], 'text': ['MIB-2673']}",Transport
647257,What is the vehicle number for the bus that goes to ASGHAR MALL,"{'answer_start': [845], 'text': ['MIB-2673']}",Transport
647263,What is the name of the driver for the bus that goes to sultana foundation,"{'answer_start': [854], 'text': ['Sajid Ali Khan']}",Transport
647264,What is the name of the driver for the bus that goes to BURMA,"{'answer_start': [854], 'text': ['Sajid Ali Khan']}",Transport
647267,What is the name of the driver for the bus that goes to TRALI ADDA,"{'answer_start': [1094], 'text': ['Sajid Ali Khan']}",Transport
647275,What is the name of the driver for the bus that goes to  T.B HOSPITAL,"{'answer_start': [1094], 'text': ['Sajid Ali Khan']}",Transport
647265,What is the name of the driver for the bus that goes to rawalpindi,"{'answer_start': [1064], 'text': ['Sajid Ali Khan']}",Transport
647272,What is the name of the driver for the bus that goes to  NATIONAL MARKET,"{'answer_start': [1064], 'text': ['Sajid Ali Khan']}",Transport
647273,What is the name of the driver for the bus that goes to KALI TANKI,"{'answer_start': [1049], 'text': ['Sajid Ali Khan']}",Transport
647278,What is the name of the driver for the bus that goes to GOLDEN CNG,"{'answer_start': [1064], 'text': ['Sajid Ali Khan']}",Transport
647276,What is the name of the driver for the bus that goes to  CHUNGI NO.4,"{'answer_start': [1049], 'text': ['Sajid Ali Khan']}",Transport
647277,What is the name of the driver for the bus that goes to  CHEEMA PLAZA,"{'answer_start': [1049], 'text': ['Sajid Ali Khan']}",Transport
647271,What is the name of the driver for the bus that goes to CHANDNI CHOWK,"{'answer_start': [1064], 'text': ['Sajid Ali Khan']}",Transport
647270,What is the name of the driver for the bus that goes to BILAL HOSPITAL,"{'answer_start': [1049], 'text': ['Sajid Ali Khan']}",Transport
647274,What is the name of the driver for the bus that goes to ASGHAR MALL,"{'answer_start': [1064], 'text': ['Sajid Ali Khan']}",Transport
647268,What is the name of the driver for the bus that goes to 08 NO.CHUNGI,"{'answer_start': [1094], 'text': ['Sajid Ali Khan']}",Transport
647288,What are the stops on the route that goes to TRALI ADDA,"{'answer_start': [1110], 'text': ['SULTANA FOUNDATION, BURMA, KHANA, TRALI ADDA, 08 NO.CHUNGI, HAJI CHOWK, BILAL HOSPITAL, CHANDNI CHOWK, NATIONAL MARKET, KALI TANKI, ASGHAR MALL, T.B HOSPITAL, CHUNGI NO.4, CHEEMA ']}",Transport
647299,What are the stops on the route that goes to  T.B HOSPITAL,"{'answer_start': [1110], 'text': ['SULTANA FOUNDATION, BURMA, KHANA, TRALI ADDA, 08 NO.CHUNGI, HAJI CHOWK, BILAL HOSPITAL, CHANDNI CHOWK, NATIONAL MARKET, KALI TANKI, ASGHAR MALL, T.B HOSPITAL, CHUNGI NO.4, CHEEMA ']}",Transport
647285,What are the stops on the route that goes to sultana foundation,"{'answer_start': [1110], 'text': ['SULTANA FOUNDATION, BURMA, KHANA, TRALI ADDA, 08 NO.CHUNGI, HAJI CHOWK, BILAL HOSPITAL, CHANDNI CHOWK, NATIONAL MARKET, KALI TANKI, ASGHAR MALL, T.B HOSPITAL, CHUNGI NO.4, CHEEMA']}",Transport
647284,What are the stops on the route that goes to rawalpindi,"{'answer_start': [1110], 'text': ['SULTANA FOUNDATION, BURMA, KHANA, TRALI ADDA, 08 NO.CHUNGI, HAJI CHOWK, BILAL HOSPITAL, CHANDNI CHOWK, NATIONAL MARKET, KALI TANKI, ASGHAR MALL, T.B HOSPITAL, CHUNGI NO.4, CHEEMA']}",Transport
647296,What are the stops on the route that goes to  NATIONAL MARKET,"{'answer_start': [1110], 'text': ['SULTANA FOUNDATION, BURMA, KHANA, TRALI ADDA, 08 NO.CHUNGI, HAJI CHOWK, BILAL HOSPITAL, CHANDNI CHOWK, NATIONAL MARKET, KALI TANKI, ASGHAR MALL, T.B HOSPITAL, CHUNGI NO.4, CHEEMA']}",Transport
647304,What are the stops on the route that goes to KHAYABAN.SIR SYED,"{'answer_start': [1110], 'text': ['SULTANA FOUNDATION, BURMA, KHANA, TRALI ADDA, 08 NO.CHUNGI, HAJI CHOWK, BILAL HOSPITAL, CHANDNI CHOWK, NATIONAL MARKET, KALI TANKI, ASGHAR MALL, T.B HOSPITAL, CHUNGI NO.4, CHEEMA ']}",Transport
647287,What are the stops on the route that goes to KHANA,"{'answer_start': [1110], 'text': ['SULTANA FOUNDATION, BURMA, KHANA, TRALI ADDA, 08 NO.CHUNGI, HAJI CHOWK, BILAL HOSPITAL, CHANDNI CHOWK, NATIONAL MARKET, KALI TANKI, ASGHAR MALL, T.B HOSPITAL, CHUNGI NO.4, CHEEMA']}",Transport
647297,What are the stops on the route that goes to KALI TANKI,"{'answer_start': [1110], 'text': ['SULTANA FOUNDATION, BURMA, KHANA, TRALI ADDA, 08 NO.CHUNGI, HAJI CHOWK, BILAL HOSPITAL, CHANDNI CHOWK, NATIONAL MARKET, KALI TANKI, ASGHAR MALL, T.B HOSPITAL, CHUNGI NO.4, CHEEMA']}",Transport
647290,What are the stops on the route that goes to HAJI CHOWK,"{'answer_start': [1110], 'text': ['SULTANA FOUNDATION, BURMA, KHANA, TRALI ADDA, 08 NO.CHUNGI, HAJI CHOWK, BILAL HOSPITAL, CHANDNI CHOWK, NATIONAL MARKET, KALI TANKI, ASGHAR MALL, T.B HOSPITAL, CHUNGI NO.4, CHEEMA ']}",Transport
647302,What are the stops on the route that goes to GOLDEN CNG,"{'answer_start': [1110], 'text': ['SULTANA FOUNDATION, BURMA, KHANA, TRALI ADDA, 08 NO.CHUNGI, HAJI CHOWK, BILAL HOSPITAL, CHANDNI CHOWK, NATIONAL MARKET, KALI TANKI, ASGHAR MALL, T.B HOSPITAL, CHUNGI NO.4, CHEEMA']}",Transport
647300,What are the stops on the route that goes to  CHUNGI NO.4,"{'answer_start': [1110], 'text': ['SULTANA FOUNDATION, BURMA, KHANA, TRALI ADDA, 08 NO.CHUNGI, HAJI CHOWK, BILAL HOSPITAL, CHANDNI CHOWK, NATIONAL MARKET, KALI TANKI, ASGHAR MALL, T.B HOSPITAL, CHUNGI NO.4, CHEEMA']}",Transport
647301,What are the stops on the route that goes to  CHEEMA PLAZA,"{'answer_start': [1110], 'text': ['SULTANA FOUNDATION, BURMA, KHANA, TRALI ADDA, 08 NO.CHUNGI, HAJI CHOWK, BILAL HOSPITAL, CHANDNI CHOWK, NATIONAL MARKET, KALI TANKI, ASGHAR MALL, T.B HOSPITAL, CHUNGI NO.4, CHEEMA ']}",Transport
647294,What are the stops on the route that goes to CHANDNI CHOWK,"{'answer_start': [1110], 'text': ['SULTANA FOUNDATION, BURMA, KHANA, TRALI ADDA, 08 NO.CHUNGI, HAJI CHOWK, BILAL HOSPITAL, CHANDNI CHOWK, NATIONAL MARKET, KALI TANKI, ASGHAR MALL, T.B HOSPITAL, CHUNGI NO.4, CHEEMA']}",Transport
647286,What are the stops on the route that goes to BURMA,"{'answer_start': [1110], 'text': ['SULTANA FOUNDATION, BURMA, KHANA, TRALI ADDA, 08 NO.CHUNGI, HAJI CHOWK, BILAL HOSPITAL, CHANDNI CHOWK, NATIONAL MARKET, KALI TANKI, ASGHAR MALL, T.B HOSPITAL, CHUNGI NO.4, CHEEMA ']}",Transport
647293,What are the stops on the route that goes to BILAL HOSPITAL,"{'answer_start': [1109], 'text': ['""SULTANA FOUNDATION, BURMA, KHANA, TRALI ADDA, 08 NO.CHUNGI, HAJI CHOWK, BILAL HOSPITAL, CHANDNI CHOWK, NATIONAL MARKET, KALI TANKI, ASGHAR MALL, T.B HOSPITAL, CHUNGI NO.4, CHEEMA ""']}",Transport
647292,What are the stops on the route that goes to BILAL HOSPITAL,"{'answer_start': [1110], 'text': ['SULTANA FOUNDATION, BURMA, KHANA, TRALI ADDA, 08 NO.CHUNGI, HAJI CHOWK, BILAL HOSPITAL, CHANDNI CHOWK, NATIONAL MARKET, KALI TANKI, ASGHAR MALL, T.B HOSPITAL, CHUNGI NO.4, CHEEMA']}",Transport
647298,What are the stops on the route that goes to ASGHAR MALL,"{'answer_start': [1110], 'text': ['SULTANA FOUNDATION, BURMA, KHANA, TRALI ADDA, 08 NO.CHUNGI, HAJI CHOWK, BILAL HOSPITAL, CHANDNI CHOWK, NATIONAL MARKET, KALI TANKI, ASGHAR MALL, T.B HOSPITAL, CHUNGI NO.4, CHEEMA ']}",Transport
647289,What are the stops on the route that goes to 08 NO.CHUNGI,"{'answer_start': [1110], 'text': ['SULTANA FOUNDATION, BURMA, KHANA, TRALI ADDA, 08 NO.CHUNGI, HAJI CHOWK, BILAL HOSPITAL, CHANDNI CHOWK, NATIONAL MARKET, KALI TANKI, ASGHAR MALL, T.B HOSPITAL, CHUNGI NO.4, CHEEMA']}",Transport
647269,vWhat is the name of the driver for the bus that goes to HAJI CHOWK,"{'answer_start': [1094], 'text': ['Sajid Ali Khan']}",Transport
647307,What is the name of the driver for the bus with vehicle number MIB-2673?,"{'answer_start': [4225], 'text': ['Sajid Ali Khan']}",Transport
647305,What is the route number for the bus with vehicle number MIB-2673?,"{'answer_start': [4203], 'text': ['Route 41']}",Transport
647306,What is the contact number for the driver of the bus with vehicle number MIB-2673?,"{'answer_start': [4212], 'text': ['0300-9137948']}",Transport
647308,What are the stops on the route for the bus with vehicle number MIB-2673?,"{'answer_start': [4241], 'text': ['SULTANA FOUNDATION, BURMA, KHANA, TRALI ADDA, 08 NO.CHUNGI, HAJI CHOWK, BILAL HOSPITAL, CHANDNI CHOWK, NATIONAL MARKET, KALI TANKI, ASGHAR MALL, T.B HOSPITAL, CHUNGI NO.4, CHEEMA PLAZA, GOLDEN CNG, KHAYABAN.SIR SYED']}",Transport
647153,What is the route number for the bus that goes to  T.B HOSPITAL,"{'answer_start': [462], 'text': ['Route 41']}",Transport
647148,What is the route number for the bus that goes to  NATIONAL MARKET,"{'answer_start': [462], 'text': ['Route 41']}",Transport
647149,What is the route number for the bus that goes to KALI TANKI,"{'answer_start': [471], 'text': ['Route 41']}",Transport
647144,What is the route number for the bus that goes to HAJI CHOWK,"{'answer_start': [471], 'text': ['Route 41']}",Transport
647154,What is the route number for the bus that goes to  CHUNGI NO.4,"{'answer_start': [471], 'text': ['Route 41']}",Transport
647147,What is the route number for the bus that goes to CHANDNI CHOWK,"{'answer_start': [471], 'text': ['Route 41']}",Transport
647146,What is the route number for the bus that goes to CHANDNI CHOWK,"{'answer_start': [471], 'text': ['Route 41']}",Transport
647145,What is the route number for the bus that goes to BILAL HOSPITAL,"{'answer_start': [471], 'text': ['Route 41']}",Transport
647152,What is the route number for the bus that goes to ASGHAR MALL,"{'answer_start': [471], 'text': ['Route 41']}",Transport
647150,What is the route number for the bus that goes to ASGHAR MALL,"{'answer_start': [471], 'text': ['Route 41']}",Transport
647143,What is the route number for the bus that goes to 08 NO.CHUNGI,"{'answer_start': [471], 'text': ['Route 41']}",Transport
647167,What is the contact number for the driver of the bus that goes to 08 NO.CHUNGI,"{'answer_start': [480], 'text': ['0300-9137948']}",Transport
647163,What is the contact number for the driver of the bus that goes to BURMA,"{'answer_start': [480], 'text': ['0300-9137948']}",Transport
647168,What is the contact number for the driver of the bus that goes to HAJI CHOWK,"{'answer_start': [480], 'text': ['0300-9137948']}",Transport
647164,What is the contact number for the driver of the bus that goes to KHANA,"{'answer_start': [480], 'text': ['0300-9137948']}",Transport
647165,What is the contact number for the driver of the bus that goes to KHANA,"{'answer_start': [480], 'text': ['0300-9137948']}",Transport
647161,What is the contact number for the driver of the bus that goes to rawalpindi,"{'answer_start': [480], 'text': ['0300-9137948']}",Transport
647162,What is the contact number for the driver of the bus that goes to sultana foundation,"{'answer_start': [480], 'text': ['0300-9137948']}",Transport
647166,What is the contact number for the driver of the bus that goes to TRALI ADDA,"{'answer_start': [480], 'text': ['0300-9137948']}",Transport
647157,What is the route number for the bus that goes to  CHEEMA PLAZA,"{'answer_start': [471], 'text': ['Route 41']}",Transport
647158,What is the route number for the bus that goes to GOLDEN CNG,"{'answer_start': [471], 'text': ['Route 41']}",Transport
647159,What is the route number for the bus that goes to  KHAYABAN.SIR SYED,"{'answer_start': [471], 'text': ['Route 41']}",Transport
647160,What is the route number for the bus that goes to  KHAYABAN.SIR SYED,"{'answer_start': [471], 'text': ['Route 41']}",Transport
647177,What is the contact number for the driver of the bus that goes to  NATIONAL MARKET,"{'answer_start': [480], 'text': ['0300-9137948']}",Transport
647184,What is the contact number for the driver of the bus that goes to  KHAYABAN.SIR SYED,"{'answer_start': [480], 'text': ['0300-9137948']}",Transport
647178,What is the contact number for the driver of the bus that goes to KALI TANKI,"{'answer_start': [480], 'text': ['0300-9137948']}",Transport
647183,What is the contact number for the driver of the bus that goes to GOLDEN CNG,"{'answer_start': [480], 'text': ['0300-9137948']}",Transport
647181,What is the contact number for the driver of the bus that goes to  CHUNGI NO.4,"{'answer_start': [480], 'text': ['0300-9137948']}",Transport
647182,What is the contact number for the driver of the bus that goes to  CHEEMA PLAZA,"{'answer_start': [480], 'text': ['0300-9137948']}",Transport
647176,What is the contact number for the driver of the bus that goes to CHANDNI CHOWK,"{'answer_start': [480], 'text': ['0300-9137948']}",Transport
647175,What is the contact number for the driver of the bus that goes to BILAL HOSPITAL,"{'answer_start': [480], 'text': ['0300-9137948']}",Transport
647180,What is the contact number for the driver of the bus that goes to ASGHAR MALL,"{'answer_start': [480], 'text': ['0300-9137948']}",Transport
647179,What is the contact number for the driver of the bus that goes to ASGHAR MALL,"{'answer_start': [480], 'text': ['0300-9137948']}",Transport
661403,What are the stops on Route 41?,"{'answer_start': [8], 'text': ['""SULTANA FOUNDATION, BURMA, KHANA, TRALI ADDA, 08 NO.CHUNGI, HAJI CHOWK, BILAL HOSPITAL, CHANDNI CHOWK, NATIONAL MARKET, KALI TANKI, ASGHAR MALL, T.B HOSPITAL, CHUNGI NO.4, CHEEMA PLAZA, GOLDEN CNG, KHAYABAN.SIR SYED""']}",Transport
664267,What is the route number for the bus that goes to SITE OFFICE,"{'answer_start': [47905], 'text': ['Route 58']}",Transport
661404,What is the vehicle number for Route 41?,"{'answer_start': [226], 'text': ['MIB-2673']}",Transport
661411,Is there any public transport from PIEAS?,"{'answer_start': [51467], 'text': ['""Yes, there are several types of public transportation available from PIEAS, including wagons, Suzuki vans, and coasters. These transportation options can be found outside of the PIEAS campus and can be used to travel to various destinations.""']}",Transport
664235,Is there any need of transportation pass?,"{'answer_start': [51177], 'text': ['""No, you don\'t need a transportation pass. Your student card is sufficient for you to use the transportation services. However, once you have availed the transportation services, your name will be registered by the transport management under a specific bus number for attendance purposes.""']}",Transport
664244,Is transport facility free?,"{'answer_start': [50833], 'text': ['""If you are a day-scholar, then you will have to pay R.s 15,000 to avail transport facility daily. For residents of hostels, the transport charges are accommodated in the semester fees (this fees is smaller because of less consumption). No one wants to go out so far daily. Usually, when students go to their homes, they avail this transport.""']}",Transport
664245,Is there any transport facility in PIEAS? ,"{'answer_start': [50472], 'text': ['""Yes, there is a transport facility. PIEAS? buses depart at 2 pm and 4 pm from PIEAS. The buses usually go to Faizabad or Islamabad city or Saddar. Their daily schedule can be checked in the morning at PIEAS reception. They also bring the students back to PIEAS at 7:30 pm (Monday to Friday during odd days only) and 8 pm (on Sunday) from Faizabad and Saddar.""']}",Transport
664279,What is the route number for the bus that goes to KHANA PULL,"{'answer_start': [47905], 'text': ['Route 58']}",Transport
664309,"What is the contact number for the driver of the bus that goes to Old airport road, Peshawar Road
","{'answer_start': [47892], 'text': ['0333-5786592']}",Transport
664289,What is the route number for the bus that goes to KORAL,"{'answer_start': [47905], 'text': ['Route 58']}",Transport
664299,"What is the route number for the bus that goes to Peshwar road
","{'answer_start': [47905], 'text': ['Route 58']}",Transport
664298,"What is the route number for the bus that goes to AIRPORT
","{'answer_start': [50355], 'text': ['Route 58']}",Transport
664297,"What is the route number for the bus that goes to AMMAR CHOWK
","{'answer_start': [50364], 'text': ['Route 58']}",Transport
664296,"What is the route number for the bus that goes to KACHEHRY
","{'answer_start': [50427], 'text': ['Route 58']}",Transport
664294,"What is the route number for the bus that goes to CHORR CHOWK
","{'answer_start': [50400], 'text': ['Route 58']}",Transport
664293,"What is the route number for the bus that goes to QASIM MARKET
","{'answer_start': [50364], 'text': ['Route 58']}",Transport
664292,"What is the route number for the bus that goes to RANGE ROAD
","{'answer_start': [50355], 'text': ['Route 58']}",Transport
664291,"What is the route number for the bus that goes to CHOWK
","{'answer_start': [50382], 'text': ['Route 58']}",Transport
664290,"What is the route number for the bus that goes to Old airport road, Peshawar Road
","{'answer_start': [50427], 'text': ['Route 58']}",Transport
664295,"What is the route number for the bus that goes to TURN PESHAWAR ROAD
","{'answer_start': [47905], 'text': ['Route 58']}",Transport
664300,"What is the route number for the bus that goes to TURN PESHAWAR ROAD
","{'answer_start': [47905], 'text': ['Route 58']}",Transport
683616,"What are the stops on the route that goes to KHANA PULL
","{'answer_start': [6303], 'text': ['""ALI PURE, TARLAI, RAWAL HOSPITAL, KHANA PULL, HIGHWAY SAWAN GARDEN, JINNAH GARDEN, MAIN ROAD, KAK PULL, T CHOWK, PAEC SOCIETY RAWAT""']}",Transport
683679,"What is the contact number for the driver of Route 43?
","{'answer_start': [6954], 'text': ['0315-5529615']}",Transport
683612,"What are the stops on the route that goes to  KAK PULL
","{'answer_start': [6303], 'text': ['""ALI PURE, TARLAI, RAWAL HOSPITAL, KHANA PULL, HIGHWAY SAWAN GARDEN, JINNAH GARDEN, MAIN ROAD, KAK PULL, T CHOWK, PAEC SOCIETY RAWAT""']}",Transport
683576,What are the stops on Route 42?,"{'answer_start': [4458], 'text': ['""ALI PURE, TARLAI, RAWAL HOSPITAL, KHANA PULL, HIGHWAY SAWAN GARDEN, JINNAH GARDEN, MAIN ROAD, KAK PULL, T CHOWK, PAEC SOCIETY RAWAT']}",Transport
683577,What is the vehicle number for Route 42?,"{'answer_start': [4592], 'text': ['GE-796']}",Transport
683578,Who is the driver for Route 42?,"{'answer_start': [4599], 'text': ['Aqeel Iftikhar']}",Transport
683579,What is the contact number for the driver of Route 42?,"{'answer_start': [4636], 'text': ['0346-5197805']}",Transport
683580,What is the route number for the bus with vehicle number GE-796?,"{'answer_start': [4627], 'text': ['Route 42']}",Transport
648101,Where does Route 41 start and end?,"{'answer_start': [263], 'text': ['It starts from sultana foundation and ends at khayaban Sir Syed']}",Transport
648104,What is the route number for the bus that goes to sultana foundation,"{'answer_start': [327], 'text': ['Route 41']}",Transport
648102,What is the route number for the bus that goes to Rawalpindi,"{'answer_start': [4203], 'text': ['Route 41']}",Transport
683582,What is the name of the driver for the bus with vehicle number GE-796?,"{'answer_start': [4599], 'text': ['Aqeel Iftikhar']}",Transport
683581,What is the contact number for the driver of the bus with vehicle number GE-796?,"{'answer_start': [4635], 'text': ['\n']}",Transport
664316,What is the contact number for the driver of the bus that goes to TURN PESHAWAR ROAD,"{'answer_start': [47892], 'text': ['0333-5786592']}",Transport
664329,What is the contact number for the driver of the bus that goes to SITE OFFICE,"{'answer_start': [47892], 'text': ['0333-5786592']}",Transport
664312,What is the contact number for the driver of the bus that goes to RANGE ROAD,"{'answer_start': [47892], 'text': ['0333-5786592']}",Transport
664313,What is the contact number for the driver of the bus that goes to QASIM MARKET,"{'answer_start': [47892], 'text': ['0333-5786592']}",Transport
664323,What is the contact number for the driver of the bus that goes to Peshwar road,"{'answer_start': [47892], 'text': ['0333-5786592']}",Transport
664327,What is the contact number for the driver of the bus that goes to KORAL,"{'answer_start': [47892], 'text': ['0333-5786592']}",Transport
664325,What is the contact number for the driver of the bus that goes to KORAL,"{'answer_start': [47892], 'text': ['0333-5786592']}",Transport
664328,What is the contact number for the driver of the bus that goes to KHANA PULL,"{'answer_start': [47892], 'text': ['0333-5786592']}",Transport
664318,What is the contact number for the driver of the bus that goes to KACHEHRY,"{'answer_start': [47914], 'text': ['0333-5786592']}",Transport
664311,What is the contact number for the driver of the bus that goes to CHOWK,"{'answer_start': [47914], 'text': ['0333-5786592']}",Transport
664315,What is the contact number for the driver of the bus that goes to CHORR CHOWK,"{'answer_start': [47892], 'text': ['0333-5786592']}",Transport
664320,What is the contact number for the driver of the bus that goes to AMMAR CHOWK,"{'answer_start': [47892], 'text': ['0333-5786592']}",Transport
664321,What is the contact number for the driver of the bus that goes to AIRPORT,"{'answer_start': [47892], 'text': ['0333-5786592']}",Transport
648100,What is the contact number for the driver of Route 41?,"{'answer_start': [480], 'text': ['0300-9137948']}",Transport
683583,What are the stops on the route for the bus with vehicle number GE-796?,"{'answer_start': [4459], 'text': ['ALI PURE, TARLAI, RAWAL HOSPITAL, KHANA PULL, HIGHWAY SAWAN GARDEN, JINNAH GARDEN, MAIN ROAD, KAK PULL, T CHOWK, PAEC SOCIETY RAWAT']}",Transport
662020,Is there any public transport from PIEAS?,"{'answer_start': [51468], 'text': ['Yes, there are several types of public transportation available from PIEAS, including wagons, Suzuki vans, and coasters. These transportation options can be found outside of the PIEAS campus and can be used to travel to various destinations.']}",Transport
683595,"What is the name of the driver for the bus that goes to  T CHOWK
","{'answer_start': [4798], 'text': ['Aqeel Iftikhar']}",Transport
683588,What is the name of the driver for the bus that goes to TARLAI,"{'answer_start': [4798], 'text': ['Aqeel Iftikhar']}",Transport
683597,"What is the name of the driver for the bus that goes to River Gardens society
","{'answer_start': [4798], 'text': ['Aqeel Iftikhar']}",Transport
683586,"What is the name of the driver for the bus that goes to rawat, rawalpindi","{'answer_start': [4798], 'text': ['Aqeel Iftikhar']}",Transport
683589,"What is the name of the driver for the bus that goes to RAWAL HOSPITAL
","{'answer_start': [4798], 'text': ['Aqeel Iftikhar']}",Transport
683596,"What is the name of the driver for the bus that goes to  PAEC SOCIETY RAWAT
","{'answer_start': [4798], 'text': ['Aqeel Iftikhar']}",Transport
683593,"What is the name of the driver for the bus that goes to MAIN ROAD
","{'answer_start': [4798], 'text': ['Aqeel Iftikhar']}",Transport
683590,"What is the name of the driver for the bus that goes to KHANA PULL
","{'answer_start': [4798], 'text': ['Aqeel Iftikhar']}",Transport
683594,"What is the name of the driver for the bus that goes to  KAK PULL
","{'answer_start': [4798], 'text': ['Aqeel Iftikhar']}",Transport
683592,"What is the name of the driver for the bus that goes to JINNAH GARDEN
","{'answer_start': [4771], 'text': ['CHOWK, PAEC SOCIETY RAWAT""\nAqeel Iftikhar']}",Transport
683591,"What is the name of the driver for the bus that goes to HIGHWAY SAWAN GARDEN
","{'answer_start': [4798], 'text': ['Aqeel Iftikhar']}",Transport
683587,What is the name of the driver for the bus that goes to ALI PURE,"{'answer_start': [4798], 'text': ['Aqeel Iftikhar']}",Transport
683599,"What is the vehicle number for the bus that goes to  T CHOWK
","{'answer_start': [6437], 'text': ['GE-796']}",Transport
683606,"What is the vehicle number for the bus that goes to TARLAI
","{'answer_start': [6437], 'text': ['GE-796']}",Transport
683609,What is the vehicle number for the bus that goes to River Gardens society,"{'answer_start': [6437], 'text': ['GE-796']}",Transport
683605,"What is the vehicle number for the bus that goes to RAWAL HOSPITAL
","{'answer_start': [6444], 'text': ['GE-796']}",Transport
683608,"What is the vehicle number for the bus that goes to rawat, rawalpindi
","{'answer_start': [6458], 'text': ['GE-796']}",Transport
683598,"What is the vehicle number for the bus that goes to  PAEC SOCIETY RAWAT
","{'answer_start': [6465], 'text': ['GE-796']}",Transport
683601,"What is the vehicle number for the bus that goes to MAIN ROAD
","{'answer_start': [6444], 'text': ['GE-796']}",Transport
683604,"What is the vehicle number for the bus that goes to KHANA PULL
","{'answer_start': [6437], 'text': ['GE-796']}",Transport
683600,"What is the vehicle number for the bus that goes to  KAK PULL
","{'answer_start': [6437], 'text': ['GE-796']}",Transport
683602,"What is the vehicle number for the bus that goes to JINNAH GARDEN
","{'answer_start': [6437], 'text': ['GE-796']}",Transport
683603,"What is the vehicle number for the bus that goes to HIGHWAY SAWAN GARDEN
","{'answer_start': [6437], 'text': ['GE-796']}",Transport
683607,"What is the vehicle number for the bus that goes to ALI PURE
","{'answer_start': [6437], 'text': ['GE-796']}",Transport
683611,"What are the stops on the route that goes to  T CHOWK
","{'answer_start': [6304], 'text': ['ALI PURE, TARLAI, RAWAL HOSPITAL, KHANA PULL, HIGHWAY SAWAN GARDEN, JINNAH GARDEN, MAIN ROAD, KAK PULL, T CHOWK, PAEC SOCIETY RAWAT']}",Transport
683620,"What are the stops on the route that goes to rawat, rawalpindi
","{'answer_start': [6303], 'text': ['""ALI PURE, TARLAI, RAWAL HOSPITAL, KHANA PULL, HIGHWAY SAWAN GARDEN, JINNAH GARDEN, MAIN ROAD, KAK PULL, T CHOWK, PAEC SOCIETY RAWAT""']}",Transport
683618,"What are the stops on the route that goes to TARLAI
","{'answer_start': [6304], 'text': ['ALI PURE, TARLAI, RAWAL HOSPITAL, KHANA PULL, HIGHWAY SAWAN GARDEN, JINNAH GARDEN, MAIN ROAD, KAK PULL, T CHOWK, PAEC SOCIETY RAWAT""']}",Transport
683621,"What are the stops on the route that goes to river gardens society
","{'answer_start': [6303], 'text': ['""ALI PURE, TARLAI, RAWAL HOSPITAL, KHANA PULL, HIGHWAY SAWAN GARDEN, JINNAH GARDEN, MAIN ROAD, KAK PULL, T CHOWK, PAEC SOCIETY RAWAT""']}",Transport
683617,"What are the stops on the route that goes to RAWAL HOSPITAL
","{'answer_start': [6303], 'text': ['""ALI PURE, TARLAI, RAWAL HOSPITAL, KHANA PULL, HIGHWAY SAWAN GARDEN, JINNAH GARDEN, MAIN ROAD, KAK PULL, T CHOWK, PAEC SOCIETY RAWAT""']}",Transport
683610,"What are the stops on the route that goes to  PAEC SOCIETY RAWAT
","{'answer_start': [6303], 'text': ['""ALI PURE, TARLAI, RAWAL HOSPITAL, KHANA PULL, HIGHWAY SAWAN GARDEN, JINNAH GARDEN, MAIN ROAD, KAK PULL, T CHOWK, PAEC SOCIETY RAWAT""']}",Transport
683613,"What are the stops on the route that goes to MAIN ROAD
","{'answer_start': [6303], 'text': ['""ALI PURE, TARLAI, RAWAL HOSPITAL, KHANA PULL, HIGHWAY SAWAN GARDEN, JINNAH GARDEN, MAIN ROAD, KAK PULL, T CHOWK, PAEC SOCIETY RAWAT""']}",Transport
683719,"What is the route number for the bus that goes to SHAH KAHLID
","{'answer_start': [9923], 'text': ['Route 43']}",Transport
683734,"What is the vehicle number for the bus that goes to KHANA PUL
","{'answer_start': [9747], 'text': ['GJ-793']}",Transport
683614,"What are the stops on the route that goes to JINNAH GARDEN
","{'answer_start': [6303], 'text': ['""ALI PURE, TARLAI, RAWAL HOSPITAL, KHANA PULL, HIGHWAY SAWAN GARDEN, JINNAH GARDEN, MAIN ROAD, KAK PULL, T CHOWK, PAEC SOCIETY RAWAT""']}",Transport
683615,"What are the stops on the route that goes to HIGHWAY SAWAN GARDEN
","{'answer_start': [6303], 'text': ['""ALI PURE, TARLAI, RAWAL HOSPITAL, KHANA PULL, HIGHWAY SAWAN GARDEN, JINNAH GARDEN, MAIN ROAD, KAK PULL, T CHOWK, PAEC SOCIETY RAWAT""']}",Transport
683619,"What are the stops on the route that goes to ALI PURE
","{'answer_start': [6303], 'text': ['""ALI PURE, TARLAI, RAWAL HOSPITAL, KHANA PULL, HIGHWAY SAWAN GARDEN, JINNAH GARDEN, MAIN ROAD, KAK PULL, T CHOWK, PAEC SOCIETY RAWAT""']}",Transport
683623,"What is the route number for the bus that goes to  T CHOWK
","{'answer_start': [6657], 'text': ['Route 42']}",Transport
683645,"What is the route number for the bus that goes to TARLAI
","{'answer_start': [6657], 'text': ['Route 42']}",Transport
683631,"What is the route number for the bus that goes to TARLAI
","{'answer_start': [6657], 'text': ['Route 42']}",Transport
683634,"What is the route number for the bus that goes to River Gardens society
","{'answer_start': [6657], 'text': ['Route 42']}",Transport
683630,"What is the route number for the bus that goes to RAWAL HOSPITAL
","{'answer_start': [6657], 'text': ['Route 42']}",Transport
683633,"What is the route number for the bus that goes to rawat, rawalpindi
","{'answer_start': [6675], 'text': ['Route 42']}",Transport
683622,"What is the route number for the bus that goes to  PAEC SOCIETY RAWAT
","{'answer_start': [6666], 'text': ['Route 42']}",Transport
683626,"What is the route number for the bus that goes to MAIN ROAD
","{'answer_start': [6657], 'text': ['Route 42']}",Transport
683629,"What is the route number for the bus that goes to KHANA PULL
","{'answer_start': [6657], 'text': ['Route 42']}",Transport
683625,"What is the route number for the bus that goes to  KAK PULL
","{'answer_start': [6657], 'text': ['Route 42']}",Transport
683624,"What is the route number for the bus that goes to  KAK PULL
","{'answer_start': [6657], 'text': ['Route 42']}",Transport
683627,"What is the route number for the bus that goes to JINNAH GARDEN
","{'answer_start': [6657], 'text': ['Route 42']}",Transport
683628,"What is the route number for the bus that goes to HIGHWAY SAWAN GARDEN
","{'answer_start': [6657], 'text': ['Route 42']}",Transport
683632,"What is the route number for the bus that goes to ALI PURE
","{'answer_start': [6657], 'text': ['Route 42']}",Transport
683636,"What is the contact number for the driver of the bus that goes to  T CHOWK
","{'answer_start': [6605], 'text': ['0346-5197805']}",Transport
683643,"What is the contact number for the driver of the bus that goes to TARLAI
","{'answer_start': [6592], 'text': ['0346-5197805']}",Transport
683647,What is the contact number for the driver of the bus that goes to River Gardens society,"{'answer_start': [6592], 'text': ['0346-5197805']}",Transport
683642,"What is the contact number for the driver of the bus that goes to RAWAL HOSPITAL
","{'answer_start': [6566], 'text': ['0346-5197805']}",Transport
683635,"What is the contact number for the driver of the bus that goes to  PAEC SOCIETY RAWAT
","{'answer_start': [6579], 'text': ['0346-5197805']}",Transport
683638,"What is the contact number for the driver of the bus that goes to MAIN ROAD
","{'answer_start': [6579], 'text': ['0346-5197805']}",Transport
683641,"What is the contact number for the driver of the bus that goes to KHANA PULL
","{'answer_start': [6579], 'text': ['0346-5197805']}",Transport
683637,"What is the contact number for the driver of the bus that goes to  KAK PULL
","{'answer_start': [6579], 'text': ['0346-5197805']}",Transport
683639,"What is the contact number for the driver of the bus that goes to JINNAH GARDEN
","{'answer_start': [6579], 'text': ['0346-5197805']}",Transport
683640,"What is the contact number for the driver of the bus that goes to HIGHWAY SAWAN GARDEN
","{'answer_start': [6579], 'text': ['0346-5197805']}",Transport
683646,"What is the contact number for the driver of the bus that goes to ALI PURE
","{'answer_start': [6566], 'text': ['0346-5197805']}",Transport
683681,"What is the vehicle number for Route 43?
","{'answer_start': [6935], 'text': ['GJ-793']}",Transport
683678,"What is the route number for the bus with vehicle number GJ-793?
","{'answer_start': [6757], 'text': ['KHANA PUL, GULZAR-E-QUAID, SHAH KAHLID, OLD AIRPORT, JINNAH PARK, CMH, HARLEY STREET, BAKRA MANDI, KALMA CHOWK, DHAMIAL ROAD GHULSHAN IQBAL, CHAKRI ROAD, PIR MEHR ALI SHAH STOP']}",Transport
683675,"What is the name of the driver for the bus with vehicle number GJ-793?
","{'answer_start': [7180], 'text': ['Yasir Irfan']}",Transport
683670,"What is the name of the driver for the bus that goes to SHAH KAHLID
","{'answer_start': [7180], 'text': ['Yasir Irfan']}",Transport
683658,"What is the name of the driver for the bus that goes to PIR MEHR ALI SHAH STOP
","{'answer_start': [7180], 'text': ['Yasir Irfan']}",Transport
683668,"What is the name of the driver for the bus that goes to OLD AIRPORT
","{'answer_start': [7180], 'text': ['Yasir Irfan']}",Transport
683672,"What is the name of the driver for the bus that goes to KHANA PUL
","{'answer_start': [7180], 'text': ['Yasir Irfan']}",Transport
683662,"What is the name of the driver for the bus that goes to  KALMA CHOWK
","{'answer_start': [7192], 'text': ['Yasir Irfan']}",Transport
683667,"What is the name of the driver for the bus that goes to JINNAH PARK
","{'answer_start': [7204], 'text': ['Yasir Irfan']}",Transport
683664,"What is the name of the driver for the bus that goes to HARLEY STREET
","{'answer_start': [7204], 'text': ['Yasir Irfan']}",Transport
683671,"What is the name of the driver for the bus that goes to GULZAR-E-QUAID
","{'answer_start': [7192], 'text': ['Yasir Irfan']}",Transport
683661,"What is the name of the driver for the bus that goes to DHAMIAL ROAD GHULSHAN IQBAL
","{'answer_start': [7216], 'text': ['Yasir Irfan']}",Transport
683666,"What is the name of the driver for the bus that goes to CMH
","{'answer_start': [7216], 'text': ['Yasir Irfan']}",Transport
683673,"What is the name of the driver for the bus that goes to Chakri road, Rawalpindi
","{'answer_start': [7216], 'text': ['Yasir Irfan']}",Transport
683663,"What is the name of the driver for the bus that goes to  BAKRA MANDI
","{'answer_start': [7252], 'text': ['Yasir Irfan']}",Transport
683659,"What is the name of the driver for the bus that goes to CHAKRI ROAD
","{'answer_start': [7252], 'text': ['Yasir Irfan']}",Transport
683676,"What is the contact number for the driver of the bus with vehicle number GJ-793?
","{'answer_start': [6976], 'text': ['0315-5529615']}",Transport
683684,"What is the contact number for the driver of the bus that goes to ALI PURE
","{'answer_start': [60592], 'text': ['0346-5197805']}",Transport
683682,"What are the stops on Route 43?
","{'answer_start': [6757], 'text': ['KHANA PUL, GULZAR-E-QUAID, SHAH KAHLID, OLD AIRPORT, JINNAH PARK, CMH, HARLEY STREET, BAKRA MANDI, KALMA CHOWK, DHAMIAL ROAD GHULSHAN IQBAL, CHAKRI ROAD, PIR MEHR ALI SHAH STOP']}",Transport
662019,Is there any public transport from PIEAS?,"{'answer_start': [51467], 'text': ['""Yes, there are several types of public transportation available from PIEAS, including wagons, Suzuki vans, and coasters. These transportation options can be found outside of the PIEAS campus and can be used to travel to various destinations.""']}",Transport
683713,"What are the stops on the route that goes to  BAKRA MANDI
","{'answer_start': [9485], 'text': ['KHANA PUL, GULZAR-E-QUAID, SHAH KAHLID, OLD AIRPORT, JINNAH PARK, CMH, HARLEY STREET, BAKRA MANDI, KALMA CHOWK, DHAMIAL ROAD GHULSHAN IQBAL, CHAKRI ROAD, PIR MEHR ALI SHAH STOP']}",Transport
683710,"What are the stops on the route that goes to CHAKRI ROAD
","{'answer_start': [9485], 'text': ['KHANA PUL, GULZAR-E-QUAID, SHAH KAHLID, OLD AIRPORT, JINNAH PARK, CMH, HARLEY STREET, BAKRA MANDI, KALMA CHOWK, DHAMIAL ROAD GHULSHAN IQBAL, CHAKRI ROAD, PIR MEHR ALI SHAH STOP""']}",Transport
683695,"What are the stops on the route that goes to Chakri road, Rawalpindi
","{'answer_start': [9485], 'text': ['KHANA PUL, GULZAR-E-QUAID, SHAH KAHLID, OLD AIRPORT, JINNAH PARK, CMH, HARLEY STREET, BAKRA MANDI, KALMA CHOWK, DHAMIAL ROAD GHULSHAN IQBAL, CHAKRI ROAD, PIR MEHR ALI SHAH STOP""']}",Transport
683715,"What are the stops on the route that goes to CMH
","{'answer_start': [9485], 'text': ['KHANA PUL, GULZAR-E-QUAID, SHAH KAHLID, OLD AIRPORT, JINNAH PARK, CMH, HARLEY STREET, BAKRA MANDI, KALMA CHOWK, DHAMIAL ROAD GHULSHAN IQBAL, CHAKRI ROAD, PIR MEHR ALI SHAH STOP']}",Transport
683711,"What are the stops on the route that goes to DHAMIAL ROAD GHULSHAN IQBAL
","{'answer_start': [9485], 'text': ['KHANA PUL, GULZAR-E-QUAID, SHAH KAHLID, OLD AIRPORT, JINNAH PARK, CMH, HARLEY STREET, BAKRA MANDI, KALMA CHOWK, DHAMIAL ROAD GHULSHAN IQBAL, CHAKRI ROAD, PIR MEHR ALI SHAH STOP""']}",Transport
683693,"What are the stops on the route that goes to GULZAR-E-QUAID
","{'answer_start': [9485], 'text': ['KHANA PUL, GULZAR-E-QUAID, SHAH KAHLID, OLD AIRPORT, JINNAH PARK, CMH, HARLEY STREET, BAKRA MANDI, KALMA CHOWK, DHAMIAL ROAD GHULSHAN IQBAL, CHAKRI ROAD, PIR MEHR ALI SHAH STOP""']}",Transport
683714,"What are the stops on the route that goes to HARLEY STREET
","{'answer_start': [9485], 'text': ['KHANA PUL, GULZAR-E-QUAID, SHAH KAHLID, OLD AIRPORT, JINNAH PARK, CMH, HARLEY STREET, BAKRA MANDI, KALMA CHOWK, DHAMIAL ROAD GHULSHAN IQBAL, CHAKRI ROAD, PIR MEHR ALI SHAH STOP""']}",Transport
683689,"What are the stops on the route that goes to JINNAH PARK
","{'answer_start': [9485], 'text': ['KHANA PUL, GULZAR-E-QUAID, SHAH KAHLID, OLD AIRPORT, JINNAH PARK, CMH, HARLEY STREET, BAKRA MANDI, KALMA CHOWK, DHAMIAL ROAD GHULSHAN IQBAL, CHAKRI ROAD, PIR MEHR ALI SHAH STOP""']}",Transport
683712,"What are the stops on the route that goes to  KALMA CHOWK
","{'answer_start': [9485], 'text': ['KHANA PUL, GULZAR-E-QUAID, SHAH KAHLID, OLD AIRPORT, JINNAH PARK, CMH, HARLEY STREET, BAKRA MANDI, KALMA CHOWK, DHAMIAL ROAD GHULSHAN IQBAL, CHAKRI ROAD, PIR MEHR ALI SHAH STOP""']}",Transport
683724,"What is the contact number for the driver of the bus that goes to CHAKRI ROAD
","{'answer_start': [9910], 'text': ['0315-5529615']}",Transport
683694,"What are the stops on the route that goes to KHANA PUL
","{'answer_start': [9485], 'text': ['KHANA PUL, GULZAR-E-QUAID, SHAH KAHLID, OLD AIRPORT, JINNAH PARK, CMH, HARLEY STREET, BAKRA MANDI, KALMA CHOWK, DHAMIAL ROAD GHULSHAN IQBAL, CHAKRI ROAD, PIR MEHR ALI SHAH STOP""']}",Transport
683690,"What are the stops on the route that goes to OLD AIRPORT
","{'answer_start': [9485], 'text': ['KHANA PUL, GULZAR-E-QUAID, SHAH KAHLID, OLD AIRPORT, JINNAH PARK, CMH, HARLEY STREET, BAKRA MANDI, KALMA CHOWK, DHAMIAL ROAD GHULSHAN IQBAL, CHAKRI ROAD, PIR MEHR ALI SHAH STOP']}",Transport
683709,"What are the stops on the route that goes to PIR MEHR ALI SHAH STOP
","{'answer_start': [9485], 'text': ['KHANA PUL, GULZAR-E-QUAID, SHAH KAHLID, OLD AIRPORT, JINNAH PARK, CMH, HARLEY STREET, BAKRA MANDI, KALMA CHOWK, DHAMIAL ROAD GHULSHAN IQBAL, CHAKRI ROAD, PIR MEHR ALI SHAH STOP""']}",Transport
683692,"What are the stops on the route that goes to SHAH KAHLID
","{'answer_start': [9484], 'text': ['""KHANA PUL, GULZAR-E-QUAID, SHAH KAHLID, OLD AIRPORT, JINNAH PARK, CMH, HARLEY STREET, BAKRA MANDI, KALMA CHOWK, DHAMIAL ROAD GHULSHAN IQBAL, CHAKRI ROAD, PIR MEHR ALI SHAH STOP""']}",Transport
683729,"What is the contact number for the driver of the bus that goes to CMH
","{'answer_start': [9910], 'text': ['0315-5529615']}",Transport
683725,"What is the contact number for the driver of the bus that goes to DHAMIAL ROAD GHULSHAN IQBAL
","{'answer_start': [9910], 'text': ['0315-5529615']}",Transport
683733,"What is the contact number for the driver of the bus that goes to GULZAR-E-QUAID
","{'answer_start': [9910], 'text': ['0315-5529615']}",Transport
683683,"What is the route number for the bus that goes to TARLAI
","{'answer_start': [4627], 'text': ['Route 42']}",Transport
683700,"What is the vehicle number for the bus that goes to  BAKRA MANDI
","{'answer_start': [9663], 'text': ['GJ-793']}",Transport
683697,"What is the vehicle number for the bus that goes to CHAKRI ROAD
","{'answer_start': [9670], 'text': ['GJ-793']}",Transport
683708,"What is the vehicle number for the bus that goes to Chakri road, Rawalpindi
","{'answer_start': [9684], 'text': ['GJ-793']}",Transport
683702,"What is the vehicle number for the bus that goes to CMH
","{'answer_start': [9670], 'text': ['GJ-793']}",Transport
683698,"What is the vehicle number for the bus that goes to DHAMIAL ROAD GHULSHAN IQBAL
","{'answer_start': [9670], 'text': ['GJ-793']}",Transport
683706,"What is the vehicle number for the bus that goes to GULZAR-E-QUAID
","{'answer_start': [9677], 'text': ['GJ-793']}",Transport
683701,"What is the vehicle number for the bus that goes to HARLEY STREET
","{'answer_start': [9677], 'text': ['GJ-793']}",Transport
683703,"What is the vehicle number for the bus that goes to JINNAH PARK
","{'answer_start': [9677], 'text': ['GJ-793']}",Transport
683699,"What is the vehicle number for the bus that goes to  KALMA CHOWK
","{'answer_start': [9677], 'text': ['GJ-793']}",Transport
683707,"What is the vehicle number for the bus that goes to KHANA PUL
","{'answer_start': [9684], 'text': ['GJ-793']}",Transport
683704,"What is the vehicle number for the bus that goes to OLD AIRPORT
","{'answer_start': [9691], 'text': ['GJ-793']}",Transport
683696,"What is the vehicle number for the bus that goes to PIR MEHR ALI SHAH STOP
","{'answer_start': [9698], 'text': ['GJ-793']}",Transport
683705,"What is the vehicle number for the bus that goes to SHAH KAHLID
","{'answer_start': [96804], 'text': ['GJ-793']}",Transport
683680,"Who is the driver for Route 43?
","{'answer_start': [6989], 'text': ['Yasir Irfan']}",Transport
683727,"What is the contact number for the driver of the bus that goes to  BAKRA MANDI
","{'answer_start': [9910], 'text': ['0315-5529615']}",Transport
683728,"What is the contact number for the driver of the bus that goes to HARLEY STREET
","{'answer_start': [9910], 'text': ['0315-5529615']}",Transport
683730,"What is the contact number for the driver of the bus that goes to JINNAH PARK
","{'answer_start': [9910], 'text': ['0315-5529615']}",Transport
683723,"What is the contact number for the driver of the bus that goes to PIR MEHR ALI SHAH STOP
","{'answer_start': [9910], 'text': ['0315-5529615']}",Transport
683732,"What is the contact number for the driver of the bus that goes to SHAH KAHLID
","{'answer_start': [9910], 'text': ['0315-5529615']}",Transport
683722,"What is the route number for the bus that goes to Chakri road, Rawalpindi
","{'answer_start': [9923], 'text': ['Route 43']}",Transport
683720,"What is the route number for the bus that goes to GULZAR-E-QUAID
","{'answer_start': [9941], 'text': ['Route 43']}",Transport
683717,"What is the route number for the bus that goes to JINNAH PARK
","{'answer_start': [90959], 'text': ['Route 43']}",Transport
683721,"What is the route number for the bus that goes to KHANA PUL
","{'answer_start': [9950], 'text': ['Route 43']}",Transport
683718,"What is the route number for the bus that goes to OLD AIRPORT
","{'answer_start': [9923], 'text': ['Route 43']}",Transport
683731,"What is the vehicle number for the bus that goes to OLD AIRPORT
","{'answer_start': [9747], 'text': ['GJ-793']}",Transport
683739,"What is the route number for the bus that goes to PIR MEHR ALI SHAH STOP
","{'answer_start': [10031], 'text': ['Route 43']}",Transport
683743,"What is the route number for the bus that goes to  KALMA CHOWK
","{'answer_start': [10013], 'text': ['Route 43']}",Transport
683745,"What is the route number for the bus that goes to HARLEY STREET
","{'answer_start': [10004], 'text': ['Route 43']}",Transport
683742,"What is the route number for the bus that goes to DHAMIAL ROAD GHULSHAN IQBAL
","{'answer_start': [9995], 'text': ['Route 43']}",Transport
683746,"What is the route number for the bus that goes to CMH
","{'answer_start': [10013], 'text': ['Route 43']}",Transport
683741,"What is the route number for the bus that goes to CHAKRI ROAD
","{'answer_start': [10022], 'text': ['Route 43']}",Transport
683744,"What is the route number for the bus that goes to  BAKRA MANDI
","{'answer_start': [10031], 'text': ['Route 43']}",Transport
683726,"What is the contact number for the driver of the bus that goes to  KALMA CHOWK
","{'answer_start': [9793], 'text': ['0315-5529615']}",Transport
683810,"What is the contact number for the driver of the bus that goes to HARLEY STREET
","{'answer_start': [11267], 'text': ['0300-6060388']}",Transport
6083759,"What is the vehicle number for the bus that goes to BARAF KHANA
","{'answer_start': [11186], 'text': ['GA-951']}",Transport
683761,"What is the vehicle number for the bus that goes to BAKRA MANDI
","{'answer_start': [11186], 'text': ['GA-951']}",Transport
683779,"What is the vehicle number for Route 44?
","{'answer_start': [11193], 'text': ['GA-951']}",Transport
683782,"What is the route number for the bus with vehicle number GA-951?
","{'answer_start': [10198], 'text': ['Route 44']}",Transport
683784,"What is the name of the driver for the bus with vehicle number GA-951?
","{'answer_start': [10171], 'text': ['Syed Ali Raza']}",Transport
683776,"What is the name of the driver for the bus that goes to Misrial Road, Rawalpindi
","{'answer_start': [10428], 'text': ['Syed Ali Raza']}",Transport
683771,"What is the name of the driver for the bus that goes to MISRIAL CHOWK
","{'answer_start': [10414], 'text': ['Syed Ali Raza']}",Transport
683775,"What is the name of the driver for the bus that goes to HARLEY STREET
","{'answer_start': [10414], 'text': ['Syed Ali Raza']}",Transport
683773,"What is the name of the driver for the bus that goes to DHOEK SYEDAN
","{'answer_start': [10400], 'text': ['Syed Ali Raza']}",Transport
683772,"What is the name of the driver for the bus that goes to BARAF KHANA
","{'answer_start': [10428], 'text': ['Syed Ali Raza']}",Transport
683774,"What is the name of the driver for the bus that goes to BAKRA MANDI
","{'answer_start': [10414], 'text': ['Syed Ali Raza']}",Transport
683783,"What is the contact number for the driver of the bus with vehicle number GA-951?
","{'answer_start': [10207], 'text': ['0300-6060388']}",Transport
683781,"What is the contact number for the driver of Route 44?
","{'answer_start': [10207], 'text': ['0300-6060388']}",Transport
683770,"What are the stops on the route that goes to Misrial Road, Rawalpindi
","{'answer_start': [10234], 'text': ['""HARLEY STREET, BAKRA MANDI, DHOEK SYEDAN, BARAF KHANA, MISRIAL CHOWK- & MORNING:-MISRIAL CHOWK, BARAF KHANA, DHOKE SYEDAN""']}",Transport
683764,"What are the stops on the route that goes to MISRIAL CHOWK
","{'answer_start': [10234], 'text': ['""HARLEY STREET, BAKRA MANDI, DHOEK SYEDAN, BARAF KHANA, MISRIAL CHOWK- & MORNING:-MISRIAL CHOWK, BARAF KHANA, DHOKE SYEDAN""']}",Transport
683769,"What are the stops on the route that goes to HARLEY STREET
","{'answer_start': [10234], 'text': ['""HARLEY STREET, BAKRA MANDI, DHOEK SYEDAN, BARAF KHANA, MISRIAL CHOWK- & MORNING:-MISRIAL CHOWK, BARAF KHANA, DHOKE SYEDAN""']}",Transport
683766,"What are the stops on the route that goes to DHOEK SYEDAN
","{'answer_start': [10234], 'text': ['""HARLEY STREET, BAKRA MANDI, DHOEK SYEDAN, BARAF KHANA, MISRIAL CHOWK- & MORNING:-MISRIAL CHOWK, BARAF KHANA, DHOKE SYEDAN""']}",Transport
683765,"What are the stops on the route that goes to BARAF KHANA
","{'answer_start': [10234], 'text': ['""HARLEY STREET, BAKRA MANDI, DHOEK SYEDAN, BARAF KHANA, MISRIAL CHOWK- & MORNING:-MISRIAL CHOWK, BARAF KHANA, DHOKE SYEDAN""']}",Transport
683767,"What are the stops on the route that goes to BAKRA MANDI
","{'answer_start': [10234], 'text': ['""HARLEY STREET, BAKRA MANDI, DHOEK SYEDAN, BARAF KHANA, MISRIAL CHOWK- & MORNING:-MISRIAL CHOWK, BARAF KHANA, DHOKE SYEDAN""']}",Transport
683777,"What are the stops on the route for the bus with vehicle number GA-951?
","{'answer_start': [10234], 'text': ['""HARLEY STREET, BAKRA MANDI, DHOEK SYEDAN, BARAF KHANA, MISRIAL CHOWK- & MORNING:-MISRIAL CHOWK, BARAF KHANA, DHOKE SYEDAN""']}",Transport
683778,"What are the stops on Route 44?
","{'answer_start': [10234], 'text': ['""HARLEY STREET, BAKRA MANDI, DHOEK SYEDAN, BARAF KHANA, MISRIAL CHOWK- & MORNING:-MISRIAL CHOWK, BARAF KHANA, DHOKE SYEDAN""']}",Transport
683760,"What is the vehicle number for the bus that goes to DHOEK SYEDAN
","{'answer_start': [10164], 'text': ['GA-951']}",Transport
683762,"What is the vehicle number for the bus that goes to HARLEY STREET
","{'answer_start': [11193], 'text': ['GA-951']}",Transport
683763,"What is the vehicle number for the bus that goes to Misrial Road, Rawalpindi
","{'answer_start': [101207], 'text': ['GA-951']}",Transport
683780,"Who is the driver for Route 44?
","{'answer_start': [10428], 'text': ['Syed Ali Raza']}",Transport
683786,"What is the name of the driver for the bus that goes to ARSLAN TOWN
","{'answer_start': [11862], 'text': ['Masood Iqbal']}",Transport
683792,"What is the contact number for the driver of the bus with vehicle number GA-951?
","{'answer_start': [11280], 'text': ['0300-6060388']}",Transport
683809,"What is the contact number for the driver of the bus that goes to Misrial Road, Rawalpindi
","{'answer_start': [11267], 'text': ['0300-6060388']}",Transport
683804,"What is the contact number for the driver of the bus that goes to MISRIAL CHOWK
","{'answer_start': [11254], 'text': ['0300-6060388']}",Transport
683806,"What is the contact number for the driver of the bus that goes to DHOEK SYEDAN
","{'answer_start': [11254], 'text': ['0300-6060388']}",Transport
683805,"What is the contact number for the driver of the bus that goes to BARAF KHANA
","{'answer_start': [11293], 'text': ['0300-6060388']}",Transport
683807,"What is the contact number for the driver of the bus that goes to BAKRA MANDI
","{'answer_start': [112504], 'text': ['0300-6060388']}",Transport
683794,"What is the contact number for the driver of Route 44?
","{'answer_start': [11280], 'text': ['0300-6060388']}",Transport
683790,"What are the stops on the route for the bus with vehicle number GA-951?
","{'answer_start': [11062], 'text': ['""HARLEY STREET, BAKRA MANDI, DHOEK SYEDAN, BARAF KHANA, MISRIAL CHOWK- & MORNING:-MISRIAL CHOWK, BARAF KHANA, DHOKE SYEDAN""']}",Transport
683797,"What are the stops on Route 44?
","{'answer_start': [110602], 'text': ['""HARLEY STREET, BAKRA MANDI, DHOEK SYEDAN, BARAF KHANA, MISRIAL CHOWK- & MORNING:-MISRIAL CHOWK, BARAF KHANA, DHOKE SYEDAN""']}",Transport
683785,"What is the name of the driver for the bus that goes to KHANA PULL
","{'answer_start': [11584], 'text': ['Masood Iqbal']}",Transport
683789,"What is the name of the driver for the bus that goes to Sadiqabad Rawalpindi
","{'answer_start': [11584], 'text': ['Masood Iqbal']}",Transport
683787,"What is the name of the driver for the bus that goes to SHAHEEN TOWN
","{'answer_start': [11862], 'text': ['Masood Iqbal']}",Transport
683788,"What is the name of the driver for the bus that goes to THANDA PANI
","{'answer_start': [11862], 'text': ['Masood Iqbal']}",Transport
6083791,"What is the name of the driver for the bus with vehicle number GA-951?
","{'answer_start': [10171], 'text': ['Syed Ali Raza']}",Transport
683801,"What is the route number for the bus that goes to BAKRA MANDI
","{'answer_start': [11315], 'text': ['Route 44']}",Transport
683799,"What is the route number for the bus that goes to BARAF KHANA
","{'answer_start': [11333], 'text': ['Route 44']}",Transport
683800,"What is the route number for the bus that goes to DHOEK SYEDAN
","{'answer_start': [11306], 'text': ['Route 44']}",Transport
683802,"What is the route number for the bus that goes to HARLEY STREET
","{'answer_start': [11306], 'text': ['Route 44']}",Transport
683798,"What is the route number for the bus that goes to MISRIAL CHOWK
","{'answer_start': [11306], 'text': ['Route 44']}",Transport
683803,"What is the route number for the bus that goes to Misrial Road, Rawalpindi
","{'answer_start': [11315], 'text': ['Route 44']}",Transport
683793,"What is the route number for the bus with vehicle number GA-951?
","{'answer_start': [11306], 'text': ['Route 44']}",Transport
6837960,"What is the vehicle number for Route 44?
","{'answer_start': [11221], 'text': ['GA-951']}",Transport
683795,"Who is the driver for Route 44?
","{'answer_start': [10428], 'text': ['Syed Ali Raza']}",Transport
684155,"What is the route number for the bus that goes to HIGHWAY
","{'answer_start': [16112], 'text': ['Route 45']}",Transport
684152,"What is the route number for the bus that goes to HAROON CHOWK
","{'answer_start': [16112], 'text': ['Route 45']}",Transport
684151,"What is the route number for the bus that goes to DHOKE ALI AKBER
","{'answer_start': [16112], 'text': ['Route 45']}",Transport
684065,"What is the name of the driver for the bus that goes to MUZAMIL TOWN
","{'answer_start': [12070], 'text': ['Masood Iqbal']}",Transport
684040,"What are the stops on the route that goes to IRAN ROAD
","{'answer_start': [12083], 'text': ['""THANDA PANI, SHAHEEN TOWN, ARSLAN TOWN,KHANA PULL, HIGHWAY, KURRI ROAD, HAROON CHOWK, DHOKE ALI AKBER, MUZAMIL TOWN, TRANSFORMER CHOWK, SADIQABAD CHOWK, IRAN ROAD,REHMANABAD, 6TH ROAD, HAIDERY CHOWK, SAIDPURE ROAD.""']}",Transport
684048,"What are the stops on the route that goes to HIGHWAY
","{'answer_start': [12083], 'text': ['""THANDA PANI, SHAHEEN TOWN, ARSLAN TOWN,KHANA PULL, HIGHWAY, KURRI ROAD, HAROON CHOWK, DHOKE ALI AKBER, MUZAMIL TOWN, TRANSFORMER CHOWK, SADIQABAD CHOWK, IRAN ROAD,REHMANABAD, 6TH ROAD, HAIDERY CHOWK, SAIDPURE ROAD.""']}",Transport
684154,"What is the route number for the bus that goes to KURRI ROAD
","{'answer_start': [16112], 'text': ['Route 45']}",Transport
684046,"What are the stops on the route that goes to HAROON CHOWK
","{'answer_start': [12083], 'text': ['""THANDA PANI, SHAHEEN TOWN, ARSLAN TOWN,KHANA PULL, HIGHWAY, KURRI ROAD, HAROON CHOWK, DHOKE ALI AKBER, MUZAMIL TOWN, TRANSFORMER CHOWK, SADIQABAD CHOWK, IRAN ROAD,REHMANABAD, 6TH ROAD, HAIDERY CHOWK, SAIDPURE ROAD.""']}",Transport
684045,"What are the stops on the route that goes to DHOKE ALI AKBER
","{'answer_start': [12083], 'text': ['""THANDA PANI, SHAHEEN TOWN, ARSLAN TOWN,KHANA PULL, HIGHWAY, KURRI ROAD, HAROON CHOWK, DHOKE ALI AKBER, MUZAMIL TOWN, TRANSFORMER CHOWK, SADIQABAD CHOWK, IRAN ROAD,REHMANABAD, 6TH ROAD, HAIDERY CHOWK, SAIDPURE ROAD.""']}",Transport
684050,"What are the stops on the route that goes to ARSLAN TOWN
","{'answer_start': [12083], 'text': ['""THANDA PANI, SHAHEEN TOWN, ARSLAN TOWN,KHANA PULL, HIGHWAY, KURRI ROAD, HAROON CHOWK, DHOKE ALI AKBER, MUZAMIL TOWN, TRANSFORMER CHOWK, SADIQABAD CHOWK, IRAN ROAD,REHMANABAD, 6TH ROAD, HAIDERY CHOWK, SAIDPURE ROAD.""']}",Transport
684049,"What are the stops on the route that goes to KHANA PULL
","{'answer_start': [12083], 'text': ['""THANDA PANI, SHAHEEN TOWN, ARSLAN TOWN,KHANA PULL, HIGHWAY, KURRI ROAD, HAROON CHOWK, DHOKE ALI AKBER, MUZAMIL TOWN, TRANSFORMER CHOWK, SADIQABAD CHOWK, IRAN ROAD,REHMANABAD, 6TH ROAD, HAIDERY CHOWK, SAIDPURE ROAD.""']}",Transport
684047,"What are the stops on the route that goes to KURRI ROAD
","{'answer_start': [12083], 'text': ['""THANDA PANI, SHAHEEN TOWN, ARSLAN TOWN,KHANA PULL, HIGHWAY, KURRI ROAD, HAROON CHOWK, DHOKE ALI AKBER, MUZAMIL TOWN, TRANSFORMER CHOWK, SADIQABAD CHOWK, IRAN ROAD,REHMANABAD, 6TH ROAD, HAIDERY CHOWK, SAIDPURE ROAD.""']}",Transport
684044,"What are the stops on the route that goes to MUZAMIL TOWN
","{'answer_start': [12083], 'text': ['""THANDA PANI, SHAHEEN TOWN, ARSLAN TOWN,KHANA PULL, HIGHWAY, KURRI ROAD, HAROON CHOWK, DHOKE ALI AKBER, MUZAMIL TOWN, TRANSFORMER CHOWK, SADIQABAD CHOWK, IRAN ROAD,REHMANABAD, 6TH ROAD, HAIDERY CHOWK, SAIDPURE ROAD.""']}",Transport
684042,"What are the stops on the route that goes to SADIQABAD CHOWK
","{'answer_start': [12083], 'text': ['""THANDA PANI, SHAHEEN TOWN, ARSLAN TOWN,KHANA PULL, HIGHWAY, KURRI ROAD, HAROON CHOWK, DHOKE ALI AKBER, MUZAMIL TOWN, TRANSFORMER CHOWK, SADIQABAD CHOWK, IRAN ROAD,REHMANABAD, 6TH ROAD, HAIDERY CHOWK, SAIDPURE ROAD.""']}",Transport
684053,"What are the stops on the route that goes to Sadiqabad Rawalpindi
","{'answer_start': [12083], 'text': ['""THANDA PANI, SHAHEEN TOWN, ARSLAN TOWN,KHANA PULL, HIGHWAY, KURRI ROAD, HAROON CHOWK, DHOKE ALI AKBER, MUZAMIL TOWN, TRANSFORMER CHOWK, SADIQABAD CHOWK, IRAN ROAD,REHMANABAD, 6TH ROAD, HAIDERY CHOWK, SAIDPURE ROAD.""']}",Transport
684051,"What are the stops on the route that goes to SHAHEEN TOWN
","{'answer_start': [12083], 'text': ['""THANDA PANI, SHAHEEN TOWN, ARSLAN TOWN,KHANA PULL, HIGHWAY, KURRI ROAD, HAROON CHOWK, DHOKE ALI AKBER, MUZAMIL TOWN, TRANSFORMER CHOWK, SADIQABAD CHOWK, IRAN ROAD,REHMANABAD, 6TH ROAD, HAIDERY CHOWK, SAIDPURE ROAD.""']}",Transport
684052,"What are the stops on the route that goes to THANDA PANI
","{'answer_start': [12083], 'text': ['""THANDA PANI, SHAHEEN TOWN, ARSLAN TOWN,KHANA PULL, HIGHWAY, KURRI ROAD, HAROON CHOWK, DHOKE ALI AKBER, MUZAMIL TOWN, TRANSFORMER CHOWK, SADIQABAD CHOWK, IRAN ROAD,REHMANABAD, 6TH ROAD, HAIDERY CHOWK, SAIDPURE ROAD.""']}",Transport
684043,"What are the stops on the route that goes to TRANSFORMER CHOWK
","{'answer_start': [12083], 'text': ['""THANDA PANI, SHAHEEN TOWN, ARSLAN TOWN,KHANA PULL, HIGHWAY, KURRI ROAD, HAROON CHOWK, DHOKE ALI AKBER, MUZAMIL TOWN, TRANSFORMER CHOWK, SADIQABAD CHOWK, IRAN ROAD,REHMANABAD, 6TH ROAD, HAIDERY CHOWK, SAIDPURE ROAD.""']}",Transport
684061,"What is the name of the driver for the bus that goes to 6TH ROAD
","{'answer_start': [12057], 'text': ['Masood Iqbal']}",Transport
684066,"What is the name of the driver for the bus that goes to DHOKE ALI AKBER
","{'answer_start': [12057], 'text': ['Masood Iqbal']}",Transport
684073,"What is the name of the driver for the bus that goes to REHMANABAD
","{'answer_start': [12070], 'text': ['Masood Iqbal']}",Transport
684064,"What is the name of the driver for the bus that goes to SADIQABAD CHOWK
","{'answer_start': [12070], 'text': ['Masood Iqbal']}",Transport
684058,"What is the name of the driver for the bus that goes to SAIDPURE ROAD
","{'answer_start': [12044], 'text': ['Masood Iqbal']}",Transport
684078,"What is the name of the driver for the bus that goes to TRANSFORMER CHOWK
","{'answer_start': [12070], 'text': ['Masood Iqbal']}",Transport
684060,"What is the name of the driver for the bus that goes to HAIDERY CHOWK
","{'answer_start': [12057], 'text': ['Masood Iqbal']}",Transport
684068,"What is the name of the driver for the bus that goes to HAROON CHOWK
","{'answer_start': [12044], 'text': ['Masood Iqbal']}",Transport
684100,What is the vehicle number for the bus that goes to HarooN CHOWK,"{'answer_start': [15772], 'text': ['GA-952']}",Transport
684116,"What is the vehicle number for the bus that goes to HIGHWAY
","{'answer_start': [15772], 'text': ['GA-952']}",Transport
684109,"What is the vehicle number for the bus that goes to IRAN ROAD
","{'answer_start': [15779], 'text': ['GA-952']}",Transport
684105,"What is the vehicle number for the bus that goes to HAIDERY CHOWK
","{'answer_start': [15779], 'text': ['GA-952']}",Transport
684113,"What is the vehicle number for the bus that goes to DHOKE ALI AKBER
","{'answer_start': [15786], 'text': ['GA-952']}",Transport
684118,"What is the vehicle number for the bus that goes to ARSLAN TOWN
","{'answer_start': [15779], 'text': ['GA-952']}",Transport
684106,"What is the vehicle number for the bus that goes to 6TH ROAD
","{'answer_start': [15772], 'text': ['GA-952']}",Transport
684102,"What is the contact number for the driver of the bus that goes to THANDA PANI
","{'answer_start': [15891], 'text': ['0311-8597398']}",Transport
684101,"What is the contact number for the driver of the bus that goes to SHAHEEN TOWN
","{'answer_start': [15904], 'text': ['0311-8597398']}",Transport
684103,"What is the contact number for the driver of the bus that goes to Sadiqabad Rawalpindi
","{'answer_start': [15891], 'text': ['0311-8597398']}",Transport
684122,"What are the stops on the route that goes to SAIDPURE ROAD
","{'answer_start': [15555], 'text': ['""THANDA PANI, SHAHEEN TOWN, ARSLAN TOWN,KHANA PULL, HIGHWAY, KURRI ROAD, HAROON CHOWK, DHOKE ALI AKBER, MUZAMIL TOWN, TRANSFORMER CHOWK, SADIQABAD CHOWK, IRAN ROAD,REHMANABAD, 6TH ROAD, HAIDERY CHOWK, SAIDPURE ROAD.""']}",Transport
684125,"What are the stops on the route that goes to REHMANABAD
","{'answer_start': [15555], 'text': ['""THANDA PANI, SHAHEEN TOWN, ARSLAN TOWN,KHANA PULL, HIGHWAY, KURRI ROAD, HAROON CHOWK, DHOKE ALI AKBER, MUZAMIL TOWN, TRANSFORMER CHOWK, SADIQABAD CHOWK, IRAN ROAD,REHMANABAD, 6TH ROAD, HAIDERY CHOWK, SAIDPURE ROAD.""']}",Transport
684123,"What are the stops on the route that goes to HAIDERY CHOWK
","{'answer_start': [15555], 'text': ['""THANDA PANI, SHAHEEN TOWN, ARSLAN TOWN,KHANA PULL, HIGHWAY, KURRI ROAD, HAROON CHOWK, DHOKE ALI AKBER, MUZAMIL TOWN, TRANSFORMER CHOWK, SADIQABAD CHOWK, IRAN ROAD,REHMANABAD, 6TH ROAD, HAIDERY CHOWK, SAIDPURE ROAD.""']}",Transport
684156,"What is the route number for the bus that goes to KHANA PULL
","{'answer_start': [16112], 'text': ['Route 45']}",Transport
684071,"What is the name of the driver for the bus that goes to HIGHWAY
","{'answer_start': [12057], 'text': ['Masood Iqbal']}",Transport
684063,"What is the name of the driver for the bus that goes to IRAN ROAD
","{'answer_start': [12044], 'text': ['Masood Iqbal']}",Transport
684069,"What is the name of the driver for the bus that goes to KURRI ROAD
","{'answer_start': [12070], 'text': ['Masood Iqbal']}",Transport
684157,"What is the route number for the bus that goes to ARSLAN TOWN
","{'answer_start': [16112], 'text': ['Route 45']}",Transport
684124,"What are the stops on the route that goes to 6TH ROAD
","{'answer_start': [15555], 'text': ['""THANDA PANI, SHAHEEN TOWN, ARSLAN TOWN,KHANA PULL, HIGHWAY, KURRI ROAD, HAROON CHOWK, DHOKE ALI AKBER, MUZAMIL TOWN, TRANSFORMER CHOWK, SADIQABAD CHOWK, IRAN ROAD,REHMANABAD, 6TH ROAD, HAIDERY CHOWK, SAIDPURE ROAD.""']}",Transport
684115,"What is the vehicle number for the bus that goes to KURRI ROAD
","{'answer_start': [15884], 'text': ['GA-952']}",Transport
684112,"What is the vehicle number for the bus that goes to MUZAMIL TOWN
","{'answer_start': [15884], 'text': ['GA-952']}",Transport
684117,"What is the vehicle number for the bus that goes to KHANA PULL
","{'answer_start': [15884], 'text': ['GA-952']}",Transport
684108,"What is the vehicle number for the bus that goes to REHMANABAD
","{'answer_start': [15828], 'text': ['GA-952']}",Transport
684110,"What is the vehicle number for the bus that goes to SADIQABAD CHOWK
","{'answer_start': [15842], 'text': ['GA-952']}",Transport
684121,"What is the vehicle number for the bus that goes to Sadiqabad Rawalpindi
","{'answer_start': [15863], 'text': ['GA-952']}",Transport
684104,"What is the vehicle number for the bus that goes to SAIDPURE ROAD
","{'answer_start': [15877], 'text': ['GA-952']}",Transport
684119,"What is the vehicle number for the bus that goes to SHAHEEN TOWN
","{'answer_start': [15877], 'text': ['GA-952']}",Transport
684120,"What is the vehicle number for the bus that goes to THANDA PANI
","{'answer_start': [15800], 'text': ['GA-952']}",Transport
684111,"What is the vehicle number for the bus that goes to TRANSFORMER CHOWK
","{'answer_start': [15807], 'text': ['GA-952']}",Transport
684147,What is the route number for the bus that goes to thanda pani,"{'answer_start': [16112], 'text': ['Route 45']}",Transport
684149,"What is the route number for the bus that goes to TRANSFORMER CHOWK
","{'answer_start': [16112], 'text': ['Route 45']}",Transport
684158,"What is the route number for the bus that goes to SHAHEEN TOWN
","{'answer_start': [16121], 'text': ['Route 45']}",Transport
684159,"What is the route number for the bus that goes to Sadiqabad Rawalpindi
","{'answer_start': [16112], 'text': ['Route 45']}",Transport
684150,"What is the route number for the bus that goes to MUZAMIL TOWN
","{'answer_start': [16112], 'text': ['Route 45']}",Transport
684167,"What is the contact number for the driver of the bus that goes to TRANSFORMER CHOWK
","{'answer_start': [16099], 'text': ['0311-8597398']}",Transport
684160,"What is the contact number for the driver of the bus that goes to SAIDPURE ROAD
","{'answer_start': [16086], 'text': ['0311-8597398']}",Transport
684166,"What is the contact number for the driver of the bus that goes to SADIQABAD CHOWK
","{'answer_start': [16086], 'text': ['0311-8597398']}",Transport
684164,"What is the contact number for the driver of the bus that goes to REHMANABAD
","{'answer_start': [16086], 'text': ['0311-8597398']}",Transport
684168,"What is the contact number for the driver of the bus that goes to MUZAMIL TOWN
","{'answer_start': [16086], 'text': ['0311-8597398']}",Transport
684172,"What is the contact number for the driver of the bus that goes to KURRI ROAD
","{'answer_start': [16086], 'text': ['0311-8597398']}",Transport
684175,"What is the contact number for the driver of the bus that goes to KHANA PULL
","{'answer_start': [16073], 'text': ['0311-8597398']}",Transport
684165,"What is the contact number for the driver of the bus that goes to IRAN ROAD
","{'answer_start': [16086], 'text': ['0311-8597398']}",Transport
684173,"What is the contact number for the driver of the bus that goes to HIGHWAY
","{'answer_start': [16073], 'text': ['0311-8597398']}",Transport
684171,"What is the contact number for the driver of the bus that goes to HAROON CHOWK
","{'answer_start': [16073], 'text': ['0311-8597398']}",Transport
684161,"What is the contact number for the driver of the bus that goes to HAIDERY CHOWK
","{'answer_start': [16086], 'text': ['0311-8597398']}",Transport
684170,"What is the contact number for the driver of the bus that goes to DHOKE ALI AKBER
","{'answer_start': [16086], 'text': ['0311-8597398']}",Transport
684176,"What is the contact number for the driver of the bus that goes to ARSLAN TOWN
","{'answer_start': [16086], 'text': ['0311-8597398']}",Transport
684162,"What is the contact number for the driver of the bus that goes to 6TH ROAD
","{'answer_start': [16099], 'text': ['0311-8597398']}",Transport
684194,"What is the route number for the bus that goes to SAIDPURE ROAD
","{'answer_start': [16112], 'text': ['Route 45']}",Transport
684201,"What is the route number for the bus that goes to SADIQABAD CHOWK
","{'answer_start': [16139], 'text': ['Route 45']}",Transport
684199,"What is the route number for the bus that goes to REHMANABAD
","{'answer_start': [16130], 'text': ['Route 45']}",Transport
684200,"What is the route number for the bus that goes to IRAN ROAD
","{'answer_start': [16148], 'text': ['Route 45']}",Transport
684195,"What is the route number for the bus that goes to HAIDERY CHOWK
","{'answer_start': [16166], 'text': ['Route 45']}",Transport
684196,"What is the route number for the bus that goes to 6TH ROAD
","{'answer_start': [16166], 'text': ['Route 45']}",Transport
686007,What are the stops on Route 47?,"{'answer_start': [17549], 'text': ['""SHAMAS COLONY, KOH E NOOR MIL, GHAUSIA ADDA MOR, UP ROAD,BRITISH HOME, HABIB COLONY, UP TOLL PLAZA, KACHA STOP, CARRIAGE FACTORY, NESCOM CHOWK, I-10/2, I-10/4, I-10 MARKAZ, CDA DOUBLE ROAD, SERVICE ROAD, I-9 MARKAZ""']}",Transport
685939,What are the stops on Route 46?,"{'answer_start': [16265], 'text': ['""CHIRAH CHOWK, PEHONT STOP, SIMLY DAM, KAROR HIGH SCHOOL, ARIARI, MORRI STOP""']}",Transport
686015,What are the stops on the route for the bus with vehicle number GAC-166?,"{'answer_start': [21764], 'text': ['""SHAMAS COLONY, KOH E NOOR MIL, GHAUSIA ADDA MOR, UP ROAD,BRITISH HOME, HABIB COLONY, UP TOLL PLAZA, KACHA STOP, CARRIAGE FACTORY, NESCOM CHOWK, I-10/2, I-10/4, I-10 MARKAZ, CDA DOUBLE ROAD, SERVICE ROAD, I-9 MARKAZ""']}",Transport
685949,What are the stops on the route for the bus with vehicle number GE-798?,"{'answer_start': [17239], 'text': ['""CHIRAH CHOWK, PEHONT STOP, SIMLY DAM, KAROR HIGH SCHOOL, ARIARI, MORRI STOP""']}",Transport
685971,What are the stops on the route that goes to ARIARI,"{'answer_start': [17239], 'text': ['""CHIRAH CHOWK, PEHONT STOP, SIMLY DAM, KAROR HIGH SCHOOL, ARIARI, MORRI STOP""']}",Transport
686041,What are the stops on the route that goes to BRITISH HOME,"{'answer_start': [17549], 'text': ['""SHAMAS COLONY, KOH E NOOR MIL, GHAUSIA ADDA MOR, UP ROAD,BRITISH HOME, HABIB COLONY, UP TOLL PLAZA, KACHA STOP, CARRIAGE FACTORY, NESCOM CHOWK, I-10/2, I-10/4, I-10 MARKAZ, CDA DOUBLE ROAD, SERVICE ROAD, I-9 MARKAZ""']}",Transport
686046,What are the stops on the route that goes to CARRIAGE FACTORY,"{'answer_start': [17549], 'text': ['""SHAMAS COLONY, KOH E NOOR MIL, GHAUSIA ADDA MOR, UP ROAD,BRITISH HOME, HABIB COLONY, UP TOLL PLAZA, KACHA STOP, CARRIAGE FACTORY, NESCOM CHOWK, I-10/2, I-10/4, I-10 MARKAZ, CDA DOUBLE ROAD, SERVICE ROAD, I-9 MARKAZ""']}",Transport
685970,What are the stops on the route that goes to KAROR HIGH SCHOOL,"{'answer_start': [17239], 'text': ['""CHIRAH CHOWK, PEHONT STOP, SIMLY DAM, KAROR HIGH SCHOOL, ARIARI, MORRI STOP""']}",Transport
686038,What are the stops on the route that goes to KOH E NOOR MIL,"{'answer_start': [17549], 'text': ['""SHAMAS COLONY, KOH E NOOR MIL, GHAUSIA ADDA MOR, UP ROAD,BRITISH HOME, HABIB COLONY, UP TOLL PLAZA, KACHA STOP, CARRIAGE FACTORY, NESCOM CHOWK, I-10/2, I-10/4, I-10 MARKAZ, CDA DOUBLE ROAD, SERVICE ROAD, I-9 MARKAZ""']}",Transport
685972,What are the stops on the route that goes to MORRI STOP,"{'answer_start': [17239], 'text': ['""CHIRAH CHOWK, PEHONT STOP, SIMLY DAM, KAROR HIGH SCHOOL, ARIARI, MORRI STOP""']}",Transport
686047,What are the stops on the route that goes to NESCOM CHOWK,"{'answer_start': [17549], 'text': ['""SHAMAS COLONY, KOH E NOOR MIL, GHAUSIA ADDA MOR, UP ROAD,BRITISH HOME, HABIB COLONY, UP TOLL PLAZA, KACHA STOP, CARRIAGE FACTORY, NESCOM CHOWK, I-10/2, I-10/4, I-10 MARKAZ, CDA DOUBLE ROAD, SERVICE ROAD, I-9 MARKAZ""']}",Transport
685967,What are the stops on the route that goes to  PEHONT STOP,"{'answer_start': [17239], 'text': ['""CHIRAH CHOWK, PEHONT STOP, SIMLY DAM, KAROR HIGH SCHOOL, ARIARI, MORRI STOP""']}",Transport
686055,What are the stops on the route that goes to SERVICE ROAD,"{'answer_start': [17549], 'text': ['""SHAMAS COLONY, KOH E NOOR MIL, GHAUSIA ADDA MOR, UP ROAD,BRITISH HOME, HABIB COLONY, UP TOLL PLAZA, KACHA STOP, CARRIAGE FACTORY, NESCOM CHOWK, I-10/2, I-10/4, I-10 MARKAZ, CDA DOUBLE ROAD, SERVICE ROAD, I-9 MARKAZ""']}",Transport
686037,What are the stops on the route that goes to SHAMAS COLONY,"{'answer_start': [17549], 'text': ['""SHAMAS COLONY, KOH E NOOR MIL, GHAUSIA ADDA MOR, UP ROAD,BRITISH HOME, HABIB COLONY, UP TOLL PLAZA, KACHA STOP, CARRIAGE FACTORY, NESCOM CHOWK, I-10/2, I-10/4, I-10 MARKAZ, CDA DOUBLE ROAD, SERVICE ROAD, I-9 MARKAZ""']}",Transport
685969,What are the stops on the route that goes to SIMLY DAM,"{'answer_start': [17239], 'text': ['""CHIRAH CHOWK, PEHONT STOP, SIMLY DAM, KAROR HIGH SCHOOL, ARIARI, MORRI STOP""']}",Transport
685964,"What are the stops on the route that goes to simly dam road, islamabad","{'answer_start': [17239], 'text': ['""CHIRAH CHOWK, PEHONT STOP, SIMLY DAM, KAROR HIGH SCHOOL, ARIARI, MORRI STOP""']}",Transport
686040,What are the stops on the route that goes to UP ROAD,"{'answer_start': [17549], 'text': ['""SHAMAS COLONY, KOH E NOOR MIL, GHAUSIA ADDA MOR, UP ROAD,BRITISH HOME, HABIB COLONY, UP TOLL PLAZA, KACHA STOP, CARRIAGE FACTORY, NESCOM CHOWK, I-10/2, I-10/4, I-10 MARKAZ, CDA DOUBLE ROAD, SERVICE ROAD, I-9 MARKAZ""']}",Transport
686043,What are the stops on the route that goes to UP TOLL PLAZA,"{'answer_start': [17549], 'text': ['""SHAMAS COLONY, KOH E NOOR MIL, GHAUSIA ADDA MOR, UP ROAD,BRITISH HOME, HABIB COLONY, UP TOLL PLAZA, KACHA STOP, CARRIAGE FACTORY, NESCOM CHOWK, I-10/2, I-10/4, I-10 MARKAZ, CDA DOUBLE ROAD, SERVICE ROAD, I-9 MARKAZ""']}",Transport
685943,What is the contact number for the driver of Route 46?,"{'answer_start': [17464], 'text': ['0346-5419710']}",Transport
686011,What is the contact number for the driver of Route 47?,"{'answer_start': [17810], 'text': ['0333-5532512']}",Transport
685995,What is the contact number for the driver of the bus that goes to ARIARI,"{'answer_start': [17373], 'text': ['0346-5419710']}",Transport
686081,What is the contact number for the driver of the bus that goes to BRITISH HOME,"{'answer_start': [17788], 'text': ['0333-5532512']}",Transport
686085,What is the contact number for the driver of the bus that goes to CARRIAGE FACTORY,"{'answer_start': [17788], 'text': ['0333-5532512']}",Transport
686091,What is the contact number for the driver of the bus that goes to CDA DOUBLE ROAD,"{'answer_start': [17810], 'text': ['0333-5532512']}",Transport
685989,What is the contact number for the driver of the bus that goes to CHIRAH CHOWK,"{'answer_start': [17373], 'text': ['0346-5419710']}",Transport
686079,What is the contact number for the driver of the bus that goes to GHAUSIA ADDA MOR,"{'answer_start': [17788], 'text': ['0333-5532512']}",Transport
686082,What is the contact number for the driver of the bus that goes to HABIB COLONY,"{'answer_start': [17810], 'text': ['0333-5532512']}",Transport
685997,What is the contact number for the driver of the bus that goes to HAROON CHOWK,"{'answer_start': [17464], 'text': ['0346-5419710']}",Transport
686088,What is the contact number for the driver of the bus that goes to I-10/2,"{'answer_start': [17810], 'text': ['0333-5532512']}",Transport
686089,What is the contact number for the driver of the bus that goes to  I-10/4,"{'answer_start': [17810], 'text': ['0333-5532512']}",Transport
686090,What is the contact number for the driver of the bus that goes to I-10 MARKAZ,"{'answer_start': [17810], 'text': ['0333-5532512']}",Transport
686093,What is the contact number for the driver of the bus that goes to I-9 MARKAZ,"{'answer_start': [17810], 'text': ['0333-5532512']}",Transport
686075,What is the contact number for the driver of the bus that goes to islamabad/Rawalpindi,"{'answer_start': [17810], 'text': ['0333-5532512']}",Transport
686084,What is the contact number for the driver of the bus that goes to KACHA STOP,"{'answer_start': [17810], 'text': ['0333-5532512']}",Transport
685993,What is the contact number for the driver of the bus that goes to KAROR HIGH SCHOOL,"{'answer_start': [17373], 'text': ['0346-5419710']}",Transport
686077,What is the contact number for the driver of the bus that goes to KOH E NOOR MIL,"{'answer_start': [17788], 'text': ['0333-5532512']}",Transport
685996,What is the contact number for the driver of the bus that goes to MORRI STOP,"{'answer_start': [17373], 'text': ['0346-5419710']}",Transport
686098,What is the route number for the bus that goes to GHAUSIA ADDA MOR,"{'answer_start': [17801], 'text': ['Route 47']}",Transport
686086,What is the contact number for the driver of the bus that goes to NESCOM CHOWK,"{'answer_start': [17788], 'text': ['0333-5532512']}",Transport
685990,What is the contact number for the driver of the bus that goes to  PEHONT STOP,"{'answer_start': [17373], 'text': ['0346-5419710']}",Transport
686092,What is the contact number for the driver of the bus that goes to SERVICE ROAD,"{'answer_start': [17788], 'text': ['0333-5532512']}",Transport
686076,What is the contact number for the driver of the bus that goes to SHAMAS COLONY,"{'answer_start': [17788], 'text': ['0333-5532512']}",Transport
685991,What is the contact number for the driver of the bus that goes to SIMLY DAM,"{'answer_start': [17373], 'text': ['0346-5419710']}",Transport
685987,"What is the contact number for the driver of the bus that goes to simly dam road, islamabad","{'answer_start': [17373], 'text': ['0346-5419710']}",Transport
686080,What is the contact number for the driver of the bus that goes to UP ROAD,"{'answer_start': [17788], 'text': ['0333-5532512']}",Transport
686083,What is the contact number for the driver of the bus that goes to UP TOLL PLAZA,"{'answer_start': [17788], 'text': ['0333-5532512']}",Transport
686013,What is the contact number for the driver of the bus with vehicle number GAC-166?,"{'answer_start': [17810], 'text': ['0333-5532512']}",Transport
685947,What is the contact number for the driver of the bus with vehicle number GE-798?,"{'answer_start': [17373], 'text': ['0346-5419710']}",Transport
685958,What is the name of the driver for the bus that goes to ARIARI,"{'answer_start': [16670], 'text': ['MUHAMMAD ZULKIFL FAYAZ']}",Transport
686022,What is the name of the driver for the bus that goes to BRITISH HOME,"{'answer_start': [17774], 'text': ['Sagheer Ahmed']}",Transport
686026,What is the name of the driver for the bus that goes to CARRIAGE FACTORY,"{'answer_start': [17774], 'text': ['Sagheer Ahmed']}",Transport
686032,What is the name of the driver for the bus that goes to CDA DOUBLE ROAD,"{'answer_start': [17774], 'text': ['Sagheer Ahmed']}",Transport
685952,What is the name of the driver for the bus that goes to CHIRAH CHOWK,"{'answer_start': [16670], 'text': ['MUHAMMAD ZULKIFL FAYAZ']}",Transport
686019,What is the name of the driver for the bus that goes to GHAUSIA ADDA MOR,"{'answer_start': [17774], 'text': ['Sagheer Ahmed']}",Transport
686023,What is the name of the driver for the bus that goes to HABIB COLONY,"{'answer_start': [17774], 'text': ['Sagheer Ahmed']}",Transport
685961,What is the name of the driver for the bus that goes to HAROON CHOWK,"{'answer_start': [16670], 'text': ['MUHAMMAD ZULKIFL FAYAZ']}",Transport
686028,What is the name of the driver for the bus that goes to I-10/2,"{'answer_start': [17774], 'text': ['Sagheer Ahmed']}",Transport
686029,What is the name of the driver for the bus that goes to  I-10/4,"{'answer_start': [17774], 'text': ['Sagheer Ahmed']}",Transport
686031,What is the name of the driver for the bus that goes to I-10 MARKAZ,"{'answer_start': [17774], 'text': ['Sagheer Ahmed']}",Transport
686034,What is the name of the driver for the bus that goes to I-9 MARKAZ,"{'answer_start': [17774], 'text': ['Sagheer Ahmed']}",Transport
686016,What is the name of the driver for the bus that goes to islamabad/Rawalpindi,"{'answer_start': [17774], 'text': ['Sagheer Ahmed']}",Transport
686025,What is the name of the driver for the bus that goes to KACHA STOP,"{'answer_start': [17774], 'text': ['Sagheer Ahmed']}",Transport
685956,What is the name of the driver for the bus that goes to KAROR HIGH SCHOOL,"{'answer_start': [16670], 'text': ['MUHAMMAD ZULKIFL FAYAZ']}",Transport
686018,What is the name of the driver for the bus that goes to KOH E NOOR MIL,"{'answer_start': [17823], 'text': ['Sagheer Ahmed']}",Transport
685960,What is the name of the driver for the bus that goes to MORRI STOP,"{'answer_start': [16670], 'text': ['MUHAMMAD ZULKIFL FAYAZ']}",Transport
686027,What is the name of the driver for the bus that goes to NESCOM CHOWK,"{'answer_start': [17810], 'text': ['0333-5532512']}",Transport
685953,What is the name of the driver for the bus that goes to  PEHONT STOP,"{'answer_start': [16670], 'text': ['MUHAMMAD ZULKIFL FAYAZ']}",Transport
686033,What is the name of the driver for the bus that goes to SERVICE ROAD,"{'answer_start': [17774], 'text': ['Sagheer Ahmed']}",Transport
686017,What is the name of the driver for the bus that goes to SHAMAS COLONY,"{'answer_start': [17774], 'text': ['Sagheer Ahmed']}",Transport
685954,What is the name of the driver for the bus that goes to SIMLY DAM,"{'answer_start': [16670], 'text': ['MUHAMMAD ZULKIFL FAYAZ']}",Transport
685951,"What is the name of the driver for the bus that goes to simly dam road, islamabad","{'answer_start': [16670], 'text': ['MUHAMMAD ZULKIFL FAYAZ']}",Transport
686020,What is the name of the driver for the bus that goes to UP ROAD,"{'answer_start': [17774], 'text': ['Sagheer Ahmed']}",Transport
686024,What is the name of the driver for the bus that goes to UP TOLL PLAZA,"{'answer_start': [17774], 'text': ['Sagheer Ahmed']}",Transport
686014,What is the name of the driver for the bus with vehicle number GAC-166?,"{'answer_start': [17774], 'text': ['Sagheer Ahmed']}",Transport
685948,What is the name of the driver for the bus with vehicle number GE-798?,"{'answer_start': [16670], 'text': ['MUHAMMAD ZULKIFL FAYAZ']}",Transport
686003,What is the route number for the bus that goes to ARIARI,"{'answer_start': [17477], 'text': ['Route 46']}",Transport
686100,What is the route number for the bus that goes to BRITISH HOME,"{'answer_start': [17801], 'text': ['Route 47']}",Transport
686105,What is the route number for the bus that goes to CARRIAGE FACTORY,"{'answer_start': [17801], 'text': ['Route 47']}",Transport
685999,What is the route number for the bus that goes to CHIRAH CHOWK,"{'answer_start': [17477], 'text': ['Route 46']}",Transport
686101,What is the route number for the bus that goes to HABIB COLONY,"{'answer_start': [17801], 'text': ['Route 47']}",Transport
686006,What is the route number for the bus that goes to HAROON CHOWK,"{'answer_start': [17540], 'text': ['Route 46']}",Transport
686108,What is the route number for the bus that goes to I-10/2,"{'answer_start': [17801], 'text': ['Route 47']}",Transport
686109,What is the route number for the bus that goes to  I-10/4,"{'answer_start': [17801], 'text': ['Route 47']}",Transport
686110,What is the route number for the bus that goes to I-10 MARKAZ,"{'answer_start': [17801], 'text': ['Route 47']}",Transport
686094,What is the route number for the bus that goes to islamabad/Rawalpindi,"{'answer_start': [17801], 'text': ['Route 47']}",Transport
686104,What is the route number for the bus that goes to KACHA STOP,"{'answer_start': [17801], 'text': ['Route 47']}",Transport
686002,What is the route number for the bus that goes to KAROR HIGH SCHOOL,"{'answer_start': [17540], 'text': ['Route 46']}",Transport
686097,What is the route number for the bus that goes to KOH E NOOR MIL,"{'answer_start': [17801], 'text': ['Route 47']}",Transport
686004,What is the route number for the bus that goes to MORRI STOP,"{'answer_start': [17540], 'text': ['Route 46']}",Transport
686106,What is the route number for the bus that goes to NESCOM CHOWK,"{'answer_start': [17801], 'text': ['Route 47']}",Transport
686000,What is the route number for the bus that goes to  PEHONT STOP,"{'answer_start': [17540], 'text': ['Route 46']}",Transport
686096,What is the route number for the bus that goes to SHAMAS COLONY,"{'answer_start': [17801], 'text': ['Route 47']}",Transport
686001,What is the route number for the bus that goes to SIMLY DAM,"{'answer_start': [17540], 'text': ['Route 46']}",Transport
685998,"What is the route number for the bus that goes to simly dam road, islamabad","{'answer_start': [17540], 'text': ['Route 46']}",Transport
686099,What is the route number for the bus that goes to UP ROAD,"{'answer_start': [17801], 'text': ['Route 47']}",Transport
686103,What is the route number for the bus that goes to UP TOLL PLAZA,"{'answer_start': [17801], 'text': ['Route 47']}",Transport
686012,What is the route number for the bus with vehicle number GAC-166?,"{'answer_start': [17801], 'text': ['Route 47']}",Transport
685945,What is the route number for the bus with vehicle number GE-798?,"{'answer_start': [17540], 'text': ['Route 46']}",Transport
685940,What is the vehicle number for Route 46?,"{'answer_start': [107366], 'text': ['GE-798']}",Transport
686008,What is the vehicle number for Route 47?,"{'answer_start': [17766], 'text': ['GAC-166']}",Transport
685983,What is the vehicle number for the bus that goes to ARIARI,"{'answer_start': [17366], 'text': ['GE-798']}",Transport
686062,What is the vehicle number for the bus that goes to BRITISH HOME,"{'answer_start': [17766], 'text': ['GAC-166']}",Transport
686066,What is the vehicle number for the bus that goes to CARRIAGE FACTORY,"{'answer_start': [17766], 'text': ['GAC-166']}",Transport
686071,What is the vehicle number for the bus that goes to CDA DOUBLE ROAD,"{'answer_start': [17766], 'text': ['GAC-166']}",Transport
685976,What is the vehicle number for the bus that goes to CHIRAH CHOWK,"{'answer_start': [17366], 'text': ['GE-798']}",Transport
686060,What is the vehicle number for the bus that goes to GHAUSIA ADDA MOR,"{'answer_start': [17766], 'text': ['GAC-166']}",Transport
686063,What is the vehicle number for the bus that goes to HABIB COLONY,"{'answer_start': [17766], 'text': ['GAC-166']}",Transport
685986,What is the vehicle number for the bus that goes to HAROON CHOWK,"{'answer_start': [17366], 'text': ['GE-798']}",Transport
686068,What is the vehicle number for the bus that goes to I-10/2,"{'answer_start': [17766], 'text': ['GAC-166']}",Transport
686069,What is the vehicle number for the bus that goes to  I-10/4,"{'answer_start': [17766], 'text': ['GAC-166']}",Transport
686070,What is the vehicle number for the bus that goes to I-10 MARKAZ,"{'answer_start': [17766], 'text': ['GAC-166']}",Transport
686073,What is the vehicle number for the bus that goes to I-9 MARKAZ,"{'answer_start': [17766], 'text': ['GAC-166']}",Transport
686057,What is the vehicle number for the bus that goes to islamabad/Rawalpindi,"{'answer_start': [17766], 'text': ['GAC-166']}",Transport
686065,What is the vehicle number for the bus that goes to KACHA STOP,"{'answer_start': [17766], 'text': ['GAC-166']}",Transport
685982,What is the vehicle number for the bus that goes to KAROR HIGH SCHOOL,"{'answer_start': [17366], 'text': ['GE-798']}",Transport
686059,What is the vehicle number for the bus that goes to KOH E NOOR MIL,"{'answer_start': [17766], 'text': ['GAC-166']}",Transport
685985,What is the vehicle number for the bus that goes to MORRI STOP,"{'answer_start': [17366], 'text': ['GE-798']}",Transport
686067,What is the vehicle number for the bus that goes to NESCOM CHOWK,"{'answer_start': [17766], 'text': ['GAC-166']}",Transport
685979,What is the vehicle number for the bus that goes to  PEHONT STOP,"{'answer_start': [17366], 'text': ['GE-798']}",Transport
686072,What is the vehicle number for the bus that goes to SERVICE ROAD,"{'answer_start': [17766], 'text': ['GAC-166']}",Transport
686058,What is the vehicle number for the bus that goes to SHAMAS COLONY,"{'answer_start': [17766], 'text': ['GAC-166']}",Transport
685981,What is the vehicle number for the bus that goes to SIMLY DAM,"{'answer_start': [17366], 'text': ['GE-798']}",Transport
685975,"What is the vehicle number for the bus that goes to simly dam road, islamabad","{'answer_start': [17366], 'text': ['GE-798']}",Transport
686061,What is the vehicle number for the bus that goes to UP ROAD,"{'answer_start': [17766], 'text': ['GAC-166']}",Transport
686064,What is the vehicle number for the bus that goes to UP TOLL PLAZA,"{'answer_start': [17766], 'text': ['GAC-166']}",Transport
685941,Who is the driver for Route 46?,"{'answer_start': [16670], 'text': ['MUHAMMAD ZULKIFL FAYAZ']}",Transport
686010,Who is the driver for Route 47?,"{'answer_start': [18054], 'text': ['Sagheer Ahmed']}",Transport
686853,"What is the route number for the bus that goes to I-9 MARKAZ
","{'answer_start': [17801], 'text': ['Route 47']}",Transport
686852,"What is the route number for the bus that goes to SERVICE ROAD
","{'answer_start': [17801], 'text': ['Route 47']}",Transport
6086851,"What is the route number for the bus that goes to CDA DOUBLE ROAD
","{'answer_start': [17801], 'text': ['Route 47']}",Transport
686878,"What are the stops on Route 48?
","{'answer_start': [22598], 'text': ['""BANGIAL, KIRPA,NAVAL ANCHORAGE,SIHALA,KAHUTA""']}",Transport
686870,"What are the stops on the route for the bus with vehicle number GT-973?
","{'answer_start': [22598], 'text': ['""BANGIAL, KIRPA,NAVAL ANCHORAGE,SIHALA,KAHUTA""']}",Transport
686864,"What are the stops on the route that goes to KAHUTA
","{'answer_start': [22598], 'text': ['""BANGIAL, KIRPA,NAVAL ANCHORAGE,SIHALA,KAHUTA""']}",Transport
686866,"What are the stops on the route that goes to NAVAL ANCHORAGE
","{'answer_start': [22598], 'text': ['""BANGIAL, KIRPA,NAVAL ANCHORAGE,SIHALA,KAHUTA""']}",Transport
686865,"What are the stops on the route that goes to SIHALA
","{'answer_start': [22598], 'text': ['""BANGIAL, KIRPA,NAVAL ANCHORAGE,SIHALA,KAHUTA""']}",Transport
686874,"What is the contact number for the driver of Route 48?
","{'answer_start': [22576], 'text': ['0344-5290115']}",Transport
686856,"What is the contact number for the driver of the bus that goes to BANGIAL
","{'answer_start': [22576], 'text': ['0344-5290115']}",Transport
686855,"What is the contact number for the driver of the bus that goes to KIRPA
","{'answer_start': [22576], 'text': ['0344-5290115']}",Transport
686872,"What is the contact number for the driver of the bus with vehicle number GT-973?
","{'answer_start': [22576], 'text': ['0344-5290115']}",Transport
686868,"What is the name of the driver for the bus that goes to BANGIAL
","{'answer_start': [22576], 'text': ['0344-5290115']}",Transport
686867,"What is the name of the driver for the bus that goes to KIRPA
","{'answer_start': [22589], 'text': ['Alam Zeb']}",Transport
686871,"What is the name of the driver for the bus with vehicle number GT-973?
","{'answer_start': [22589], 'text': ['Alam Zeb']}",Transport
686873,"What is the route number for the bus with vehicle number GT-973?
","{'answer_start': [22567], 'text': ['Route 48']}",Transport
686877,"What is the vehicle number for Route 48?
","{'answer_start': [22538], 'text': ['GT-973']}",Transport
686863,"What is the vehicle number for the bus that goes to BANGIAL
","{'answer_start': [22925], 'text': ['GT-973']}",Transport
686857,"What is the vehicle number for the bus that goes to KAHUTA
","{'answer_start': [22538], 'text': ['GT-973']}",Transport
686862,"What is the vehicle number for the bus that goes to KIRPA
","{'answer_start': [22538], 'text': ['GT-973']}",Transport
686861,"What is the vehicle number for the bus that goes to NAVAL ANCHORAGE
","{'answer_start': [22538], 'text': ['GT-973']}",Transport
686860,"What is the vehicle number for the bus that goes to SIHALA
","{'answer_start': [225308], 'text': ['GT-973']}",Transport
686876,"Who is the driver for Route 48?
","{'answer_start': [22681], 'text': ['Alam Zeb']}",Transport
686054,What are the stops on the route that goes to CDA DOUBLE ROAD,"{'answer_start': [17549], 'text': ['""SHAMAS COLONY, KOH E NOOR MIL, GHAUSIA ADDA MOR, UP ROAD,BRITISH HOME, HABIB COLONY, UP TOLL PLAZA, KACHA STOP, CARRIAGE FACTORY, NESCOM CHOWK, I-10/2, I-10/4, I-10 MARKAZ, CDA DOUBLE ROAD, SERVICE ROAD, I-9 MARKAZ""']}",Transport
685965,What are the stops on the route that goes to CHIRAH CHOWK,"{'answer_start': [17239], 'text': ['""CHIRAH CHOWK, PEHONT STOP, SIMLY DAM, KAROR HIGH SCHOOL, ARIARI, MORRI STOP""']}",Transport
686039,What are the stops on the route that goes to GHAUSIA ADDA MOR,"{'answer_start': [17549], 'text': ['""SHAMAS COLONY, KOH E NOOR MIL, GHAUSIA ADDA MOR, UP ROAD,BRITISH HOME, HABIB COLONY, UP TOLL PLAZA, KACHA STOP, CARRIAGE FACTORY, NESCOM CHOWK, I-10/2, I-10/4, I-10 MARKAZ, CDA DOUBLE ROAD, SERVICE ROAD, I-9 MARKAZ""']}",Transport
686042,What are the stops on the route that goes to HABIB COLONY,"{'answer_start': [17549], 'text': ['""SHAMAS COLONY, KOH E NOOR MIL, GHAUSIA ADDA MOR, UP ROAD,BRITISH HOME, HABIB COLONY, UP TOLL PLAZA, KACHA STOP, CARRIAGE FACTORY, NESCOM CHOWK, I-10/2, I-10/4, I-10 MARKAZ, CDA DOUBLE ROAD, SERVICE ROAD, I-9 MARKAZ""']}",Transport
685974,What are the stops on the route that goes to HAROON CHOWK,"{'answer_start': [16431], 'text': ['""CHIRAH CHOWK, PEHONT STOP, SIMLY DAM, KAROR HIGH SCHOOL, ARIARI, MORRI STOP""']}",Transport
686049,What are the stops on the route that goes to I-10/2,"{'answer_start': [17549], 'text': ['""SHAMAS COLONY, KOH E NOOR MIL, GHAUSIA ADDA MOR, UP ROAD,BRITISH HOME, HABIB COLONY, UP TOLL PLAZA, KACHA STOP, CARRIAGE FACTORY, NESCOM CHOWK, I-10/2, I-10/4, I-10 MARKAZ, CDA DOUBLE ROAD, SERVICE ROAD, I-9 MARKAZ""']}",Transport
686050,What are the stops on the route that goes to  I-10/4,"{'answer_start': [17549], 'text': ['""SHAMAS COLONY, KOH E NOOR MIL, GHAUSIA ADDA MOR, UP ROAD,BRITISH HOME, HABIB COLONY, UP TOLL PLAZA, KACHA STOP, CARRIAGE FACTORY, NESCOM CHOWK, I-10/2, I-10/4, I-10 MARKAZ, CDA DOUBLE ROAD, SERVICE ROAD, I-9 MARKAZ""']}",Transport
686051,What are the stops on the route that goes to I-10 MARKAZ,"{'answer_start': [17549], 'text': ['""SHAMAS COLONY, KOH E NOOR MIL, GHAUSIA ADDA MOR, UP ROAD,BRITISH HOME, HABIB COLONY, UP TOLL PLAZA, KACHA STOP, CARRIAGE FACTORY, NESCOM CHOWK, I-10/2, I-10/4, I-10 MARKAZ, CDA DOUBLE ROAD, SERVICE ROAD, I-9 MARKAZ""']}",Transport
686053,What are the stops on the route that goes to I-10 MARKAZ,"{'answer_start': [17549], 'text': ['""SHAMAS COLONY, KOH E NOOR MIL, GHAUSIA ADDA MOR, UP ROAD,BRITISH HOME, HABIB COLONY, UP TOLL PLAZA, KACHA STOP, CARRIAGE FACTORY, NESCOM CHOWK, I-10/2, I-10/4, I-10 MARKAZ, CDA DOUBLE ROAD, SERVICE ROAD, I-9 MARKAZ""']}",Transport
686056,What are the stops on the route that goes to I-9 MARKAZ,"{'answer_start': [17549], 'text': ['""SHAMAS COLONY, KOH E NOOR MIL, GHAUSIA ADDA MOR, UP ROAD,BRITISH HOME, HABIB COLONY, UP TOLL PLAZA, KACHA STOP, CARRIAGE FACTORY, NESCOM CHOWK, I-10/2, I-10/4, I-10 MARKAZ, CDA DOUBLE ROAD, SERVICE ROAD, I-9 MARKAZ""']}",Transport
686036,What are the stops on the route that goes to islamabad/Rawalpindi,"{'answer_start': [17549], 'text': ['""SHAMAS COLONY, KOH E NOOR MIL, GHAUSIA ADDA MOR, UP ROAD,BRITISH HOME, HABIB COLONY, UP TOLL PLAZA, KACHA STOP, CARRIAGE FACTORY, NESCOM CHOWK, I-10/2, I-10/4, I-10 MARKAZ, CDA DOUBLE ROAD, SERVICE ROAD, I-9 MARKAZ""']}",Transport
6860045,What are the stops on the route that goes to KACHA STOP,"{'answer_start': [17549], 'text': ['""SHAMAS COLONY, KOH E NOOR MIL, GHAUSIA ADDA MOR, UP ROAD,BRITISH HOME, HABIB COLONY, UP TOLL PLAZA, KACHA STOP, CARRIAGE FACTORY, NESCOM CHOWK, I-10/2, I-10/4, I-10 MARKAZ, CDA DOUBLE ROAD, SERVICE ROAD, I-9 MARKAZ""']}",Transport
686919,"What are the stops on Route 49?
","{'answer_start': [23070], 'text': ['""KHANA PUL, HIGHWAY, KHOKHAR HOTEL, KORANG TOWN, PAKISTAN TOWN, PWD, BAHRIA TOWN PHASE III AREA, DHA CHOWK, MORGAH, GULISTAN COLONY, CHAKLALA SCHEME-III""']}",Transport
686912,"What are the stops on the route for the bus with vehicle number GJ-792?
","{'answer_start': [23070], 'text': ['""KHANA PUL, HIGHWAY, KHOKHAR HOTEL, KORANG TOWN, PAKISTAN TOWN, PWD, BAHRIA TOWN PHASE III AREA, DHA CHOWK, MORGAH, GULISTAN COLONY, CHAKLALA SCHEME-III""']}",Transport
686916,"What is the contact number for the driver of Route 49?
","{'answer_start': [23266], 'text': ['0346-5429124']}",Transport
686924,"What is the contact number for the driver of the bus that goes to KAHUTA
","{'answer_start': [23012], 'text': ['0344-5290115']}",Transport
686927,"What is the contact number for the driver of the bus that goes to NAVAL ANCHORAGE
","{'answer_start': [23012], 'text': ['0344-5290115']}",Transport
686926,"What is the contact number for the driver of the bus that goes to SIHALA
","{'answer_start': [23012], 'text': ['0344-5290115']}",Transport
686914,"What is the contact number for the driver of the bus with vehicle number GJ-792?
","{'answer_start': [23244], 'text': ['0346-5429124']}",Transport
686911,"What is the name of the driver for the bus that goes to bahria town
","{'answer_start': [23231], 'text': ['SHAHID ANWAR']}",Transport
686905,"What is the name of the driver for the bus that goes to BAHRIA TOWN PHASE III AREA
","{'answer_start': [23231], 'text': ['SHAHID ANWAR']}",Transport
686904,"What is the name of the driver for the bus that goes to DHA CHOWK
","{'answer_start': [23231], 'text': ['SHAHID ANWAR']}",Transport
686910,"What is the name of the driver for the bus that goes to HIGHWAY
","{'answer_start': [23231], 'text': ['SHAHID ANWAR']}",Transport
686928,"What is the name of the driver for the bus that goes to KHANA PUL
","{'answer_start': [23231], 'text': ['SHAHID ANWAR']}",Transport
686909,"What is the name of the driver for the bus that goes to KHOKHAR HOTEL
","{'answer_start': [23231], 'text': ['SHAHID ANWAR']}",Transport
686908,"What is the name of the driver for the bus that goes to KORANG TOWN
","{'answer_start': [23231], 'text': ['SHAHID ANWAR']}",Transport
686907,"What is the name of the driver for the bus that goes to PAKISTAN TOWN
","{'answer_start': [23231], 'text': ['SHAHID ANWAR']}",Transport
686906,"What is the name of the driver for the bus that goes to PWD
","{'answer_start': [23231], 'text': ['SHAHID ANWAR']}",Transport
686913,"What is the name of the driver for the bus with vehicle number GJ-792?
","{'answer_start': [23231], 'text': ['SHAHID ANWAR']}",Transport
686925,"What is the route number for the bus that goes to BANGIAL
","{'answer_start': [23025], 'text': ['Route 48']}",Transport
686920,"What is the route number for the bus that goes to KAHUTA
","{'answer_start': [23025], 'text': ['Route 48']}",Transport
6869230,"What is the route number for the bus that goes to KIRPA
","{'answer_start': [23025], 'text': ['Route 48']}",Transport
686922,"What is the route number for the bus that goes to NAVAL ANCHORAGE
","{'answer_start': [23025], 'text': ['Route 48']}",Transport
6869201,"What is the route number for the bus that goes to SIHALA
","{'answer_start': [23025], 'text': ['Route 48']}",Transport
686915,"What is the route number for the bus with vehicle number GJ-792?
","{'answer_start': [23257], 'text': ['Route 49']}",Transport
686918,"What is the vehicle number for Route 49?
","{'answer_start': [203224], 'text': ['GJ-792']}",Transport
686917,"Who is the driver for Route 49?

","{'answer_start': [23231], 'text': ['SHAHID ANWAR']}",Transport
686966,"What are the stops on the route that goes to bahria town
","{'answer_start': [25296], 'text': ['""KHANA PUL, HIGHWAY, KHOKHAR HOTEL, KORANG TOWN, PAKISTAN TOWN, PWD, BAHRIA TOWN PHASE III AREA, DHA CHOWK, MORGAH, GULISTAN COLONY, CHAKLALA SCHEME-III""']}",Transport
686958,"What are the stops on the route that goes to BAHRIA TOWN PHASE III AREA
","{'answer_start': [25296], 'text': ['""KHANA PUL, HIGHWAY, KHOKHAR HOTEL, KORANG TOWN, PAKISTAN TOWN, PWD, BAHRIA TOWN PHASE III AREA, DHA CHOWK, MORGAH, GULISTAN COLONY, CHAKLALA SCHEME-III""']}",Transport
686954,"What are the stops on the route that goes to CHAKLALA SCHEME-III
","{'answer_start': [25296], 'text': ['""KHANA PUL, HIGHWAY, KHOKHAR HOTEL, KORANG TOWN, PAKISTAN TOWN, PWD, BAHRIA TOWN PHASE III AREA, DHA CHOWK, MORGAH, GULISTAN COLONY, CHAKLALA SCHEME-III""']}",Transport
686970,"What is the route number for the bus that goes to GULISTAN COLONY
","{'answer_start': [25690], 'text': ['Route 49']}",Transport
686972,"What is the route number for the bus that goes to DHA CHOWK
","{'answer_start': [25690], 'text': ['Route 49']}",Transport
686957,"What are the stops on the route that goes to DHA CHOWK
","{'answer_start': [25296], 'text': ['""KHANA PUL, HIGHWAY, KHOKHAR HOTEL, KORANG TOWN, PAKISTAN TOWN, PWD, BAHRIA TOWN PHASE III AREA, DHA CHOWK, MORGAH, GULISTAN COLONY, CHAKLALA SCHEME-III""']}",Transport
686992,"What is the contact number for the driver of the bus that goes to bahria town
","{'answer_start': [25677], 'text': ['0346-5429124']}",Transport
686985,"What is the contact number for the driver of the bus that goes to BAHRIA TOWN PHASE III AREA
","{'answer_start': [25677], 'text': ['0346-5429124']}",Transport
686981,"What is the contact number for the driver of the bus that goes to CHAKLALA SCHEME-III
","{'answer_start': [25677], 'text': ['0346-5429124']}",Transport
686984,"What is the contact number for the driver of the bus that goes to DHA CHOWK
","{'answer_start': [25651], 'text': ['0346-5429124']}",Transport
686982,"What is the contact number for the driver of the bus that goes to GULISTAN COLONY
","{'answer_start': [25664], 'text': ['0346-5429124']}",Transport
686990,"What is the contact number for the driver of the bus that goes to HIGHWAY
","{'answer_start': [25664], 'text': ['0346-5429124']}",Transport
686955,"What are the stops on the route that goes to GULISTAN COLONY
","{'answer_start': [25296], 'text': ['""KHANA PUL, HIGHWAY, KHOKHAR HOTEL, KORANG TOWN, PAKISTAN TOWN, PWD, BAHRIA TOWN PHASE III AREA, DHA CHOWK, MORGAH, GULISTAN COLONY, CHAKLALA SCHEME-III""']}",Transport
686964,"What are the stops on the route that goes to HIGHWAY
","{'answer_start': [25296], 'text': ['""KHANA PUL, HIGHWAY, KHOKHAR HOTEL, KORANG TOWN, PAKISTAN TOWN, PWD, BAHRIA TOWN PHASE III AREA, DHA CHOWK, MORGAH, GULISTAN COLONY, CHAKLALA SCHEME-III""']}",Transport
686965,"What are the stops on the route that goes to KHANA PUL
","{'answer_start': [25296], 'text': ['""KHANA PUL, HIGHWAY, KHOKHAR HOTEL, KORANG TOWN, PAKISTAN TOWN, PWD, BAHRIA TOWN PHASE III AREA, DHA CHOWK, MORGAH, GULISTAN COLONY, CHAKLALA SCHEME-III""']}",Transport
686962,"What are the stops on the route that goes to KHOKHAR HOTEL
","{'answer_start': [25296], 'text': ['""KHANA PUL, HIGHWAY, KHOKHAR HOTEL, KORANG TOWN, PAKISTAN TOWN, PWD, BAHRIA TOWN PHASE III AREA, DHA CHOWK, MORGAH, GULISTAN COLONY, CHAKLALA SCHEME-III""']}",Transport
686961,"What are the stops on the route that goes to KORANG TOWN
","{'answer_start': [25296], 'text': ['""KHANA PUL, HIGHWAY, KHOKHAR HOTEL, KORANG TOWN, PAKISTAN TOWN, PWD, BAHRIA TOWN PHASE III AREA, DHA CHOWK, MORGAH, GULISTAN COLONY, CHAKLALA SCHEME-III""']}",Transport
686991,"What is the contact number for the driver of the bus that goes to KHANA PUL
","{'answer_start': [25677], 'text': ['0346-5429124']}",Transport
686989,"What is the contact number for the driver of the bus that goes to KHOKHAR HOTEL
","{'answer_start': [25677], 'text': ['0346-5429124']}",Transport
686956,"What are the stops on the route that goes to MORGAH
","{'answer_start': [25296], 'text': ['""KHANA PUL, HIGHWAY, KHOKHAR HOTEL, KORANG TOWN, PAKISTAN TOWN, PWD, BAHRIA TOWN PHASE III AREA, DHA CHOWK, MORGAH, GULISTAN COLONY, CHAKLALA SCHEME-III""']}",Transport
686988,"What is the contact number for the driver of the bus that goes to KORANG TOWN
","{'answer_start': [25677], 'text': ['0346-5429124']}",Transport
686983,"What is the contact number for the driver of the bus that goes to MORGAH
","{'answer_start': [25664], 'text': ['0346-5429124']}",Transport
686987,"What is the contact number for the driver of the bus that goes to PAKISTAN TOWN
","{'answer_start': [25677], 'text': ['0346-5429124']}",Transport
686986,"What is the contact number for the driver of the bus that goes to PWD
","{'answer_start': [25664], 'text': ['0346-5429124']}",Transport
686980,"What is the route number for the bus that goes to bahria town
","{'answer_start': [25690], 'text': ['Route 49']}",Transport
686973,"What is the route number for the bus that goes to BAHRIA TOWN PHASE III AREA
","{'answer_start': [256099], 'text': ['Route 49']}",Transport
686978,"What is the route number for the bus that goes to HIGHWAY
","{'answer_start': [25690], 'text': ['Route 49']}",Transport
686979,"What is the route number for the bus that goes to KHANA PUL
","{'answer_start': [25690], 'text': ['Route 49']}",Transport
686977,"What is the route number for the bus that goes to KHOKHAR HOTEL
","{'answer_start': [25690], 'text': ['Route 49']}",Transport
686976,"What is the route number for the bus that goes to KORANG TOWN
","{'answer_start': [25690], 'text': ['Route 49']}",Transport
686971,"What is the route number for the bus that goes to MORGAH
","{'answer_start': [25690], 'text': ['Route 49']}",Transport
686975,"What is the route number for the bus that goes to PAKISTAN TOWN
","{'answer_start': [25690], 'text': ['Route 49']}",Transport
686974,"What is the route number for the bus that goes to PWD
","{'answer_start': [25690], 'text': ['Route 49']}",Transport
686993,"What is the vehicle number for the bus that goes to CHAKLALA SCHEME-III
","{'answer_start': [25527], 'text': ['GJ-792']}",Transport
686994,"What is the vehicle number for the bus that goes to GULISTAN COLONY
","{'answer_start': [25527], 'text': ['GJ-792']}",Transport
686997,"What is the route number for the bus that goes to CHAKLALA SCHEME-III
","{'answer_start': [25789], 'text': ['Route 49']}",Transport
686960,"What are the stops on the route that goes to PAKISTAN TOWN
","{'answer_start': [25296], 'text': ['""KHANA PUL, HIGHWAY, KHOKHAR HOTEL, KORANG TOWN, PAKISTAN TOWN, PWD, BAHRIA TOWN PHASE III AREA, DHA CHOWK, MORGAH, GULISTAN COLONY, CHAKLALA SCHEME-III""']}",Transport
686959,"What are the stops on the route that goes to PWD
","{'answer_start': [25296], 'text': ['""KHANA PUL, HIGHWAY, KHOKHAR HOTEL, KORANG TOWN, PAKISTAN TOWN, PWD, BAHRIA TOWN PHASE III AREA, DHA CHOWK, MORGAH, GULISTAN COLONY, CHAKLALA SCHEME-III""']}",Transport
686967,"What is the name of the driver for the bus that goes to CHAKLALA SCHEME-III
","{'answer_start': [23589], 'text': ['SHAHID ANWAR']}",Transport
686968,"What is the name of the driver for the bus that goes to GULISTAN COLONY
","{'answer_start': [23589], 'text': ['SHAHID ANWAR']}",Transport
686969,"What is the name of the driver for the bus that goes to MORGAH
","{'answer_start': [23589], 'text': ['SHAHID ANWAR']}",Transport
686953,"What is the vehicle number for the bus that goes to bahria town
","{'answer_start': [25450], 'text': ['GJ-792']}",Transport
686944,"What is the vehicle number for the bus that goes to BAHRIA TOWN PHASE III AREA
","{'answer_start': [25450], 'text': ['GJ-792']}",Transport
686943,"What is the vehicle number for the bus that goes to DHA CHOWK
","{'answer_start': [25450], 'text': ['GJ-792']}",Transport
686951,"What is the vehicle number for the bus that goes to HIGHWAY
","{'answer_start': [25450], 'text': ['GJ-792']}",Transport
686952,"What is the vehicle number for the bus that goes to KHANA PUL
","{'answer_start': [25450], 'text': ['GJ-792']}",Transport
686950,"What is the vehicle number for the bus that goes to KHOKHAR HOTEL
","{'answer_start': [25450], 'text': ['GJ-792']}",Transport
686948,"What is the vehicle number for the bus that goes to KORANG TOWN
","{'answer_start': [25450], 'text': ['GJ-792']}",Transport
686942,"What is the vehicle number for the bus that goes to MORGAH
","{'answer_start': [25450], 'text': ['GJ-792']}",Transport
686947,"What is the vehicle number for the bus that goes to PAKISTAN TOWN
","{'answer_start': [25450], 'text': ['GJ-792']}",Transport
686946,"What is the vehicle number for the bus that goes to PWD
","{'answer_start': [25450], 'text': ['GJ-792']}",Transport
687203,"What are the stops on the route that goes to FAZAL TOWN
","{'answer_start': [26114], 'text': ['""KHANA PUL, KARAL CHOWK, FAZAL TOWN, AIRPORT, RAHIMABAD, AMAR CHOWK, ADIALA ROAD, KHAWAJA CORPORATION, MUBBARIK LANE, DHAMA SYEDAN, ALI TOWN, DHOKE RAJGAN, JARAHI, REHMAN MARKAZ, SAMMAR ZAR, MADINA TOWN, ADIALA, GORKPUR, BACK AIRPORT, HIGHWAY']}",Transport
687152,"What are the stops on the route for the bus with vehicle number GH-142?
","{'answer_start': [26114], 'text': ['""KHANA PUL, KARAL CHOWK, FAZAL TOWN, AIRPORT, RAHIMABAD, AMAR CHOWK, ADIALA ROAD, KHAWAJA CORPORATION, MUBBARIK LANE, DHAMA SYEDAN, ALI TOWN, DHOKE RAJGAN, JARAHI, REHMAN MARKAZ, SAMMAR ZAR, MADINA TOWN, ADIALA, GORKPUR, BACK AIRPORT, HIGHWAY""']}",Transport
687189,"What are the stops on the route that goes to ADIALA
","{'answer_start': [25798], 'text': ['""KHANA PUL, KARAL CHOWK, FAZAL TOWN, AIRPORT, RAHIMABAD, AMAR CHOWK, ADIALA ROAD, KHAWAJA CORPORATION, MUBBARIK LANE, DHAMA SYEDAN, ALI TOWN, DHOKE RAJGAN, JARAHI, REHMAN MARKAZ, SAMMAR ZAR, MADINA TOWN, ADIALA, GORKPUR, BACK AIRPORT, HIGHWAY""']}",Transport
687198,"What are the stops on the route that goes to ADIALA ROAD
","{'answer_start': [25798], 'text': ['""KHANA PUL, KARAL CHOWK, FAZAL TOWN, AIRPORT, RAHIMABAD, AMAR CHOWK, ADIALA ROAD, KHAWAJA CORPORATION, MUBBARIK LANE, DHAMA SYEDAN, ALI TOWN, DHOKE RAJGAN, JARAHI, REHMAN MARKAZ, SAMMAR ZAR, MADINA TOWN, ADIALA, GORKPUR, BACK AIRPORT, HIGHWAY""']}",Transport
687187,"What are the stops on the route that goes to BACK AIRPORT
","{'answer_start': [25798], 'text': ['""KHANA PUL, KARAL CHOWK, FAZAL TOWN, AIRPORT, RAHIMABAD, AMAR CHOWK, ADIALA ROAD, KHAWAJA CORPORATION, MUBBARIK LANE, DHAMA SYEDAN, ALI TOWN, DHOKE RAJGAN, JARAHI, REHMAN MARKAZ, SAMMAR ZAR, MADINA TOWN, ADIALA, GORKPUR, BACK AIRPORT, HIGHWAY""']}",Transport
687196,"What are the stops on the route that goes to DHAMA SYEDAN
","{'answer_start': [26114], 'text': ['""KHANA PUL, KARAL CHOWK, FAZAL TOWN, AIRPORT, RAHIMABAD, AMAR CHOWK, ADIALA ROAD, KHAWAJA CORPORATION, MUBBARIK LANE, DHAMA SYEDAN, ALI TOWN, DHOKE RAJGAN, JARAHI, REHMAN MARKAZ, SAMMAR ZAR, MADINA TOWN, ADIALA, GORKPUR, BACK AIRPORT, HIGHWAY']}",Transport
687194,"What are the stops on the route that goes to DHOKE RAJGAN
","{'answer_start': [26114], 'text': ['""KHANA PUL, KARAL CHOWK, FAZAL TOWN, AIRPORT, RAHIMABAD, AMAR CHOWK, ADIALA ROAD, KHAWAJA CORPORATION, MUBBARIK LANE, DHAMA SYEDAN, ALI TOWN, DHOKE RAJGAN, JARAHI, REHMAN MARKAZ, SAMMAR ZAR, MADINA TOWN, ADIALA, GORKPUR, BACK AIRPORT, HIGHWAY""']}",Transport
687188,"What are the stops on the route that goes to GORKPUR
","{'answer_start': [26114], 'text': ['""KHANA PUL, KARAL CHOWK, FAZAL TOWN, AIRPORT, RAHIMABAD, AMAR CHOWK, ADIALA ROAD, KHAWAJA CORPORATION, MUBBARIK LANE, DHAMA SYEDAN, ALI TOWN, DHOKE RAJGAN, JARAHI, REHMAN MARKAZ, SAMMAR ZAR, MADINA TOWN, ADIALA, GORKPUR, BACK AIRPORT, HIGHWAY']}",Transport
687186,"What are the stops on the route that goes to HIGHWAY
","{'answer_start': [26114], 'text': ['""KHANA PUL, KARAL CHOWK, FAZAL TOWN, AIRPORT, RAHIMABAD, AMAR CHOWK, ADIALA ROAD, KHAWAJA CORPORATION, MUBBARIK LANE, DHAMA SYEDAN, ALI TOWN, DHOKE RAJGAN, JARAHI, REHMAN MARKAZ, SAMMAR ZAR, MADINA TOWN, ADIALA, GORKPUR, BACK AIRPORT, HIGHWAY']}",Transport
687193,"What are the stops on the route that goes to JARAHI
","{'answer_start': [26114], 'text': ['""KHANA PUL, KARAL CHOWK, FAZAL TOWN, AIRPORT, RAHIMABAD, AMAR CHOWK, ADIALA ROAD, KHAWAJA CORPORATION, MUBBARIK LANE, DHAMA SYEDAN, ALI TOWN, DHOKE RAJGAN, JARAHI, REHMAN MARKAZ, SAMMAR ZAR, MADINA TOWN, ADIALA, GORKPUR, BACK AIRPORT, HIGHWAY""']}",Transport
687204,"What are the stops on the route that goes to KARAL CHOWK
","{'answer_start': [26114], 'text': ['""KHANA PUL, KARAL CHOWK, FAZAL TOWN, AIRPORT, RAHIMABAD, AMAR CHOWK, ADIALA ROAD, KHAWAJA CORPORATION, MUBBARIK LANE, DHAMA SYEDAN, ALI TOWN, DHOKE RAJGAN, JARAHI, REHMAN MARKAZ, SAMMAR ZAR, MADINA TOWN, ADIALA, GORKPUR, BACK AIRPORT, HIGHWAY""']}",Transport
687205,"What are the stops on the route that goes to KHANA PUL
","{'answer_start': [26114], 'text': ['""KHANA PUL, KARAL CHOWK, FAZAL TOWN, AIRPORT, RAHIMABAD, AMAR CHOWK, ADIALA ROAD, KHAWAJA CORPORATION, MUBBARIK LANE, DHAMA SYEDAN, ALI TOWN, DHOKE RAJGAN, JARAHI, REHMAN MARKAZ, SAMMAR ZAR, MADINA TOWN, ADIALA, GORKPUR, BACK AIRPORT, HIGHWAY""']}",Transport
687197,"What are the stops on the route that goes to KHAWAJA CORPORATION
","{'answer_start': [26114], 'text': ['""KHANA PUL, KARAL CHOWK, FAZAL TOWN, AIRPORT, RAHIMABAD, AMAR CHOWK, ADIALA ROAD, KHAWAJA CORPORATION, MUBBARIK LANE, DHAMA SYEDAN, ALI TOWN, DHOKE RAJGAN, JARAHI, REHMAN MARKAZ, SAMMAR ZAR, MADINA TOWN, ADIALA, GORKPUR, BACK AIRPORT, HIGHWAY""']}",Transport
687191,"What are the stops on the route that goes to MADINA TOWN
","{'answer_start': [26114], 'text': ['""KHANA PUL, KARAL CHOWK, FAZAL TOWN, AIRPORT, RAHIMABAD, AMAR CHOWK, ADIALA ROAD, KHAWAJA CORPORATION, MUBBARIK LANE, DHAMA SYEDAN, ALI TOWN, DHOKE RAJGAN, JARAHI, REHMAN MARKAZ, SAMMAR ZAR, MADINA TOWN, ADIALA, GORKPUR, BACK AIRPORT, HIGHWAY""']}",Transport
687201,"What are the stops on the route that goes to RAHIMABAD
","{'answer_start': [31553], 'text': ['""KHANA PUL, KARAL CHOWK, FAZAL TOWN, AIRPORT, RAHIMABAD, AMAR CHOWK, ADIALA ROAD, KHAWAJA CORPORATION, MUBBARIK LANE, DHAMA SYEDAN, ALI TOWN, DHOKE RAJGAN, JARAHI, REHMAN MARKAZ, SAMMAR ZAR, MADINA TOWN, ADIALA, GORKPUR, BACK AIRPORT, HIGHWAY""']}",Transport
687246,"What is the vehicle number for the bus that goes to RAHIMABAD
","{'answer_start': [26042], 'text': ['GH-142']}",Transport
687236,"What is the vehicle number for the bus that goes to REHMAN MARKAZ
","{'answer_start': [26042], 'text': ['GH-142']}",Transport
687235,"What is the vehicle number for the bus that goes to SAMMAR ZAR
","{'answer_start': [26042], 'text': ['GH-142']}",Transport
687241,"What is the vehicle number for the bus that goes to MUBBARIK LANE
","{'answer_start': [26042], 'text': ['GH-142']}",Transport
687234,"What is the vehicle number for the bus that goes to MADINA TOWN
","{'answer_start': [26042], 'text': ['GH-142']}",Transport
687242,"What is the vehicle number for the bus that goes to KHAWAJA CORPORATION
","{'answer_start': [26042], 'text': ['GH-142']}",Transport
687249,"What is the vehicle number for the bus that goes to KARAL CHOWK
","{'answer_start': [26042], 'text': ['GH-142']}",Transport
687237,"What is the vehicle number for the bus that goes to JARAHI
","{'answer_start': [26042], 'text': ['GH-142']}",Transport
687229,"What is the vehicle number for the bus that goes to HIGHWAY
","{'answer_start': [26042], 'text': ['GH-142']}",Transport
687248,"What is the vehicle number for the bus that goes to FAZAL TOWN
","{'answer_start': [26042], 'text': ['GH-142']}",Transport
687231,"What is the vehicle number for the bus that goes to GORKPUR
","{'answer_start': [26042], 'text': ['GH-142']}",Transport
687238,"What is the vehicle number for the bus that goes to DHOKE RAJGAN
","{'answer_start': [26042], 'text': ['GH-142']}",Transport
687240,"What is the vehicle number for the bus that goes to DHAMA SYEDAN
","{'answer_start': [26042], 'text': ['GH-142']}",Transport
687230,"What is the vehicle number for the bus that goes to BACK AIRPORT
","{'answer_start': [26042], 'text': ['GH-142']}",Transport
687245,"What is the vehicle number for the bus that goes to AMAR CHOWK
","{'answer_start': [26042], 'text': ['GH-142']}",Transport
687239,"What is the vehicle number for the bus that goes to ALI TOWN
","{'answer_start': [26042], 'text': ['GH-142']}",Transport
687247,"What is the vehicle number for the bus that goes to AIRPORT
","{'answer_start': [26042], 'text': ['GH-142']}",Transport
687222,"What is the vehicle number for the bus that goes to Adyala road Rawalpindi
","{'answer_start': [26042], 'text': ['GH-142']}",Transport
687244,"What is the vehicle number for the bus that goes to ADIALA ROAD
","{'answer_start': [26042], 'text': ['GH-142']}",Transport
687233,"What is the vehicle number for the bus that goes to ADIALA
","{'answer_start': [26042], 'text': ['GH-142']}",Transport
687226,"What is the contact number for the driver of the bus that goes to KHANA PUL
","{'answer_start': [26064], 'text': ['0332-0563789']}",Transport
687225,"What is the contact number for the driver of the bus that goes to KARAL CHOWK
","{'answer_start': [26064], 'text': ['0332-0563789']}",Transport
687224,"What is the contact number for the driver of the bus that goes to FAZAL TOWN
","{'answer_start': [26064], 'text': ['0332-0563789']}",Transport
687223,"What is the contact number for the driver of the bus that goes to AIRPORT
","{'answer_start': [26064], 'text': ['0332-0563789']}",Transport
687227,"What is the contact number for the driver of the bus that goes to Adyala road Rawalpindi
","{'answer_start': [26064], 'text': ['0332-0563789']}",Transport
687200,"What are the stops on the route that goes to AMAR CHOWK
","{'answer_start': [25798], 'text': ['""KHANA PUL, KARAL CHOWK, FAZAL TOWN, AIRPORT, RAHIMABAD, AMAR CHOWK, ADIALA ROAD, KHAWAJA CORPORATION, MUBBARIK LANE, DHAMA SYEDAN, ALI TOWN, DHOKE RAJGAN, JARAHI, REHMAN MARKAZ, SAMMAR ZAR, MADINA TOWN, ADIALA, GORKPUR, BACK AIRPORT, HIGHWAY""']}",Transport
687195,"What are the stops on the route that goes to ALI TOWN
","{'answer_start': [25798], 'text': ['""KHANA PUL, KARAL CHOWK, FAZAL TOWN, AIRPORT, RAHIMABAD, AMAR CHOWK, ADIALA ROAD, KHAWAJA CORPORATION, MUBBARIK LANE, DHAMA SYEDAN, ALI TOWN, DHOKE RAJGAN, JARAHI, REHMAN MARKAZ, SAMMAR ZAR, MADINA TOWN, ADIALA, GORKPUR, BACK AIRPORT, HIGHWAY""']}",Transport
687202,"What are the stops on the route that goes to AIRPORT
","{'answer_start': [25798], 'text': ['""KHANA PUL, KARAL CHOWK, FAZAL TOWN, AIRPORT, RAHIMABAD, AMAR CHOWK, ADIALA ROAD, KHAWAJA CORPORATION, MUBBARIK LANE, DHAMA SYEDAN, ALI TOWN, DHOKE RAJGAN, JARAHI, REHMAN MARKAZ, SAMMAR ZAR, MADINA TOWN, ADIALA, GORKPUR, BACK AIRPORT, HIGHWAY""']}",Transport
687206,"What are the stops on the route that goes to Adyala road Rawalpindi
","{'answer_start': [25798], 'text': ['""KHANA PUL, KARAL CHOWK, FAZAL TOWN, AIRPORT, RAHIMABAD, AMAR CHOWK, ADIALA ROAD, KHAWAJA CORPORATION, MUBBARIK LANE, DHAMA SYEDAN, ALI TOWN, DHOKE RAJGAN, JARAHI, REHMAN MARKAZ, SAMMAR ZAR, MADINA TOWN, ADIALA, GORKPUR, BACK AIRPORT, HIGHWAY""']}",Transport
687165,"What are the stops on Route 50?
","{'answer_start': [25798], 'text': ['""KHANA PUL, KARAL CHOWK, FAZAL TOWN, AIRPORT, RAHIMABAD, AMAR CHOWK, ADIALA ROAD, KHAWAJA CORPORATION, MUBBARIK LANE, DHAMA SYEDAN, ALI TOWN, DHOKE RAJGAN, JARAHI, REHMAN MARKAZ, SAMMAR ZAR, MADINA TOWN, ADIALA, GORKPUR, BACK AIRPORT, HIGHWAY""']}",Transport
687163,"What are the stops on Route 50?
","{'answer_start': [25798], 'text': ['""KHANA PUL, KARAL CHOWK, FAZAL TOWN, AIRPORT, RAHIMABAD, AMAR CHOWK, ADIALA ROAD, KHAWAJA CORPORATION, MUBBARIK LANE, DHAMA SYEDAN, ALI TOWN, DHOKE RAJGAN, JARAHI, REHMAN MARKAZ, SAMMAR ZAR, MADINA TOWN, ADIALA, GORKPUR, BACK AIRPORT, HIGHWAY""']}",Transport
687192,"What are the stops on the route that goes to REHMAN MARKAZ
","{'answer_start': [26114], 'text': ['""KHANA PUL, KARAL CHOWK, FAZAL TOWN, AIRPORT, RAHIMABAD, AMAR CHOWK, ADIALA ROAD, KHAWAJA CORPORATION, MUBBARIK LANE, DHAMA SYEDAN, ALI TOWN, DHOKE RAJGAN, JARAHI, REHMAN MARKAZ, SAMMAR ZAR, MADINA TOWN, ADIALA, GORKPUR, BACK AIRPORT, HIGHWAY""']}",Transport
687158,"What is the contact number for the driver of Route 50?
","{'answer_start': [26064], 'text': ['0332-0563789']}",Transport
687211,"What is the name of the driver for the bus that goes to ADIALA
","{'answer_start': [26049], 'text': ['Muhammad Adeel']}",Transport
687144,"What is the name of the driver for the bus that goes to ADIALA ROAD
","{'answer_start': [26049], 'text': ['Muhammad Adeel']}",Transport
687151,"What is the name of the driver for the bus that goes to Adyala road Rawalpindi
","{'answer_start': [26049], 'text': ['Muhammad Adeel']}",Transport
687146,What is the name of the driver for the bus that goes to AIRPORT,"{'answer_start': [26049], 'text': ['Muhammad Adeel']}",Transport
687139,"What is the name of the driver for the bus that goes to ALI TOWN
","{'answer_start': [26049], 'text': ['Muhammad Adeel']}",Transport
687145,"What is the name of the driver for the bus that goes to AMAR CHOWK
","{'answer_start': [26049], 'text': ['Muhammad Adeel']}",Transport
687208,"What is the name of the driver for the bus that goes to BACK AIRPORT
","{'answer_start': [26049], 'text': ['Muhammad Adeel']}",Transport
687141,"What is the name of the driver for the bus that goes to DHAMA SYEDAN
","{'answer_start': [26049], 'text': ['Muhammad Adeel']}",Transport
687148,"What is the name of the driver for the bus that goes to FAZAL TOWN
","{'answer_start': [26049], 'text': ['Muhammad Adeel']}",Transport
687138,"What is the name of the driver for the bus that goes to DHOKE RAJGAN
","{'answer_start': [26049], 'text': ['Muhammad Adeel']}",Transport
687209,"What is the name of the driver for the bus that goes to GORKPUR
","{'answer_start': [26049], 'text': ['Muhammad Adeel']}",Transport
687207,"What is the name of the driver for the bus that goes to HIGHWAY
","{'answer_start': [26049], 'text': ['Muhammad Adeel']}",Transport
687137,"What is the name of the driver for the bus that goes to JARAHI
","{'answer_start': [26049], 'text': ['Muhammad Adeel']}",Transport
687149,"What is the name of the driver for the bus that goes to KARAL CHOWK
","{'answer_start': [26049], 'text': ['Muhammad Adeel']}",Transport
687150,"What is the name of the driver for the bus that goes to KHANA PUL
","{'answer_start': [26049], 'text': ['Muhammad Adeel']}",Transport
687142,"What is the name of the driver for the bus that goes to KHAWAJA CORPORATION
","{'answer_start': [26049], 'text': ['Muhammad Adeel']}",Transport
687143,"What is the name of the driver for the bus that goes to KHAWAJA CORPORATION
","{'answer_start': [26049], 'text': ['Muhammad Adeel']}",Transport
687213,"What is the name of the driver for the bus that goes to MADINA TOWN
","{'answer_start': [26049], 'text': ['Muhammad Adeel']}",Transport
687147,"What is the name of the driver for the bus that goes to RAHIMABAD
","{'answer_start': [26049], 'text': ['Muhammad Adeel']}",Transport
687136,"What is the name of the driver for the bus that goes to REHMAN MARKAZ
","{'answer_start': [26049], 'text': ['Muhammad Adeel']}",Transport
687135,"What is the name of the driver for the bus that goes to SAMMAR ZAR
","{'answer_start': [26049], 'text': ['Muhammad Adeel']}",Transport
687154,"What is the name of the driver for the bus with vehicle number GH-142?
","{'answer_start': [26049], 'text': ['Muhammad Adeel']}",Transport
687168,"What is the route number for the bus that goes to CHAKLALA SCHEME-III
","{'answer_start': [26049], 'text': ['Muhammad Adeel']}",Transport
687156,"What is the route number for the bus with vehicle number GH-142?
","{'answer_start': [260707], 'text': ['Route 50']}",Transport
687162,"What is the vehicle number for Route 50?
","{'answer_start': [26042], 'text': ['GH-142\n']}",Transport
687160,"Who is the driver for Route 50?
","{'answer_start': [26049], 'text': ['Muhammad Adeel']}",Transport
687579,"What is the contact number for the driver of the bus that goes to KHAWAJA CORPORATION
","{'answer_start': [32204], 'text': ['0332-0563789']}",Transport
687574,"What is the contact number for the driver of the bus that goes to JARAHI
","{'answer_start': [32204], 'text': ['0332-0563789']}",Transport
687567,"What is the contact number for the driver of the bus that goes to HIGHWAY
","{'answer_start': [32204], 'text': ['0332-0563789']}",Transport
687569,"What is the contact number for the driver of the bus that goes to GORKPUR
","{'answer_start': [32204], 'text': ['0332-0563789']}",Transport
687575,"What is the contact number for the driver of the bus that goes to DHOKE RAJGAN
","{'answer_start': [32204], 'text': ['0332-0563789']}",Transport
687577,"What is the contact number for the driver of the bus that goes to DHAMA SYEDAN
","{'answer_start': [32204], 'text': ['0332-0563789']}",Transport
687568,"What is the contact number for the driver of the bus that goes to BACK AIRPORT
","{'answer_start': [32204], 'text': ['0332-0563789']}",Transport
687581,"What is the contact number for the driver of the bus that goes to AMAR CHOWK
","{'answer_start': [32204], 'text': ['0332-0563789']}",Transport
687576,"What is the contact number for the driver of the bus that goes to ALI TOWN
","{'answer_start': [32204], 'text': ['0332-0563789']}",Transport
687580,"What is the contact number for the driver of the bus that goes to ADIALA ROAD
","{'answer_start': [32204], 'text': ['0332-0563789']}",Transport
687570,"What is the contact number for the driver of the bus that goes to ADIALA
","{'answer_start': [32204], 'text': ['0332-0563789']}",Transport
687634,"What are the stops on the route that goes to TRAMRI
","{'answer_start': [34066], 'text': ['""TRAMRI, RAWAL DAM, DHOKRI PUMP, KASHMIR HIGHWAY, 26 NO. MOTORWAY CHOWK, TARNOL, WAH GARDEN, TAXILA, HMC ROAD, NDC PARKING""']}",Transport
687571,"What is the contact number for the driver of the bus that goes to MADINA TOWN
","{'answer_start': [32204], 'text': ['0332-0563789']}",Transport
687578,"What is the contact number for the driver of the bus that goes to MUBBARIK LANE
","{'answer_start': [32204], 'text': ['0332-0563789']}",Transport
687582,"What is the contact number for the driver of the bus that goes to RAHIMABAD
","{'answer_start': [32204], 'text': ['0332-0563789']}",Transport
687573,"What is the contact number for the driver of the bus that goes to REHMAN MARKAZ
","{'answer_start': [32204], 'text': ['0332-0563789']}",Transport
687572,"What is the contact number for the driver of the bus that goes to SAMMAR ZAR
","{'answer_start': [32204], 'text': ['0332-0563789']}",Transport
687628,"What are the stops on the route that goes to  WAH GARDEN
","{'answer_start': [34066], 'text': ['""TRAMRI, RAWAL DAM, DHOKRI PUMP, KASHMIR HIGHWAY, 26 NO. MOTORWAY CHOWK, TARNOL, WAH GARDEN, TAXILA, HMC ROAD, NDC PARKING""']}",Transport
687637,"What is the name of the driver for the bus that goes to HMC ROAD
","{'answer_start': [32816], 'text': ['AFZAL ALI']}",Transport
687636,"What is the name of the driver for the bus that goes to NDC PARKING
","{'answer_start': [32816], 'text': ['AFZAL ALI']}",Transport
687645,"What is the vehicle number for the bus that goes to 26 NO. MOTORWAY CHOWK
","{'answer_start': [34190], 'text': ['GE-792']}",Transport
687647,"What is the vehicle number for the bus that goes to DHOKRI PUMP
","{'answer_start': [34190], 'text': ['GE-792']}",Transport
687155,"What is the contact number for the driver of the bus with vehicle number GH-142?
","{'answer_start': [32204], 'text': ['0332-0563789']}",Transport
687560,"What is the route number for the bus that goes to ADIALA ROAD
","{'answer_start': [32217], 'text': ['Route 50']}",Transport
687566,"What is the route number for the bus that goes to Adyala road Rawalpindi
","{'answer_start': [32226], 'text': ['Route 50']}",Transport
687562,"What is the route number for the bus that goes to AIRPORT
","{'answer_start': [32235], 'text': ['Route 50']}",Transport
687556,"What is the route number for the bus that goes to ALI TOWN
","{'answer_start': [32244], 'text': ['Route 50']}",Transport
687554,"What is the route number for the bus that goes to AMAR CHOWK
","{'answer_start': [32253], 'text': ['Route 50']}",Transport
687557,"What is the route number for the bus that goes to DHAMA SYEDAN
","{'answer_start': [322107], 'text': ['Route 50']}",Transport
687555,"What is the route number for the bus that goes to DHOKE RAJGAN
","{'answer_start': [32235], 'text': ['Route 50']}",Transport
687563,"What is the route number for the bus that goes to FAZAL TOWN
","{'answer_start': [32226], 'text': ['Route 50']}",Transport
687564,"What is the route number for the bus that goes to KARAL CHOWK
","{'answer_start': [32217], 'text': ['Route 50']}",Transport
687565,What is the route number for the bus that goes to KHANA PUL,"{'answer_start': [32217], 'text': ['Route 50']}",Transport
687559,"What is the route number for the bus that goes to KHAWAJA CORPORATION
","{'answer_start': [322170], 'text': ['Route 50']}",Transport
687558,"What is the route number for the bus that goes to MUBBARIK LANE
","{'answer_start': [302217], 'text': ['Route 50']}",Transport
687561,"What is the route number for the bus that goes to RAHIMABAD
","{'answer_start': [322017], 'text': ['Route 50']}",Transport
687604,"What is the route number for the bus that goes to MADINA TOWN
","{'answer_start': [323907], 'text': ['Route 50']}",Transport
687607,"What is the route number for the bus that goes to JARAHI
","{'answer_start': [323970], 'text': ['Route 50']}",Transport
687599,"What is the route number for the bus that goes to HIGHWAY
","{'answer_start': [32397], 'text': ['Route 50']}",Transport
687606,"What is the route number for the bus that goes to REHMAN MARKAZ
","{'answer_start': [32397], 'text': ['Route 50']}",Transport
687605,"What is the route number for the bus that goes to SAMMAR ZAR
","{'answer_start': [323970], 'text': ['Route 50']}",Transport
687602,"What is the route number for the bus that goes to GORKPUR
","{'answer_start': [32397], 'text': ['Route 50']}",Transport
687600,"What is the route number for the bus that goes to BACK AIRPORT
","{'answer_start': [323907], 'text': ['Route 50']}",Transport
687603,"What is the route number for the bus that goes to ADIALA
","{'answer_start': [32397], 'text': ['Route 50']}",Transport
687593,"What is the name of the driver for the bus with vehicle number GE-792?
","{'answer_start': [32716], 'text': ['AFZAL ALI']}",Transport
687583,"What is the name of the driver for the bus that goes to  WAH GARDEN
","{'answer_start': [32716], 'text': ['AFZAL ALI']}",Transport
687590,"What is the name of the driver for the bus that goes to TRAMRI
","{'answer_start': [32716], 'text': ['AFZAL ALI']}",Transport
687591,"What is the name of the driver for the bus that goes to Taxila/Wah
","{'answer_start': [32716], 'text': ['AFZAL ALI']}",Transport
687584,"What is the name of the driver for the bus that goes to TAXILA
","{'answer_start': [32716], 'text': ['AFZAL ALI']}",Transport
687585,"What is the name of the driver for the bus that goes to TARNOL
","{'answer_start': [32716], 'text': ['AFZAL ALI']}",Transport
687589,"What is the name of the driver for the bus that goes to RAWAL DAM
","{'answer_start': [32716], 'text': ['AFZAL ALI']}",Transport
687587,"What is the name of the driver for the bus that goes to KASHMIR HIGHWAY
","{'answer_start': [32716], 'text': ['AFZAL ALI']}",Transport
687588,"What is the name of the driver for the bus that goes to DHOKRI PUMP
","{'answer_start': [32716], 'text': ['AFZAL ALI']}",Transport
687586,"What is the name of the driver for the bus that goes to 26 NO. MOTORWAY CHOWK
","{'answer_start': [32716], 'text': ['AFZAL ALI']}",Transport
687594,"What is the contact number for the driver of the bus with vehicle number GE-792?
","{'answer_start': [32569], 'text': ['0300-9718750']}",Transport
687595,"What is the contact number for the driver of Route 51?
","{'answer_start': [32547], 'text': ['0300-9718750']}",Transport
687592,"What are the stops on the route for the bus with vehicle number GE-792?
","{'answer_start': [324006], 'text': ['""TRAMRI, RAWAL DAM, DHOKRI PUMP, KASHMIR HIGHWAY, 26 NO. MOTORWAY CHOWK, TARNOL, WAH GARDEN, TAXILA, HMC ROAD, NDC PARKING""']}",Transport
687598,"What are the stops on Route 51?
","{'answer_start': [32406], 'text': ['""TRAMRI, RAWAL DAM, DHOKRI PUMP, KASHMIR HIGHWAY, 26 NO. MOTORWAY CHOWK, TARNOL, WAH GARDEN, TAXILA, HMC ROAD, NDC PARKING""']}",Transport
687609,"What is the name of the driver for the bus with vehicle number GE-792?
","{'answer_start': [32716], 'text': ['AFZAL ALI']}",Transport
687597,"What is the vehicle number for Route 51?
","{'answer_start': [32530], 'text': ['GE-792']}",Transport
687610,"What is the contact number for the driver of the bus that goes to Taxila/Wah
","{'answer_start': [34267], 'text': ['0300-9718750']}",Transport
687631,"What are the stops on the route that goes to 26 NO. MOTORWAY CHOWK
","{'answer_start': [34066], 'text': ['""TRAMRI, RAWAL DAM, DHOKRI PUMP, KASHMIR HIGHWAY, 26 NO. MOTORWAY CHOWK, TARNOL, WAH GARDEN, TAXILA, HMC ROAD, NDC PARKING""']}",Transport
687633,"What are the stops on the route that goes to DHOKRI PUMP
","{'answer_start': [34066], 'text': ['""TRAMRI, RAWAL DAM, DHOKRI PUMP, KASHMIR HIGHWAY, 26 NO. MOTORWAY CHOWK, TARNOL, WAH GARDEN, TAXILA, HMC ROAD, NDC PARKING""']}",Transport
687626,"What are the stops on the route that goes to HMC ROAD
","{'answer_start': [34066], 'text': ['""TRAMRI, RAWAL DAM, DHOKRI PUMP, KASHMIR HIGHWAY, 26 NO. MOTORWAY CHOWK, TARNOL, WAH GARDEN, TAXILA, HMC ROAD, NDC PARKING""']}",Transport
687632,"What are the stops on the route that goes to KASHMIR HIGHWAY
","{'answer_start': [34066], 'text': ['""TRAMRI, RAWAL DAM, DHOKRI PUMP, KASHMIR HIGHWAY, 26 NO. MOTORWAY CHOWK, TARNOL, WAH GARDEN, TAXILA, HMC ROAD, NDC PARKING""']}",Transport
687625,"What are the stops on the route that goes to NDC PARKING
","{'answer_start': [34066], 'text': ['""TRAMRI, RAWAL DAM, DHOKRI PUMP, KASHMIR HIGHWAY, 26 NO. MOTORWAY CHOWK, TARNOL, WAH GARDEN, TAXILA, HMC ROAD, NDC PARKING""']}",Transport
687638,"What are the stops on the route that goes to RAWAL DAM
","{'answer_start': [34066], 'text': ['""TRAMRI, RAWAL DAM, DHOKRI PUMP, KASHMIR HIGHWAY, 26 NO. MOTORWAY CHOWK, TARNOL, WAH GARDEN, TAXILA, HMC ROAD, NDC PARKING""']}",Transport
687630,"What are the stops on the route that goes to TARNOL
","{'answer_start': [34066], 'text': ['""TRAMRI, RAWAL DAM, DHOKRI PUMP, KASHMIR HIGHWAY, 26 NO. MOTORWAY CHOWK, TARNOL, WAH GARDEN, TAXILA, HMC ROAD, NDC PARKING""']}",Transport
687629,"What are the stops on the route that goes to TAXILA
","{'answer_start': [34066], 'text': ['""TRAMRI, RAWAL DAM, DHOKRI PUMP, KASHMIR HIGHWAY, 26 NO. MOTORWAY CHOWK, TARNOL, WAH GARDEN, TAXILA, HMC ROAD, NDC PARKING""']}",Transport
687635,"What are the stops on the route that goes to Taxila/Wah
","{'answer_start': [34066], 'text': ['""TRAMRI, RAWAL DAM, DHOKRI PUMP, KASHMIR HIGHWAY, 26 NO. MOTORWAY CHOWK, TARNOL, WAH GARDEN, TAXILA, HMC ROAD, NDC PARKING""']}",Transport
688814,What is the vehicle number for the bus that goes to Taxila/Wah,"{'answer_start': [34190], 'text': ['GE-792\n']}",Transport
688815,What is the vehicle number for the bus that goes to TRAMRI,"{'answer_start': [34197], 'text': ['GE-792']}",Transport
692744,"What is the name of the driver for the bus that goes to RANGE ROAD
","{'answer_start': [48188], 'text': ['Nasir Iqbal']}",Transport
689646,"What is the route number for the bus that goes to TAXILA
","{'answer_start': [34410], 'text': ['Route 51']}",Transport
689644,"What is the route number for the bus that goes to HMC ROAD
","{'answer_start': [34410], 'text': ['Route 51']}",Transport
689643,"What is the route number for the bus that goes to NDC PARKING
","{'answer_start': [34410], 'text': ['Route 51']}",Transport
689626,"What is the contact number for the driver of the bus that goes to Taxila/Wah
","{'answer_start': [34267], 'text': ['0300-9718750']}",Transport
689625,"What is the contact number for the driver of the bus that goes to TRAMRI
","{'answer_start': [34267], 'text': ['0300-9718750']}",Transport
689632,"What is the vehicle number for the bus that goes to 26 NO. MOTORWAY CHOWK
","{'answer_start': [34260], 'text': ['GE-792']}",Transport
689634,"What is the vehicle number for the bus that goes to DHOKRI PUMP
","{'answer_start': [34260], 'text': ['GE-792']}",Transport
689628,"What is the vehicle number for the bus that goes to HMC ROAD
","{'answer_start': [34260], 'text': ['GE-792']}",Transport
689633,"What is the vehicle number for the bus that goes to KASHMIR HIGHWAY
","{'answer_start': [34260], 'text': ['GE-792']}",Transport
689627,"What is the vehicle number for the bus that goes to NDC PARKING
","{'answer_start': [34260], 'text': ['GE-792']}",Transport
689635,"What is the vehicle number for the bus that goes to RAWAL DAM
","{'answer_start': [34260], 'text': ['GE-792']}",Transport
689631,"What is the vehicle number for the bus that goes to TARNOL
","{'answer_start': [34260], 'text': ['GE-792']}",Transport
689630,"What is the vehicle number for the bus that goes to TAXILA
","{'answer_start': [34253], 'text': ['GE-792']}",Transport
689637,"What is the vehicle number for the bus that goes to Taxila/Wah
","{'answer_start': [34246], 'text': ['GE-792']}",Transport
689636,"What is the vehicle number for the bus that goes to TRAMRI
","{'answer_start': [34253], 'text': ['GE-792']}",Transport
689629,"What is the vehicle number for the bus that goes to  WAH GARDEN
","{'answer_start': [304253], 'text': ['GE-792']}",Transport
689642,"What are the stops on Route 52?
","{'answer_start': [34509], 'text': ['""SADDAR, RAILWAY STATION ROAD, TAJ COMPANY, LIAQAT BAGH, COMMITTEE CHOWK, WARIS KHAN, CHANDNI CHOWK, REHMANABAD,SHAMSABAD, FAIZABAD, MARGALLA TOWN,RAWAL DAM, SITE OFFICE""']}",Transport
689639,"What is the contact number for the driver of Route 52?
","{'answer_start': [34705], 'text': ['0300-9831027']}",Transport
689659,"What is the contact number for the driver of the bus that goes to 26 NO. MOTORWAY CHOWK
","{'answer_start': [34397], 'text': ['0300-9718750']}",Transport
689661,"What is the contact number for the driver of the bus that goes to DHOKRI PUMP
","{'answer_start': [34397], 'text': ['0300-9718750']}",Transport
689655,"What is the contact number for the driver of the bus that goes to HMC ROAD
","{'answer_start': [34397], 'text': ['0300-9718750']}",Transport
689660,"What is the contact number for the driver of the bus that goes to KASHMIR HIGHWAY
","{'answer_start': [34397], 'text': ['0300-9718750']}",Transport
689654,"What is the contact number for the driver of the bus that goes to NDC PARKING
","{'answer_start': [34397], 'text': ['0300-9718750']}",Transport
689662,"What is the contact number for the driver of the bus that goes to RAWAL DAM
","{'answer_start': [34397], 'text': ['0300-9718750']}",Transport
689658,"What is the contact number for the driver of the bus that goes to TARNOL
","{'answer_start': [34397], 'text': ['0300-9718750']}",Transport
689657,"What is the contact number for the driver of the bus that goes to TAXILA
","{'answer_start': [34397], 'text': ['0300-9718750']}",Transport
689656,"What is the contact number for the driver of the bus that goes to  WAH GARDEN
","{'answer_start': [34397], 'text': ['0300-9718750']}",Transport
689648,"What is the route number for the bus that goes to 26 NO. MOTORWAY CHOWK
","{'answer_start': [34397], 'text': ['0300-9718750']}",Transport
689650,"What is the route number for the bus that goes to DHOKRI PUMP
","{'answer_start': [34397], 'text': ['0300-9718750']}",Transport
690476,"What is the name of the driver for the bus that goes to BANI GALA
","{'answer_start': [38134], 'text': ['Nafeez Ahmad']}",Transport
690486,"What is the contact number for the driver of Route 53?
","{'answer_start': [38121], 'text': ['0346-5064841']}",Transport
689687,"What is the contact number for the driver of the bus that goes to LIAQAT BAGH
","{'answer_start': [37671], 'text': ['0300-9831027']}",Transport
690435,"What are the stops on the route that goes to FAIZABAD
","{'answer_start': [37374], 'text': ['""SADDAR, RAILWAY STATION ROAD, TAJ COMPANY, LIAQAT BAGH, COMMITTEE CHOWK, WARIS KHAN, CHANDNI CHOWK, REHMANABAD,SHAMSABAD, FAIZABAD, MARGALLA TOWN,RAWAL DAM, SITE OFFICE""']}",Transport
690434,"What are the stops on the route that goes to MARGALLA TOWN
","{'answer_start': [37374], 'text': ['""SADDAR, RAILWAY STATION ROAD, TAJ COMPANY, LIAQAT BAGH, COMMITTEE CHOWK, WARIS KHAN, CHANDNI CHOWK, REHMANABAD,SHAMSABAD, FAIZABAD, MARGALLA TOWN,RAWAL DAM, SITE OFFICE""']}",Transport
690433,"What are the stops on the route that goes to RAWAL DAM
","{'answer_start': [37374], 'text': ['""SADDAR, RAILWAY STATION ROAD, TAJ COMPANY, LIAQAT BAGH, COMMITTEE CHOWK, WARIS KHAN, CHANDNI CHOWK, REHMANABAD,SHAMSABAD, FAIZABAD, MARGALLA TOWN,RAWAL DAM, SITE OFFICE""']}",Transport
690437,"What are the stops on the route that goes to  REHMANABAD
","{'answer_start': [37374], 'text': ['""SADDAR, RAILWAY STATION ROAD, TAJ COMPANY, LIAQAT BAGH, COMMITTEE CHOWK, WARIS KHAN, CHANDNI CHOWK, REHMANABAD,SHAMSABAD, FAIZABAD, MARGALLA TOWN,RAWAL DAM, SITE OFFICE""']}",Transport
690436,"What are the stops on the route that goes to SHAMSABAD
","{'answer_start': [34756], 'text': ['""SADDAR, RAILWAY STATION ROAD, TAJ COMPANY, LIAQAT BAGH, COMMITTEE CHOWK, WARIS KHAN, CHANDNI CHOWK, REHMANABAD,SHAMSABAD, FAIZABAD, MARGALLA TOWN,RAWAL DAM, SITE OFFICE""']}",Transport
690432,"What are the stops on the route that goes to SITE OFFICE
","{'answer_start': [37374], 'text': ['""SADDAR, RAILWAY STATION ROAD, TAJ COMPANY, LIAQAT BAGH, COMMITTEE CHOWK, WARIS KHAN, CHANDNI CHOWK, REHMANABAD,SHAMSABAD, FAIZABAD, MARGALLA TOWN,RAWAL DAM, SITE OFFICE""']}",Transport
690413,"What is the contact number for the driver of the bus that goes to LIAQAT BAGH
","{'answer_start': [37671], 'text': ['0300-9831027']}",Transport
690415,"What is the contact number for the driver of the bus that goes to RAILWAY STATION ROAD
","{'answer_start': [37671], 'text': ['0300-9831027']}",Transport
690417,"What is the contact number for the driver of the bus that goes to Rawalpindi
","{'answer_start': [37671], 'text': ['0300-9831027']}",Transport
690416,"What is the contact number for the driver of the bus that goes to SADDAR
","{'answer_start': [37671], 'text': ['0300-9831027']}",Transport
690414,"What is the contact number for the driver of the bus that goes to TAJ COMPANY
","{'answer_start': [37671], 'text': ['0300-9831027']}",Transport
690424,"What is the vehicle number for the bus that goes to CHANDNI CHOWK
","{'answer_start': [37545], 'text': ['IDF-4031']}",Transport
690426,"What is the vehicle number for the bus that goes to COMMITTEE CHOWK
","{'answer_start': [37554], 'text': ['IDF-4031']}",Transport
690421,"What is the vehicle number for the bus that goes to FAIZABAD
","{'answer_start': [37554], 'text': ['IDF-4031']}",Transport
690427,"What is the vehicle number for the bus that goes to LIAQAT BAGH
","{'answer_start': [37572], 'text': ['IDF-4031']}",Transport
690420,"What is the vehicle number for the bus that goes to MARGALLA TOWN

","{'answer_start': [37572], 'text': ['IDF-4031']}",Transport
690429,"What is the vehicle number for the bus that goes to RAILWAY STATION ROAD
","{'answer_start': [37581], 'text': ['IDF-4031']}",Transport
690419,"What is the vehicle number for the bus that goes to RAWAL DAM
","{'answer_start': [37563], 'text': ['IDF-4031']}",Transport
690431,"What is the vehicle number for the bus that goes to Rawalpindi
","{'answer_start': [37563], 'text': ['IDF-4031']}",Transport
690423,"What is the vehicle number for the bus that goes to  REHMANABAD
","{'answer_start': [37581], 'text': ['IDF-4031']}",Transport
690430,"What is the vehicle number for the bus that goes to SADDAR
","{'answer_start': [37590], 'text': ['IDF-4031']}",Transport
690422,"What is the vehicle number for the bus that goes to SHAMSABAD
","{'answer_start': [37590], 'text': ['IDF-4031']}",Transport
690418,"What is the vehicle number for the bus that goes to SITE OFFICE
","{'answer_start': [37599], 'text': ['IDF-4031']}",Transport
690428,"What is the vehicle number for the bus that goes to TAJ COMPANY
","{'answer_start': [37608], 'text': ['IDF-4031']}",Transport
690425,"What is the vehicle number for the bus that goes to WARIS KHAN
","{'answer_start': [37662], 'text': ['IDF-4031']}",Transport
690439,"What are the stops on Route 53?
","{'answer_start': [37979], 'text': ['""AZIZ MARKET, SATRA MILE, TRAMRI CHOWK, CHATHA BAKHTAWAR, BANI GALA, RAWAL DAM, DHOKRI, BHARA KAHU""']}",Transport
690460,"What is the contact number for the driver of the bus that goes to CHANDNI CHOWK
","{'answer_start': [37840], 'text': ['0300-9831027']}",Transport
690462,"What is the contact number for the driver of the bus that goes to COMMITTEE CHOWK
","{'answer_start': [37840], 'text': ['0300-9831027']}",Transport
690457,"What is the contact number for the driver of the bus that goes to FAIZABAD
","{'answer_start': [37840], 'text': ['0300-9831027']}",Transport
690456,"What is the contact number for the driver of the bus that goes to MARGALLA TOWN
","{'answer_start': [37840], 'text': ['0300-9831027']}",Transport
690459,"What is the contact number for the driver of the bus that goes to  REHMANABAD
","{'answer_start': [37840], 'text': ['0300-9831027']}",Transport
690458,"What is the contact number for the driver of the bus that goes to SHAMSABAD
","{'answer_start': [37840], 'text': ['0300-9831027']}",Transport
690454,"What is the contact number for the driver of the bus that goes to SITE OFFICE
","{'answer_start': [37840], 'text': ['0300-9831027']}",Transport
690461,"What is the contact number for the driver of the bus that goes to WARIS KHAN
","{'answer_start': [37840], 'text': ['0300-9831027']}",Transport
690446,"What is the route number for the bus that goes to CHANDNI CHOWK
","{'answer_start': [37853], 'text': ['Route 52']}",Transport
690448,"What is the route number for the bus that goes to COMMITTEE CHOWK
","{'answer_start': [307871], 'text': ['Route 52']}",Transport
690443,"What is the route number for the bus that goes to FAIZABAD
","{'answer_start': [37889], 'text': ['Route 52']}",Transport
690449,"What is the route number for the bus that goes to LIAQAT BAGH
","{'answer_start': [37907], 'text': ['Route 52']}",Transport
690442,"What is the route number for the bus that goes to MARGALLA TOWN
","{'answer_start': [37925], 'text': ['Route 52']}",Transport
690451,"What is the route number for the bus that goes to RAILWAY STATION ROAD
","{'answer_start': [37916], 'text': ['Route 52']}",Transport
690441,"What is the route number for the bus that goes to RAWAL DAM
","{'answer_start': [37916], 'text': ['Route 52']}",Transport
690453,"What is the route number for the bus that goes to Rawalpindi
","{'answer_start': [37916], 'text': ['Route 52']}",Transport
690445,"What is the route number for the bus that goes to  REHMANABAD
","{'answer_start': [37925], 'text': ['Route 52']}",Transport
690452,"What is the route number for the bus that goes to SADDAR
","{'answer_start': [37907], 'text': ['Route 52']}",Transport
690444,"What is the route number for the bus that goes to SHAMSABAD
","{'answer_start': [37916], 'text': ['Route 52']}",Transport
690440,"What is the route number for the bus that goes to SITE OFFICE
","{'answer_start': [37907], 'text': ['Route 52']}",Transport
690450,"What is the route number for the bus that goes to TAJ COMPANY
","{'answer_start': [37934], 'text': ['Route 52']}",Transport
690447,"What is the route number for the bus that goes to WARIS KHAN
","{'answer_start': [37907], 'text': ['Route 52']}",Transport
690438,"What is the vehicle number for Route 53?
","{'answer_start': [38079], 'text': ['GF-235']}",Transport
690482,"What are the stops on the route for the bus with vehicle number GF-235?
","{'answer_start': [38147], 'text': ['""AZIZ MARKET, SATRA MILE, TRAMRI CHOWK, CHATHA BAKHTAWAR, BANI GALA, RAWAL DAM, DHOKRI, BHARA KAHU""']}",Transport
690471,"What are the stops on the route that goes to AZIZ MARKET
","{'answer_start': [38147], 'text': ['""AZIZ MARKET, SATRA MILE, TRAMRI CHOWK, CHATHA BAKHTAWAR, BANI GALA, RAWAL DAM, DHOKRI, BHARA KAHU""']}",Transport
690467,"What are the stops on the route that goes to BANI GALA
","{'answer_start': [38147], 'text': ['""AZIZ MARKET, SATRA MILE, TRAMRI CHOWK, CHATHA BAKHTAWAR, BANI GALA, RAWAL DAM, DHOKRI, BHARA KAHU""']}",Transport
690464,"What are the stops on the route that goes to  BHARA KAHU
","{'answer_start': [37979], 'text': ['""AZIZ MARKET, SATRA MILE, TRAMRI CHOWK, CHATHA BAKHTAWAR, BANI GALA, RAWAL DAM, DHOKRI, BHARA KAHU""']}",Transport
690472,"What are the stops on the route that goes to Bhara Kahu, Islamabad
","{'answer_start': [38147], 'text': ['""AZIZ MARKET, SATRA MILE, TRAMRI CHOWK, CHATHA BAKHTAWAR, BANI GALA, RAWAL DAM, DHOKRI, BHARA KAHU""']}",Transport
690468,"What are the stops on the route that goes to CHATHA BAKHTAWAR
","{'answer_start': [38147], 'text': ['""AZIZ MARKET, SATRA MILE, TRAMRI CHOWK, CHATHA BAKHTAWAR, BANI GALA, RAWAL DAM, DHOKRI, BHARA KAHU""']}",Transport
690465,"What are the stops on the route that goes to DHOKRI
","{'answer_start': [38147], 'text': ['""AZIZ MARKET, SATRA MILE, TRAMRI CHOWK, CHATHA BAKHTAWAR, BANI GALA, RAWAL DAM, DHOKRI, BHARA KAHU""']}",Transport
690470,"What are the stops on the route that goes to  SATRA MILE
","{'answer_start': [38147], 'text': ['""AZIZ MARKET, SATRA MILE, TRAMRI CHOWK, CHATHA BAKHTAWAR, BANI GALA, RAWAL DAM, DHOKRI, BHARA KAHU""']}",Transport
690469,"What are the stops on the route that goes to TRAMRI CHOWK
","{'answer_start': [381470], 'text': ['""AZIZ MARKET, SATRA MILE, TRAMRI CHOWK, CHATHA BAKHTAWAR, BANI GALA, RAWAL DAM, DHOKRI, BHARA KAHU""']}",Transport
690712,"What are the stops on Route 54?
","{'answer_start': [39525], 'text': ['""DHOKE KALA KHAN, FAIZABAD,IJP Hassu,Dhoke ROAD,PINDORA,KATARIAN, MANDI MORR, DHOKE HASSU,RAILWAY COLONY,DHOKE RATTA, WESTRIDGE""']}",Transport
690705,"What are the stops on the route for the bus with vehicle number GK-398?
","{'answer_start': [39525], 'text': ['""DHOKE KALA KHAN, FAIZABAD,IJP Hassu,Dhoke ROAD,PINDORA,KATARIAN, MANDI MORR, DHOKE HASSU,RAILWAY COLONY,DHOKE RATTA, WESTRIDGE""']}",Transport
690690,"What are the stops on the route that goes to Dhake hassu, dhoke ratta
","{'answer_start': [39525], 'text': ['""DHOKE KALA KHAN, FAIZABAD,IJP Hassu,Dhoke ROAD,PINDORA,KATARIAN, MANDI MORR, DHOKE HASSU,RAILWAY COLONY,DHOKE RATTA, WESTRIDGE""']}",Transport
690689,"What are the stops on the route that goes to DHOKE KALA KHAN
","{'answer_start': [39525], 'text': ['""DHOKE KALA KHAN, FAIZABAD,IJP Hassu,Dhoke ROAD,PINDORA,KATARIAN, MANDI MORR, DHOKE HASSU,RAILWAY COLONY,DHOKE RATTA, WESTRIDGE""']}",Transport
690688,"What are the stops on the route that goes to  FAIZABAD
","{'answer_start': [39525], 'text': ['""DHOKE KALA KHAN, FAIZABAD,IJP Hassu,Dhoke ROAD,PINDORA,KATARIAN, MANDI MORR, DHOKE HASSU,RAILWAY COLONY,DHOKE RATTA, WESTRIDGE""']}",Transport
690687,"What are the stops on the route that goes to IJP Hassu
","{'answer_start': [39525], 'text': ['""DHOKE KALA KHAN, FAIZABAD,IJP Hassu,Dhoke ROAD,PINDORA,KATARIAN, MANDI MORR, DHOKE HASSU,RAILWAY COLONY,DHOKE RATTA, WESTRIDGE""']}",Transport
690709,"What is the contact number for the driver of Route 54?
","{'answer_start': [39688], 'text': ['0314-5289467']}",Transport
690707,"What is the contact number for the driver of the bus with vehicle number GK-398?
","{'answer_start': [39710], 'text': ['0314-5289467']}",Transport
690704,"What is the name of the driver for the bus that goes to Dhake hassu, dhoke ratta
","{'answer_start': [39661], 'text': ['SYED RASHID SAJJAD BUKHARI']}",Transport
690695,"What is the name of the driver for the bus that goes to  DHOKE HASSU
","{'answer_start': [39879], 'text': ['SYED RASHID SAJJAD BUKHARI']}",Transport
690703,"What is the name of the driver for the bus that goes to DHOKE KALA KHAN
","{'answer_start': [39906], 'text': ['SYED RASHID SAJJAD BUKHARI']}",Transport
690692,"What is the name of the driver for the bus that goes to  DHOKE RATTA
","{'answer_start': [39879], 'text': ['SYED RASHID SAJJAD BUKHARI']}",Transport
690699,"What is the name of the driver for the bus that goes to Dhoke ROAD
","{'answer_start': [39933], 'text': ['SYED RASHID SAJJAD BUKHARI']}",Transport
690701,"What is the name of the driver for the bus that goes to  FAIZABAD
","{'answer_start': [39933], 'text': ['SYED RASHID SAJJAD BUKHARI']}",Transport
690700,"What is the name of the driver for the bus that goes to IJP Hassu
","{'answer_start': [39933], 'text': ['SYED RASHID SAJJAD BUKHARI']}",Transport
690697,"What is the name of the driver for the bus that goes to KATARIAN
","{'answer_start': [39933], 'text': ['SYED RASHID SAJJAD BUKHARI']}",Transport
690696,"What is the name of the driver for the bus that goes to MANDI MORR
","{'answer_start': [40122], 'text': ['SYED RASHID SAJJAD BUKHARI']}",Transport
690698,"What is the name of the driver for the bus that goes to PINDORA
","{'answer_start': [40122], 'text': ['SYED RASHID SAJJAD BUKHARI']}",Transport
690694,"What is the name of the driver for the bus that goes to  RAILWAY COLONY
","{'answer_start': [40095], 'text': ['SYED RASHID SAJJAD BUKHARI']}",Transport
690691,"What is the name of the driver for the bus that goes to  WESTRIDGE
","{'answer_start': [40095], 'text': ['SYED RASHID SAJJAD BUKHARI']}",Transport
690706,"What is the name of the driver for the bus with vehicle number GK-398?
","{'answer_start': [401220], 'text': ['SYED RASHID SAJJAD BUKHARI']}",Transport
690713,"What is the route number for the bus that goes to  BHARA KAHU
","{'answer_start': [39516], 'text': ['Route 53']}",Transport
6090708,"What is the route number for the bus with vehicle number GK-398?
","{'answer_start': [39701], 'text': ['Route 54']}",Transport
690711,"What is the vehicle number for Route 54?
","{'answer_start': [39654], 'text': ['GK-398']}",Transport
690814,"What is the vehicle number for the bus that goes to  DHOKE RATTA
","{'answer_start': [41828], 'text': ['GK-398']}",Transport
690815,"What is the vehicle number for the bus that goes to  RAILWAY COLONY
","{'answer_start': [41814], 'text': ['GK-398']}",Transport
6908130,"What is the vehicle number for the bus that goes to  WESTRIDGE
","{'answer_start': [41828], 'text': ['GK-398']}",Transport
689651,"What is the route number for the bus that goes to RAWAL DAM
","{'answer_start': [34410], 'text': ['Route 51']}",Transport
689647,"What is the route number for the bus that goes to TARNOL
","{'answer_start': [34410], 'text': ['Route 51']}",Transport
689649,"What is the route number for the bus that goes to KASHMIR HIGHWAY
","{'answer_start': [34410], 'text': ['Route 51']}",Transport
689653,"What is the route number for the bus that goes to Taxila/Wah
","{'answer_start': [34410], 'text': ['Route 51']}",Transport
689652,"What is the route number for the bus that goes to TRAMRI
","{'answer_start': [34410], 'text': ['Route 51']}",Transport
689645,"What is the route number for the bus that goes to  WAH GARDEN
","{'answer_start': [34410], 'text': ['Route 51']}",Transport
689638,"What is the route number for the bus with vehicle number IDF-4031?
","{'answer_start': [34410], 'text': ['Route 51']}",Transport
6089641,"What is the vehicle number for Route 52?
","{'answer_start': [34680], 'text': ['IDF-4031']}",Transport
689640,"Who is the driver for Route 52?
","{'answer_start': [34927], 'text': ['HAMAYUN MEHMOOD']}",Transport
689684,"What are the stops on the route for the bus with vehicle number IDF-4031?
","{'answer_start': [34756], 'text': ['""SADDAR, RAILWAY STATION ROAD, TAJ COMPANY, LIAQAT BAGH, COMMITTEE CHOWK, WARIS KHAN, CHANDNI CHOWK, REHMANABAD,SHAMSABAD, FAIZABAD, MARGALLA TOWN,RAWAL DAM, SITE OFFICE""']}",Transport
689663,"What are the stops on the route that goes to CHANDNI CHOWK
","{'answer_start': [34756], 'text': ['""SADDAR, RAILWAY STATION ROAD, TAJ COMPANY, LIAQAT BAGH, COMMITTEE CHOWK, WARIS KHAN, CHANDNI CHOWK, REHMANABAD,SHAMSABAD, FAIZABAD, MARGALLA TOWN,RAWAL DAM, SITE OFFICE""']}",Transport
689665,"What are the stops on the route that goes to COMMITTEE CHOWK
","{'answer_start': [34756], 'text': ['""SADDAR, RAILWAY STATION ROAD, TAJ COMPANY, LIAQAT BAGH, COMMITTEE CHOWK, WARIS KHAN, CHANDNI CHOWK, REHMANABAD,SHAMSABAD, FAIZABAD, MARGALLA TOWN,RAWAL DAM, SITE OFFICE""']}",Transport
689666,"What are the stops on the route that goes to LIAQAT BAGH
","{'answer_start': [34756], 'text': ['""SADDAR, RAILWAY STATION ROAD, TAJ COMPANY, LIAQAT BAGH, COMMITTEE CHOWK, WARIS KHAN, CHANDNI CHOWK, REHMANABAD,SHAMSABAD, FAIZABAD, MARGALLA TOWN,RAWAL DAM, SITE OFFICE""']}",Transport
689668,"What are the stops on the route that goes to RAILWAY STATION ROAD
","{'answer_start': [34756], 'text': ['""SADDAR, RAILWAY STATION ROAD, TAJ COMPANY, LIAQAT BAGH, COMMITTEE CHOWK, WARIS KHAN, CHANDNI CHOWK, REHMANABAD,SHAMSABAD, FAIZABAD, MARGALLA TOWN,RAWAL DAM, SITE OFFICE""']}",Transport
689670,"What are the stops on the route that goes to Rawalpindi
","{'answer_start': [34756], 'text': ['""SADDAR, RAILWAY STATION ROAD, TAJ COMPANY, LIAQAT BAGH, COMMITTEE CHOWK, WARIS KHAN, CHANDNI CHOWK, REHMANABAD,SHAMSABAD, FAIZABAD, MARGALLA TOWN,RAWAL DAM, SITE OFFICE""']}",Transport
689669,"What are the stops on the route that goes to SADDAR
","{'answer_start': [34756], 'text': ['""SADDAR, RAILWAY STATION ROAD, TAJ COMPANY, LIAQAT BAGH, COMMITTEE CHOWK, WARIS KHAN, CHANDNI CHOWK, REHMANABAD,SHAMSABAD, FAIZABAD, MARGALLA TOWN,RAWAL DAM, SITE OFFICE""']}",Transport
689667,"What are the stops on the route that goes to TAJ COMPANY
","{'answer_start': [34756], 'text': ['""SADDAR, RAILWAY STATION ROAD, TAJ COMPANY, LIAQAT BAGH, COMMITTEE CHOWK, WARIS KHAN, CHANDNI CHOWK, REHMANABAD,SHAMSABAD, FAIZABAD, MARGALLA TOWN,RAWAL DAM, SITE OFFICE""']}",Transport
689664,"What are the stops on the route that goes to WARIS KHAN
","{'answer_start': [34756], 'text': ['""SADDAR, RAILWAY STATION ROAD, TAJ COMPANY, LIAQAT BAGH, COMMITTEE CHOWK, WARIS KHAN, CHANDNI CHOWK, REHMANABAD,SHAMSABAD, FAIZABAD, MARGALLA TOWN,RAWAL DAM, SITE OFFICE""']}",Transport
689686,"What is the contact number for the driver of the bus with vehicle number IDF-4031?
","{'answer_start': [34705], 'text': ['0300-9831027']}",Transport
689677,"What is the name of the driver for the bus that goes to CHANDNI CHOWK
","{'answer_start': [34689], 'text': ['HAMAYUN MEHMOOD']}",Transport
689680,"What is the name of the driver for the bus that goes to COMMITTEE CHOWK
","{'answer_start': [34927], 'text': ['HAMAYUN MEHMOOD']}",Transport
689674,"What is the name of the driver for the bus that goes to FAIZABAD
","{'answer_start': [34927], 'text': ['HAMAYUN MEHMOOD']}",Transport
689679,"What is the name of the driver for the bus that goes to LIAQAT BAGH
","{'answer_start': [34959], 'text': ['HAMAYUN MEHMOOD']}",Transport
689672,"What is the name of the driver for the bus that goes to MARGALLA TOWN
","{'answer_start': [34959], 'text': ['HAMAYUN MEHMOOD']}",Transport
689682,"What is the name of the driver for the bus that goes to RAILWAY STATION ROAD
","{'answer_start': [34975], 'text': ['HAMAYUN MEHMOOD']}",Transport
689673,"What is the name of the driver for the bus that goes to RAWAL DAM
","{'answer_start': [34991], 'text': ['HAMAYUN MEHMOOD']}",Transport
689676,"What is the name of the driver for the bus that goes to  REHMANABAD
","{'answer_start': [34975], 'text': ['HAMAYUN MEHMOOD']}",Transport
689683,"What is the name of the driver for the bus that goes to SADDAR
","{'answer_start': [34975], 'text': ['HAMAYUN MEHMOOD']}",Transport
689675,"What is the name of the driver for the bus that goes to SHAMSABAD
","{'answer_start': [34975], 'text': ['HAMAYUN MEHMOOD']}",Transport
689671,"What is the name of the driver for the bus that goes to SITE OFFICE
","{'answer_start': [34959], 'text': ['HAMAYUN MEHMOOD']}",Transport
689681,"What is the name of the driver for the bus that goes to TAJ COMPANY
","{'answer_start': [349590], 'text': ['HAMAYUN MEHMOOD']}",Transport
689678,"What is the name of the driver for the bus that goes to WARIS KHAN
","{'answer_start': [34959], 'text': ['HAMAYUN MEHMOOD']}",Transport
689685,"What is the name of the driver for the bus with vehicle number IDF-4031?
","{'answer_start': [34975], 'text': ['HAMAYUN MEHMOOD']}",Transport
690484,"What is the contact number for the driver of the bus with vehicle number GF-235?
","{'answer_start': [38121], 'text': ['0346-5064841']}",Transport
690480,"What is the name of the driver for the bus that goes to AZIZ MARKET
","{'answer_start': [38134], 'text': ['Nafeez Ahmad']}",Transport
690481,"What is the name of the driver for the bus that goes to Bhara Kahu, Islamabad
","{'answer_start': [38134], 'text': ['Nafeez Ahmad']}",Transport
690474,"What is the name of the driver for the bus that goes to DHOKRI
","{'answer_start': [38247], 'text': ['Nafeez Ahmad']}",Transport
690473,"What is the name of the driver for the bus that goes to  BHARA KAHU
","{'answer_start': [38134], 'text': ['Nafeez Ahmad']}",Transport
690477,"What is the name of the driver for the bus that goes to CHATHA BAKHTAWAR
","{'answer_start': [38134], 'text': ['Nafeez Ahmad']}",Transport
690475,"What is the name of the driver for the bus that goes to RAWAL DAM
","{'answer_start': [38247], 'text': ['Nafeez Ahmad']}",Transport
690479,"What is the name of the driver for the bus that goes to  SATRA MILE
","{'answer_start': [38247], 'text': ['Nafeez Ahmad']}",Transport
690478,"What is the name of the driver for the bus that goes to TRAMRI CHOWK
","{'answer_start': [38247], 'text': ['Nafeez Ahmad']}",Transport
690483,"What is the name of the driver for the bus with vehicle number GF-235?
","{'answer_start': [38247], 'text': ['Nafeez Ahmad']}",Transport
690485,"What is the route number for the bus with vehicle number GF-235?
","{'answer_start': [38112], 'text': ['Route 53']}",Transport
6904630,"What is the vehicle number for the bus that goes to Bhara Kahu, Islamabad
","{'answer_start': [38079], 'text': ['GF-235']}",Transport
690487,"Who is the driver for Route 53?
","{'answer_start': [38351], 'text': ['Nafeez Ahmad']}",Transport
690503,"What is the contact number for the driver of the bus that goes to AZIZ MARKET
","{'answer_start': [39431], 'text': ['0346-5064841']}",Transport
690499,"What is the contact number for the driver of the bus that goes to BANI GALA
","{'answer_start': [39431], 'text': ['0346-5064841']}",Transport
690496,"What is the contact number for the driver of the bus that goes to  BHARA KAHU
","{'answer_start': [39431], 'text': ['0346-5064841']}",Transport
690505,"What is the contact number for the driver of the bus that goes to Bhara Kahu, Islamabad
","{'answer_start': [39431], 'text': ['0346-5064841']}",Transport
690500,"What is the contact number for the driver of the bus that goes to CHATHA BAKHTAWAR
","{'answer_start': [39431], 'text': ['0346-5064841']}",Transport
690497,"What is the contact number for the driver of the bus that goes to DHOKRI
","{'answer_start': [39431], 'text': ['0346-5064841']}",Transport
690498,"What is the contact number for the driver of the bus that goes to RAWAL DAM
","{'answer_start': [39431], 'text': ['0346-5064841']}",Transport
690502,"What is the contact number for the driver of the bus that goes to  SATRA MILE
","{'answer_start': [39431], 'text': ['0346-5064841']}",Transport
690501,"What is the contact number for the driver of the bus that goes to TRAMRI CHOWK
","{'answer_start': [39431], 'text': ['0346-5064841']}",Transport
690494,"What is the route number for the bus that goes to AZIZ MARKET
","{'answer_start': [39444], 'text': ['Route 53']}",Transport
690490,"What is the route number for the bus that goes to BANI GALA
","{'answer_start': [39444], 'text': ['Route 53']}",Transport
690519,"What is the route number for the bus that goes to  BHARA KAHU
","{'answer_start': [39453], 'text': ['Route 53']}",Transport
690495,"What is the route number for the bus that goes to Bhara Kahu, Islamabad
","{'answer_start': [39462], 'text': ['Route 53']}",Transport
690491,"What is the route number for the bus that goes to CHATHA BAKHTAWAR
","{'answer_start': [39444], 'text': ['Route 53']}",Transport
690488,"What is the route number for the bus that goes to DHOKRI
","{'answer_start': [39453], 'text': ['Route 53']}",Transport
690489,"What is the route number for the bus that goes to RAWAL DAM
","{'answer_start': [39453], 'text': ['Route 53']}",Transport
690493,"What is the route number for the bus that goes to  SATRA MILE
","{'answer_start': [39453], 'text': ['Route 53']}",Transport
690492,"What is the route number for the bus that goes to TRAMRI CHOWK
","{'answer_start': [39453], 'text': ['Route 53']}",Transport
690517,"What is the vehicle number for the bus that goes to AZIZ MARKET
","{'answer_start': [39320], 'text': ['GF-235']}",Transport
690511,"What is the vehicle number for the bus that goes to BANI GALA
","{'answer_start': [39313], 'text': ['GF-235']}",Transport
690506,"What is the vehicle number for the bus that goes to  BHARA KAHU
","{'answer_start': [39313], 'text': ['GF-235']}",Transport
690513,"What is the vehicle number for the bus that goes to CHATHA BAKHTAWAR
","{'answer_start': [39306], 'text': ['GF-235']}",Transport
690508,"What is the vehicle number for the bus that goes to DHOKRI
","{'answer_start': [39306], 'text': ['GF-235']}",Transport
690509,"What is the vehicle number for the bus that goes to RAWAL DAM
","{'answer_start': [39320], 'text': ['GF-235']}",Transport
690516,"What is the vehicle number for the bus that goes to  SATRA MILE
","{'answer_start': [39320], 'text': ['GF-235']}",Transport
690514,"What is the vehicle number for the bus that goes to TRAMRI CHOWK
","{'answer_start': [39320], 'text': ['GF-235']}",Transport
690783,"What is the contact number for the driver of the bus that goes to  WESTRIDGE
","{'answer_start': [418074], 'text': ['0314-5289467']}",Transport
6907010,"Who is the driver for Route 54?
","{'answer_start': [40041], 'text': ['SYED RASHID SAJJAD BUKHARI']}",Transport
690737,"What are the stops on the route that goes to  DHOKE HASSU
","{'answer_start': [40203], 'text': ['""DHOKE KALA KHAN, FAIZABAD,IJP Hassu,Dhoke ROAD,PINDORA,KATARIAN, MANDI MORR, DHOKE HASSU,RAILWAY COLONY,DHOKE RATTA, WESTRIDGE""']}",Transport
690726,"What are the stops on the route that goes to  DHOKE RATTA
","{'answer_start': [40590], 'text': ['""DHOKE KALA KHAN, FAIZABAD,IJP Hassu,Dhoke ROAD,PINDORA,KATARIAN, MANDI MORR, DHOKE HASSU,RAILWAY COLONY,DHOKE RATTA, WESTRIDGE""']}",Transport
690741,"What are the stops on the route that goes to Dhoke ROAD
","{'answer_start': [40461], 'text': ['""DHOKE KALA KHAN, FAIZABAD,IJP Hassu,Dhoke ROAD,PINDORA,KATARIAN, MANDI MORR, DHOKE HASSU,RAILWAY COLONY,DHOKE RATTA, WESTRIDGE""']}",Transport
690730,"What are the stops on the route that goes to KATARIAN
","{'answer_start': [40461], 'text': ['""DHOKE KALA KHAN, FAIZABAD,IJP Hassu,Dhoke ROAD,PINDORA,KATARIAN, MANDI MORR, DHOKE HASSU,RAILWAY COLONY,DHOKE RATTA, WESTRIDGE""']}",Transport
690739,"What are the stops on the route that goes to KATARIAN
","{'answer_start': [40461], 'text': ['""DHOKE KALA KHAN, FAIZABAD,IJP Hassu,Dhoke ROAD,PINDORA,KATARIAN, MANDI MORR, DHOKE HASSU,RAILWAY COLONY,DHOKE RATTA, WESTRIDGE""']}",Transport
690738,"What are the stops on the route that goes to MANDI MORR
","{'answer_start': [41622], 'text': ['""DHOKE KALA KHAN, FAIZABAD,IJP Hassu,Dhoke ROAD,PINDORA,KATARIAN, MANDI MORR, DHOKE HASSU,RAILWAY COLONY,DHOKE RATTA, WESTRIDGE""']}",Transport
690740,"What are the stops on the route that goes to PINDORA
","{'answer_start': [41622], 'text': ['""DHOKE KALA KHAN, FAIZABAD,IJP Hassu,Dhoke ROAD,PINDORA,KATARIAN, MANDI MORR, DHOKE HASSU,RAILWAY COLONY,DHOKE RATTA, WESTRIDGE""']}",Transport
690736,"What are the stops on the route that goes to  RAILWAY COLONY
","{'answer_start': [41622], 'text': ['""DHOKE KALA KHAN, FAIZABAD,IJP Hassu,Dhoke ROAD,PINDORA,KATARIAN, MANDI MORR, DHOKE HASSU,RAILWAY COLONY,DHOKE RATTA, WESTRIDGE""']}",Transport
690725,"What are the stops on the route that goes to  WESTRIDGE
","{'answer_start': [39750], 'text': ['""DHOKE KALA KHAN, FAIZABAD,IJP Hassu,Dhoke ROAD,PINDORA,KATARIAN, MANDI MORR, DHOKE HASSU,RAILWAY COLONY,DHOKE RATTA, WESTRIDGE""']}",Transport
690723,"What is the vehicle number for the bus that goes to Dhake hassu, dhoke ratta
","{'answer_start': [41751], 'text': ['GK-398']}",Transport
690733,"What is the vehicle number for the bus that goes to Dhake hassu, dhoke ratta
","{'answer_start': [41765], 'text': ['GK-398']}",Transport
690714,"What is the vehicle number for the bus that goes to  DHOKE HASSU
","{'answer_start': [41779], 'text': ['GK-398']}",Transport
690722,"What is the vehicle number for the bus that goes to DHOKE KALA KHAN
","{'answer_start': [41793], 'text': ['GK-398']}",Transport
690719,"What is the vehicle number for the bus that goes to Dhoke ROAD
","{'answer_start': [41807], 'text': ['GK-398']}",Transport
690721,"What is the vehicle number for the bus that goes to  FAIZABAD
","{'answer_start': [41786], 'text': ['GK-398']}",Transport
690720,"What is the vehicle number for the bus that goes to IJP Hassu
","{'answer_start': [41800], 'text': ['GK-398']}",Transport
690717,"What is the vehicle number for the bus that goes to KATARIAN
","{'answer_start': [41786], 'text': ['GK-398']}",Transport
690715,"What is the vehicle number for the bus that goes to MANDI MORR
","{'answer_start': [41814], 'text': ['GK-398']}",Transport
690718,"What is the vehicle number for the bus that goes to PINDORA
","{'answer_start': [41814], 'text': ['GK-398']}",Transport
690811,"What is the contact number for the driver of the bus that goes to Dhake hassu, dhoke ratta
","{'answer_start': [41835], 'text': ['0314-5289467']}",Transport
690789,"What is the contact number for the driver of the bus that goes to  DHOKE HASSU
","{'answer_start': [41848], 'text': ['0314-5289467']}",Transport
690809,"What is the contact number for the driver of the bus that goes to DHOKE KALA KHAN
","{'answer_start': [41887], 'text': ['0314-5289467']}",Transport
690785,"What is the contact number for the driver of the bus that goes to  DHOKE RATTA
","{'answer_start': [41939], 'text': ['0314-5289467']}",Transport
690801,"What is the contact number for the driver of the bus that goes to Dhoke ROAD
","{'answer_start': [41926], 'text': ['0314-5289467']}",Transport
690807,"What is the contact number for the driver of the bus that goes to  FAIZABAD
","{'answer_start': [41913], 'text': ['0314-5289467']}",Transport
690805,"What is the contact number for the driver of the bus that goes to IJP Hassu
","{'answer_start': [41913], 'text': ['0314-5289467']}",Transport
690799,"What is the contact number for the driver of the bus that goes to KATARIAN
","{'answer_start': [41926], 'text': ['0314-5289467']}",Transport
690791,"What is the contact number for the driver of the bus that goes to MANDI MORR
","{'answer_start': [41887], 'text': ['0314-5289467']}",Transport
690794,"What is the contact number for the driver of the bus that goes to PINDORA
","{'answer_start': [41900], 'text': ['0314-5289467']}",Transport
690786,"What is the contact number for the driver of the bus that goes to  RAILWAY COLONY
","{'answer_start': [41939], 'text': ['0314-5289467']}",Transport
690841,"What are the stops on Route 55?
","{'answer_start': [42099], 'text': ['""I-10/3, POLICE LINE SIGNAL, E-SECTOR, F-SECTOR, G-SECTOR, GOLRA SHAREEF, MARGALLA ROAD, F-10 MARKAZ, BLUE AREA, 7TH AVENUE""']}",Transport
690836,"What are the stops on the route for the bus with vehicle number GF-131?
","{'answer_start': [42099], 'text': ['""I-10/3, POLICE LINE SIGNAL, E-SECTOR, F-SECTOR, G-SECTOR, GOLRA SHAREEF, MARGALLA ROAD, F-10 MARKAZ, BLUE AREA, 7TH AVENUE""']}",Transport
690821,"What are the stops on the route that goes to E-SECTOR
","{'answer_start': [42099], 'text': ['""I-10/3, POLICE LINE SIGNAL, E-SECTOR, F-SECTOR, G-SECTOR, GOLRA SHAREEF, MARGALLA ROAD, F-10 MARKAZ, BLUE AREA, 7TH AVENUE""']}",Transport
690820,"What are the stops on the route that goes to F-SECTOR
","{'answer_start': [42099], 'text': ['""I-10/3, POLICE LINE SIGNAL, E-SECTOR, F-SECTOR, G-SECTOR, GOLRA SHAREEF, MARGALLA ROAD, F-10 MARKAZ, BLUE AREA, 7TH AVENUE""']}",Transport
690819,"What are the stops on the route that goes to G-SECTOR
","{'answer_start': [42099], 'text': ['""I-10/3, POLICE LINE SIGNAL, E-SECTOR, F-SECTOR, G-SECTOR, GOLRA SHAREEF, MARGALLA ROAD, F-10 MARKAZ, BLUE AREA, 7TH AVENUE""']}",Transport
690823,"What are the stops on the route that goes to I-10/3
","{'answer_start': [42099], 'text': ['""I-10/3, POLICE LINE SIGNAL, E-SECTOR, F-SECTOR, G-SECTOR, GOLRA SHAREEF, MARGALLA ROAD, F-10 MARKAZ, BLUE AREA, 7TH AVENUE""']}",Transport
690824,"What are the stops on the route that goes to Islamabad
","{'answer_start': [42099], 'text': ['""I-10/3, POLICE LINE SIGNAL, E-SECTOR, F-SECTOR, G-SECTOR, GOLRA SHAREEF, MARGALLA ROAD, F-10 MARKAZ, BLUE AREA, 7TH AVENUE""']}",Transport
690822,"What are the stops on the route that goes to POLICE LINE SIGNAL
","{'answer_start': [42099], 'text': ['""I-10/3, POLICE LINE SIGNAL, E-SECTOR, F-SECTOR, G-SECTOR, GOLRA SHAREEF, MARGALLA ROAD, F-10 MARKAZ, BLUE AREA, 7TH AVENUE""']}",Transport
690837,"What is the contact number for the driver of the bus with vehicle number GF-131?
","{'answer_start': [42244], 'text': ['0346-5311079']}",Transport
690838,"What is the contact number for the driver of the bus with vehicle number GF-131?
","{'answer_start': [42244], 'text': ['0346-5311079']}",Transport
690825,"What is the name of the driver for the bus that goes to 7TH AVENUE
","{'answer_start': [42279], 'text': ['Zaman Akhtar']}",Transport
690826,"What is the name of the driver for the bus that goes to BLUE AREA
","{'answer_start': [42279], 'text': ['Zaman Akhtar']}",Transport
6908302,"What is the name of the driver for the bus that goes to E-SECTOR
","{'answer_start': [42417], 'text': ['Zaman Akhtar']}",Transport
690827,"What is the name of the driver for the bus that goes to F-10 MARKAZ
","{'answer_start': [42430], 'text': ['Zaman Akhtar']}",Transport
690831,"What is the name of the driver for the bus that goes to F-SECTOR
","{'answer_start': [42417], 'text': ['Zaman Akhtar']}",Transport
6900829,"What is the name of the driver for the bus that goes to GOLRA SHAREEF
","{'answer_start': [42417], 'text': ['Zaman Akhtar']}",Transport
690830,"What is the name of the driver for the bus that goes to G-SECTOR
","{'answer_start': [42430], 'text': ['Zaman Akhtar']}",Transport
690834,"What is the name of the driver for the bus that goes to I-10/3
","{'answer_start': [42521], 'text': ['Zaman Akhtar']}",Transport
690835,"What is the name of the driver for the bus that goes to Islamabad
","{'answer_start': [42521], 'text': ['Zaman Akhtar']}",Transport
690828,"What is the name of the driver for the bus that goes to MARGALLA ROAD
","{'answer_start': [42534], 'text': ['Zaman Akhtar']}",Transport
690833,"What is the name of the driver for the bus that goes to POLICE LINE SIGNAL
","{'answer_start': [42521], 'text': ['Zaman Akhtar']}",Transport
6908400,"What is the vehicle number for Route 55?
","{'answer_start': [42224], 'text': ['GF-131']}",Transport
690839,"Who is the driver for Route 55?
","{'answer_start': [42547], 'text': ['Zaman Akhtar']}",Transport
692734,"What is the name of the driver for the bus that goes to SITE OFFICE
","{'answer_start': [48164], 'text': ['Nasir Iqbal']}",Transport
692741,"What is the name of the driver for the bus that goes to TURN PESHAWAR ROAD
","{'answer_start': [48164], 'text': ['Nasir Iqbal']}",Transport
692737,"What is the name of the driver for the bus that goes to Peshwar road
","{'answer_start': [48188], 'text': ['Nasir Iqbal']}",Transport
692748,"What is the name of the driver for the bus with vehicle number MIA-6421?
","{'answer_start': [48164], 'text': ['Nasir Iqbal']}",Transport
6925050,"What are the stops on the route for the bus with vehicle number GF-131?
","{'answer_start': [42292], 'text': ['""I-10/3, POLICE LINE SIGNAL, E-SECTOR, F-SECTOR, G-SECTOR, GOLRA SHAREEF, MARGALLA ROAD, F-10 MARKAZ, BLUE AREA, 7TH AVENUE""']}",Transport
6924640,"What are the stops on the route that goes to 7TH AVENUE
","{'answer_start': [42292], 'text': ['""I-10/3, POLICE LINE SIGNAL, E-SECTOR, F-SECTOR, G-SECTOR, GOLRA SHAREEF, MARGALLA ROAD, F-10 MARKAZ, BLUE AREA, 7TH AVENUE""']}",Transport
692478,"What are the stops on the route that goes to 7TH AVENUE
","{'answer_start': [402292], 'text': ['""I-10/3, POLICE LINE SIGNAL, E-SECTOR, F-SECTOR, G-SECTOR, GOLRA SHAREEF, MARGALLA ROAD, F-10 MARKAZ, BLUE AREA, 7TH AVENUE""']}",Transport
692486,"What are the stops on the route that goes to 8 NO. CHUNGI
","{'answer_start': [42292], 'text': ['""I-10/3, POLICE LINE SIGNAL, E-SECTOR, F-SECTOR, G-SECTOR, GOLRA SHAREEF, MARGALLA ROAD, F-10 MARKAZ, BLUE AREA, 7TH AVENUE""']}",Transport
6920743,"What is the name of the driver for the bus that goes to QASIM MARKET
","{'answer_start': [48176], 'text': ['Nasir Iqbal']}",Transport
692690,"What are the stops on the route that goes to HUMAK
","{'answer_start': [46373], 'text': ['""ALIPUR, TRAMRI CHOWK, GHORI TOWN, KORAL CHOWK HIGHWAY, KAK PULL, MODEL TOWN, HUMAK, DHA GATE-1""']}",Transport
6924805,"What are the stops on the route that goes to BAND KHANA ROAD
","{'answer_start': [42292], 'text': ['""I-10/3, POLICE LINE SIGNAL, E-SECTOR, F-SECTOR, G-SECTOR, GOLRA SHAREEF, MARGALLA ROAD, F-10 MARKAZ, BLUE AREA, 7TH AVENUE""']}",Transport
692480,"What are the stops on the route that goes to BLUE AREA
","{'answer_start': [42292], 'text': ['""I-10/3, POLICE LINE SIGNAL, E-SECTOR, F-SECTOR, G-SECTOR, GOLRA SHAREEF, MARGALLA ROAD, F-10 MARKAZ, BLUE AREA, 7TH AVENUE""']}",Transport
692481,"What are the stops on the route that goes to F-10 MARKAZ
","{'answer_start': [420292], 'text': ['""I-10/3, POLICE LINE SIGNAL, E-SECTOR, F-SECTOR, G-SECTOR, GOLRA SHAREEF, MARGALLA ROAD, F-10 MARKAZ, BLUE AREA, 7TH AVENUE""']}",Transport
6924830,"What are the stops on the route that goes to GOLRA SHAREEF
","{'answer_start': [42292], 'text': ['""I-10/3, POLICE LINE SIGNAL, E-SECTOR, F-SECTOR, G-SECTOR, GOLRA SHAREEF, MARGALLA ROAD, F-10 MARKAZ, BLUE AREA, 7TH AVENUE""']}",Transport
692489,"What are the stops on the route that goes to KHANA PULL
","{'answer_start': [44254], 'text': ['""KHANA PULL, KRL ROAD, 8 NO. CHUNGI, BAND KHANA ROAD, RAWAL ROAD, ALI NAWAZ CHOWK, DHOKE KHABBA STOP, SIR SYED CHOWK""']}",Transport
692488,"What are the stops on the route that goes to  KRL ROA
","{'answer_start': [44254], 'text': ['""KHANA PULL, KRL ROAD, 8 NO. CHUNGI, BAND KHANA ROAD, RAWAL ROAD, ALI NAWAZ CHOWK, DHOKE KHABBA STOP, SIR SYED CHOWK""']}",Transport
692482,"What are the stops on the route that goes to MARGALLA ROAD
","{'answer_start': [43810], 'text': ['""I-10/3, POLICE LINE SIGNAL, E-SECTOR, F-SECTOR, G-SECTOR, GOLRA SHAREEF, MARGALLA ROAD, F-10 MARKAZ, BLUE AREA, 7TH AVENUE""']}",Transport
692490,"What are the stops on the route that goes to Rawal road Dhoke khabba RWP
","{'answer_start': [44254], 'text': ['""KHANA PULL, KRL ROAD, 8 NO. CHUNGI, BAND KHANA ROAD, RAWAL ROAD, ALI NAWAZ CHOWK, DHOKE KHABBA STOP, SIR SYED CHOWK""']}",Transport
692510,"What is the contact number for the driver of Route 56?
","{'answer_start': [44396], 'text': ['0345-9575165']}",Transport
692512,"What is the contact number for the driver of the bus that goes to 7TH AVENUE
","{'answer_start': [44142], 'text': ['0346-5311079']}",Transport
692513,"What is the contact number for the driver of the bus that goes to BLUE AREA
","{'answer_start': [44142], 'text': ['0346-5311079']}",Transport
692459,"What is the contact number for the driver of the bus that goes to E-SECTOR
","{'answer_start': [44142], 'text': ['0346-5311079']}",Transport
692454,"What is the contact number for the driver of the bus that goes to F-10 MARKAZ
","{'answer_start': [44142], 'text': ['0346-5311079']}",Transport
692458,"What is the contact number for the driver of the bus that goes to F-SECTOR
","{'answer_start': [44129], 'text': ['0346-5311079']}",Transport
692456,"What is the contact number for the driver of the bus that goes to GOLRA SHAREEF
","{'answer_start': [44129], 'text': ['0346-5311079']}",Transport
692457,"What is the contact number for the driver of the bus that goes to G-SECTOR
","{'answer_start': [44116], 'text': ['0346-5311079']}",Transport
692455,"What is the contact number for the driver of the bus that goes to MARGALLA ROAD
","{'answer_start': [44129], 'text': ['0346-5311079']}",Transport
692460,"What is the contact number for the driver of the bus that goes to POLICE LINE SIGNAL
","{'answer_start': [44116], 'text': ['0346-5311079']}",Transport
692508,"What is the contact number for the driver of the bus with vehicle number GF-131?
","{'answer_start': [44116], 'text': ['0346-5311079']}",Transport
692500,"What is the name of the driver for the bus that goes to 8 NO. CHUNGI
","{'answer_start': [44116], 'text': ['0346-5311079']}",Transport
692497,"What is the name of the driver for the bus that goes to ALI NAWAZ CHOWK
","{'answer_start': [44566], 'text': ['Mehmood un Nawaz']}",Transport
692499,"What is the name of the driver for the bus that goes to BAND KHANA ROAD
","{'answer_start': [44617], 'text': ['Mehmood un Nawaz']}",Transport
692496,"What is the name of the driver for the bus that goes to DHOKE KHABBA STOP
","{'answer_start': [44617], 'text': ['Mehmood un Nawaz']}",Transport
692502,"What is the name of the driver for the bus that goes to KHANA PULL
","{'answer_start': [44617], 'text': ['Mehmood un Nawaz']}",Transport
692501,"What is the name of the driver for the bus that goes to  KRL ROA
","{'answer_start': [44668], 'text': ['Mehmood un Nawaz']}",Transport
692491,"What is the name of the driver for the bus that goes to POLICE LINE SIGNAL
","{'answer_start': [44600], 'text': ['Mehmood un Nawaz']}",Transport
692498,"What is the name of the driver for the bus that goes to RAWAL ROAD
","{'answer_start': [44600], 'text': ['Mehmood un Nawaz']}",Transport
692503,"What is the name of the driver for the bus that goes to Rawal road Dhoke khabba RWP
","{'answer_start': [44566], 'text': ['Mehmood un Nawaz']}",Transport
692493,"What is the name of the driver for the bus that goes to SIR SYED CHOWK
","{'answer_start': [44566], 'text': ['Mehmood un Nawaz']}",Transport
692506,"What is the name of the driver for the bus with vehicle number GF-131?
","{'answer_start': [44566], 'text': ['Mehmood un Nawaz']}",Transport
692509,"What is the route number for the bus with vehicle number GF-131?
","{'answer_start': [44409], 'text': ['Route 56']}",Transport
692465,"What is the vehicle number for the bus that goes to BLUE AREA
","{'answer_start': [44005], 'text': ['GF-131']}",Transport
692473,"What is the vehicle number for the bus that goes to E-SECTOR
","{'answer_start': [44005], 'text': ['GF-131']}",Transport
692466,"What is the vehicle number for the bus that goes to F-10 MARKAZ
","{'answer_start': [44005], 'text': ['GF-131']}",Transport
692472,"What is the vehicle number for the bus that goes to F-SECTOR
","{'answer_start': [43998], 'text': ['GF-131']}",Transport
692469,"What is the vehicle number for the bus that goes to GOLRA SHAREEF
","{'answer_start': [43998], 'text': ['GF-131']}",Transport
692470,"What is the vehicle number for the bus that goes to G-SECTOR
","{'answer_start': [43998], 'text': ['GF-131']}",Transport
6924061,"What is the vehicle number for the bus that goes to I-10/3
","{'answer_start': [43984], 'text': ['GF-131']}",Transport
692475,"What is the vehicle number for the bus that goes to I-10/3
","{'answer_start': [43998], 'text': ['GF-131']}",Transport
692462,"What is the vehicle number for the bus that goes to Islamabad
","{'answer_start': [43998], 'text': ['GF-131']}",Transport
692476,"What is the vehicle number for the bus that goes to Islamabad
","{'answer_start': [43998], 'text': ['GF-131']}",Transport
692468,"What is the vehicle number for the bus that goes to MARGALLA ROAD
","{'answer_start': [43998], 'text': ['GF-131']}",Transport
692474,"What is the vehicle number for the bus that goes to POLICE LINE SIGNAL
","{'answer_start': [430935], 'text': ['GF-131']}",Transport
692511,"Who is the driver for Route 56?
","{'answer_start': [44379], 'text': ['Mehmood un Nawaz']}",Transport
692685,"What are the stops on the route that goes to ALI NAWAZ CHOWK
","{'answer_start': [45798], 'text': ['""KHANA PULL, KRL ROAD, 8 NO. CHUNGI, BAND KHANA ROAD, RAWAL ROAD, ALI NAWAZ CHOWK, DHOKE KHABBA STOP, SIR SYED CHOWK""']}",Transport
692683,"What are the stops on the route that goes to DHOKE KHABBA STOP
","{'answer_start': [45798], 'text': ['""KHANA PULL, KRL ROAD, 8 NO. CHUNGI, BAND KHANA ROAD, RAWAL ROAD, ALI NAWAZ CHOWK, DHOKE KHABBA STOP, SIR SYED CHOWK""']}",Transport
692680,"What are the stops on the route that goes to POLICE LINE SIGNAL
","{'answer_start': [45798], 'text': ['""KHANA PULL, KRL ROAD, 8 NO. CHUNGI, BAND KHANA ROAD, RAWAL ROAD, ALI NAWAZ CHOWK, DHOKE KHABBA STOP, SIR SYED CHOWK""']}",Transport
692686,"What are the stops on the route that goes to RAWAL ROAD
","{'answer_start': [45798], 'text': ['""KHANA PULL, KRL ROAD, 8 NO. CHUNGI, BAND KHANA ROAD, RAWAL ROAD, ALI NAWAZ CHOWK, DHOKE KHABBA STOP, SIR SYED CHOWK""']}",Transport
692681,"What are the stops on the route that goes to SIR SYED CHOWK
","{'answer_start': [45798], 'text': ['""KHANA PULL, KRL ROAD, 8 NO. CHUNGI, BAND KHANA ROAD, RAWAL ROAD, ALI NAWAZ CHOWK, DHOKE KHABBA STOP, SIR SYED CHOWK""']}",Transport
692656,"What is the contact number for the driver of the bus that goes to 8 NO. CHUNGI
","{'answer_start': [45986], 'text': ['0345-9575165']}",Transport
692653,"What is the contact number for the driver of the bus that goes to ALI NAWAZ CHOWK
","{'answer_start': [45999], 'text': ['0345-9575165']}",Transport
692655,"What is the contact number for the driver of the bus that goes to BAND KHANA ROAD
","{'answer_start': [46012], 'text': ['0345-9575165']}",Transport
692651,"What is the contact number for the driver of the bus that goes to DHOKE KHABBA STOP
","{'answer_start': [46012], 'text': ['0345-9575165']}",Transport
692661,"What is the contact number for the driver of the bus that goes to KHANA PULL
","{'answer_start': [45986], 'text': ['0345-9575165']}",Transport
692657,"What is the contact number for the driver of the bus that goes to  KRL ROA
","{'answer_start': [45999], 'text': ['0345-9575165']}",Transport
692649,"What is the contact number for the driver of the bus that goes to POLICE LINE SIGNAL
","{'answer_start': [46025], 'text': ['0345-9575165']}",Transport
692654,"What is the contact number for the driver of the bus that goes to RAWAL ROAD
","{'answer_start': [46012], 'text': ['0345-9575165']}",Transport
692662,"What is the contact number for the driver of the bus that goes to Rawal road Dhoke khabba RWP
","{'answer_start': [46025], 'text': ['0345-9575165']}",Transport
692650,"What is the contact number for the driver of the bus that goes to SIR SYED CHOWK
","{'answer_start': [46025], 'text': ['0345-9575165']}",Transport
692673,"What is the vehicle number for the bus that goes to 8 NO. CHUNGI
","{'answer_start': [45972], 'text': ['GF-131']}",Transport
692667,"What is the vehicle number for the bus that goes to ALI NAWAZ CHOWK
","{'answer_start': [45979], 'text': ['GF-131']}",Transport
692670,"What is the vehicle number for the bus that goes to BAND KHANA ROAD
","{'answer_start': [45972], 'text': ['GF-131']}",Transport
692666,"What is the vehicle number for the bus that goes to DHOKE KHABBA STOP
","{'answer_start': [45965], 'text': ['GF-131']}",Transport
692676,"What is the vehicle number for the bus that goes to KHANA PULL
","{'answer_start': [45965], 'text': ['GF-131']}",Transport
692675,"What is the vehicle number for the bus that goes to  KRL ROA
","{'answer_start': [45972], 'text': ['GF-131']}",Transport
692663,"What is the vehicle number for the bus that goes to POLICE LINE SIGNAL
","{'answer_start': [45972], 'text': ['GF-131']}",Transport
692669,"What is the vehicle number for the bus that goes to RAWAL ROAD
","{'answer_start': [45951], 'text': ['GF-131']}",Transport
692678,"What is the vehicle number for the bus that goes to Rawal road Dhoke khabba RWP
","{'answer_start': [45958], 'text': ['GF-131']}",Transport
692664,"What is the vehicle number for the bus that goes to SIR SYED CHOWK
","{'answer_start': [45951], 'text': ['GF-131']}",Transport
692707,"What are the stops on the route for the bus with vehicle number GA-953?
","{'answer_start': [46373], 'text': ['""ALIPUR, TRAMRI CHOWK, GHORI TOWN, KORAL CHOWK HIGHWAY, KAK PULL, MODEL TOWN, HUMAK, DHA GATE-1""']}",Transport
692696,"What are the stops on the route that goes to ALIPUR
","{'answer_start': [46373], 'text': ['""ALIPUR, TRAMRI CHOWK, GHORI TOWN, KORAL CHOWK HIGHWAY, KAK PULL, MODEL TOWN, HUMAK, DHA GATE-1""']}",Transport
692729,"What are the stops on the route that goes to DHA GATE-1
","{'answer_start': [46373], 'text': ['""ALIPUR, TRAMRI CHOWK, GHORI TOWN, KORAL CHOWK HIGHWAY, KAK PULL, MODEL TOWN, HUMAK, DHA GATE-1""']}",Transport
692694,"What are the stops on the route that goes to GHORI TOWN
","{'answer_start': [46373], 'text': ['""ALIPUR, TRAMRI CHOWK, GHORI TOWN, KORAL CHOWK HIGHWAY, KAK PULL, MODEL TOWN, HUMAK, DHA GATE-1""']}",Transport
692750,"What is the route number for the bus with vehicle number MIA-6421?
","{'answer_start': [47905], 'text': ['Route 58']}",Transport
692753,"What is the vehicle number for Route 58?
","{'answer_start': [47871], 'text': ['MIA-6421']}",Transport
692759,"What is the vehicle number for the bus that goes to AIRPORT
","{'answer_start': [47871], 'text': ['MIA-6421']}",Transport
692760,"What is the vehicle number for the bus that goes to AMMAR CHOWK
","{'answer_start': [50105], 'text': ['MIA-6421']}",Transport
692763,"What is the vehicle number for the bus that goes to CHORR CHOWK
","{'answer_start': [50105], 'text': ['MIA-6421']}",Transport
692766,"What is the vehicle number for the bus that goes to CHOWK
","{'answer_start': [50123], 'text': ['MIA-6421']}",Transport
692761,"What is the vehicle number for the bus that goes to KACHEHRY
","{'answer_start': [50087], 'text': ['MIA-6421']}",Transport
692756,"What is the vehicle number for the bus that goes to KHANA PULL
","{'answer_start': [50114], 'text': ['MIA-6421']}",Transport
692757,"What is the vehicle number for the bus that goes to KORAL
","{'answer_start': [50141], 'text': ['MIA-6421']}",Transport
692758,"What is the vehicle number for the bus that goes to Peshwar road
","{'answer_start': [50141], 'text': ['MIA-6421']}",Transport
692767,"What is the vehicle number for the bus that goes to Old airport road, Peshawar Road
","{'answer_start': [50123], 'text': ['MIA-6421']}",Transport
692764,"What is the vehicle number for the bus that goes to QASIM MARKET
","{'answer_start': [50087], 'text': ['MIA-6421']}",Transport
692765,"What is the vehicle number for the bus that goes to RANGE ROAD
","{'answer_start': [50105], 'text': ['MIA-6421']}",Transport
692755,"What is the vehicle number for the bus that goes to SITE OFFICE
","{'answer_start': [50096], 'text': ['MIA-6421']}",Transport
692762,"What is the vehicle number for the bus that goes to TURN PESHAWAR ROAD
","{'answer_start': [501014], 'text': ['MIA-6421']}",Transport
692752,"Who is the driver for Route 58?
","{'answer_start': [48224], 'text': ['Nasir Iqbal']}",Transport
692692,"What are the stops on the route that goes to KAK PULL
","{'answer_start': [46373], 'text': ['""ALIPUR, TRAMRI CHOWK, GHORI TOWN, KORAL CHOWK HIGHWAY, KAK PULL, MODEL TOWN, HUMAK, DHA GATE-1""']}",Transport
692697,"What are the stops on the route that goes to Kak Pul Model Town Isbd
","{'answer_start': [46373], 'text': ['""ALIPUR, TRAMRI CHOWK, GHORI TOWN, KORAL CHOWK HIGHWAY, KAK PULL, MODEL TOWN, HUMAK, DHA GATE-1""']}",Transport
692693,"What are the stops on the route that goes to KORAL CHOWK HIGHWAY
","{'answer_start': [46373], 'text': ['""ALIPUR, TRAMRI CHOWK, GHORI TOWN, KORAL CHOWK HIGHWAY, KAK PULL, MODEL TOWN, HUMAK, DHA GATE-1""']}",Transport
692691,"What are the stops on the route that goes to MODEL TOWN
","{'answer_start': [46373], 'text': ['""ALIPUR, TRAMRI CHOWK, GHORI TOWN, KORAL CHOWK HIGHWAY, KAK PULL, MODEL TOWN, HUMAK, DHA GATE-1""']}",Transport
692695,"What are the stops on the route that goes to TRAMRI CHOWK
","{'answer_start': [46373], 'text': ['""ALIPUR, TRAMRI CHOWK, GHORI TOWN, KORAL CHOWK HIGHWAY, KAK PULL, MODEL TOWN, HUMAK, DHA GATE-1""']}",Transport
692718,"What is the contact number for the driver of the bus that goes to ALIPUR
","{'answer_start': [46346], 'text': ['0342-5138076']}",Transport
692711,"What is the contact number for the driver of the bus that goes to DHA GATE-1
","{'answer_start': [46346], 'text': ['0342-5138076']}",Transport
692716,"What is the contact number for the driver of the bus that goes to GHORI TOWN
","{'answer_start': [46346], 'text': ['0342-5138076']}",Transport
692712,"What is the contact number for the driver of the bus that goes to HUMAK
","{'answer_start': [46346], 'text': ['0342-5138076']}",Transport
692714,"What is the contact number for the driver of the bus that goes to KAK PULL
","{'answer_start': [46346], 'text': ['0342-5138076']}",Transport
692719,"What is the contact number for the driver of the bus that goes to Kak Pul Model Town Isbd
","{'answer_start': [46324], 'text': ['0342-5138076']}",Transport
692715,"What is the contact number for the driver of the bus that goes to KORAL CHOWK HIGHWAY
","{'answer_start': [46324], 'text': ['0342-5138076']}",Transport
692713,"What is the contact number for the driver of the bus that goes to MODEL TOWN
","{'answer_start': [46324], 'text': ['0342-5138076']}",Transport
692717,"What is the contact number for the driver of the bus that goes to TRAMRI CHOWK
","{'answer_start': [46324], 'text': ['0342-5138076']}",Transport
6927009,"What is the contact number for the driver of the bus with vehicle number GA-953?
","{'answer_start': [46324], 'text': ['0342-5138076']}",Transport
692705,"What is the name of the driver for the bus that goes to ALIPUR
","{'answer_start': [46359], 'text': ['Wajid Hussain']}",Transport
692698,"What is the name of the driver for the bus that goes to DHA GATE-1
","{'answer_start': [46470], 'text': ['Wajid Hussain']}",Transport
692703,"What is the name of the driver for the bus that goes to GHORI TOWN
","{'answer_start': [406512], 'text': ['Wajid Hussain']}",Transport
692699,"What is the name of the driver for the bus that goes to HUMAK
","{'answer_start': [46526], 'text': ['Wajid Hussain']}",Transport
692701,"What is the name of the driver for the bus that goes to KAK PULL
","{'answer_start': [46526], 'text': ['Wajid Hussain']}",Transport
692706,"What is the name of the driver for the bus that goes to Kak Pul Model Town Isbd
","{'answer_start': [46526], 'text': ['Wajid Hussain']}",Transport
692702,"What is the name of the driver for the bus that goes to KORAL CHOWK HIGHWAY
","{'answer_start': [46526], 'text': ['Wajid Hussain']}",Transport
692700,"What is the name of the driver for the bus that goes to MODEL TOWN
","{'answer_start': [46526], 'text': ['Wajid Hussain']}",Transport
692704,"What is the name of the driver for the bus that goes to TRAMRI CHOWK
","{'answer_start': [46526], 'text': ['Wajid Hussain']}",Transport
692708,"What is the name of the driver for the bus with vehicle number GA-953?
","{'answer_start': [46526], 'text': ['Wajid Hussain']}",Transport
692710,"What is the route number for the bus with vehicle number GA-953?
","{'answer_start': [46337], 'text': ['Route 57']}",Transport
692727,"What is the vehicle number for the bus that goes to ALIPUR
","{'answer_start': [46303], 'text': ['GA-953']}",Transport
692720,"What is the vehicle number for the bus that goes to DHA GATE-1
","{'answer_start': [46303], 'text': ['GA-953']}",Transport
692725,"What is the vehicle number for the bus that goes to GHORI TOWN
","{'answer_start': [46303], 'text': ['GA-953']}",Transport
692721,"What is the vehicle number for the bus that goes to HUMAK
","{'answer_start': [46303], 'text': ['GA-953']}",Transport
692723,"What is the vehicle number for the bus that goes to KAK PULL
","{'answer_start': [46303], 'text': ['GA-953']}",Transport
692728,"What is the vehicle number for the bus that goes to Kak Pul Model Town Isbd
","{'answer_start': [46303], 'text': ['GA-953']}",Transport
692724,"What is the vehicle number for the bus that goes to KORAL CHOWK HIGHWAY
","{'answer_start': [46303], 'text': ['GA-953']}",Transport
692722,"What is the vehicle number for the bus that goes to MODEL TOWN
","{'answer_start': [46303], 'text': ['GA-953']}",Transport
692726,"What is the vehicle number for the bus that goes to TRAMRI CHOWK
","{'answer_start': [460303], 'text': ['GA-953']}",Transport
692754,"What are the stops on Route 58?
","{'answer_start': [47939], 'text': ['""CHOWK,RANGE ROAD,QASIM MARKET, CHORR CHOWK, TURN PESHAWAR ROAD,KACHEHRY, AMMAR CHOWK,AIRPORT, Peshwar road, KORAL, KHANA PULL, SITE OFFICE""']}",Transport
692747,"What are the stops on the route for the bus with vehicle number MIA-6421?
","{'answer_start': [47939], 'text': ['""CHOWK,RANGE ROAD,QASIM MARKET, CHORR CHOWK, TURN PESHAWAR ROAD,KACHEHRY, AMMAR CHOWK,AIRPORT, Peshwar road, KORAL, KHANA PULL, SITE OFFICE""']}",Transport
692772,"What are the stops on the route that goes to AIRPORT
","{'answer_start': [47939], 'text': ['""CHOWK,RANGE ROAD,QASIM MARKET, CHORR CHOWK, TURN PESHAWAR ROAD,KACHEHRY, AMMAR CHOWK,AIRPORT, Peshwar road, KORAL, KHANA PULL, SITE OFFICE""']}",Transport
692773,"What are the stops on the route that goes to AMMAR CHOWK
","{'answer_start': [47939], 'text': ['""CHOWK,RANGE ROAD,QASIM MARKET, CHORR CHOWK, TURN PESHAWAR ROAD,KACHEHRY, AMMAR CHOWK,AIRPORT, Peshwar road, KORAL, KHANA PULL, SITE OFFICE""']}",Transport
692775,"What are the stops on the route that goes to CHORR CHOWK
","{'answer_start': [47939], 'text': ['""CHOWK,RANGE ROAD,QASIM MARKET, CHORR CHOWK, TURN PESHAWAR ROAD,KACHEHRY, AMMAR CHOWK,AIRPORT, Peshwar road, KORAL, KHANA PULL, SITE OFFICE""']}",Transport
692732,"What are the stops on the route that goes to CHOWK
","{'answer_start': [47939], 'text': ['""CHOWK,RANGE ROAD,QASIM MARKET, CHORR CHOWK, TURN PESHAWAR ROAD,KACHEHRY, AMMAR CHOWK,AIRPORT, Peshwar road, KORAL, KHANA PULL, SITE OFFICE""']}",Transport
692769,"What are the stops on the route that goes to KHANA PULL
","{'answer_start': [47939], 'text': ['""CHOWK,RANGE ROAD,QASIM MARKET, CHORR CHOWK, TURN PESHAWAR ROAD,KACHEHRY, AMMAR CHOWK,AIRPORT, Peshwar road, KORAL, KHANA PULL, SITE OFFICE""']}",Transport
692770,"What are the stops on the route that goes to KORAL
","{'answer_start': [47939], 'text': ['""CHOWK,RANGE ROAD,QASIM MARKET, CHORR CHOWK, TURN PESHAWAR ROAD,KACHEHRY, AMMAR CHOWK,AIRPORT, Peshwar road, KORAL, KHANA PULL, SITE OFFICE""']}",Transport
692733,"What are the stops on the route that goes to Old airport road, Peshawar Road
","{'answer_start': [47939], 'text': ['""CHOWK,RANGE ROAD,QASIM MARKET, CHORR CHOWK, TURN PESHAWAR ROAD,KACHEHRY, AMMAR CHOWK,AIRPORT, Peshwar road, KORAL, KHANA PULL, SITE OFFICE""']}",Transport
692771,"What are the stops on the route that goes to Peshwar road
","{'answer_start': [47939], 'text': ['""CHOWK,RANGE ROAD,QASIM MARKET, CHORR CHOWK, TURN PESHAWAR ROAD,KACHEHRY, AMMAR CHOWK,AIRPORT, Peshwar road, KORAL, KHANA PULL, SITE OFFICE""']}",Transport
692730,"What are the stops on the route that goes to QASIM MARKET
","{'answer_start': [47939], 'text': ['""CHOWK,RANGE ROAD,QASIM MARKET, CHORR CHOWK, TURN PESHAWAR ROAD,KACHEHRY, AMMAR CHOWK,AIRPORT, Peshwar road, KORAL, KHANA PULL, SITE OFFICE""']}",Transport
692731,"What are the stops on the route that goes to RANGE ROAD
","{'answer_start': [47939], 'text': ['""CHOWK,RANGE ROAD,QASIM MARKET, CHORR CHOWK, TURN PESHAWAR ROAD,KACHEHRY, AMMAR CHOWK,AIRPORT, Peshwar road, KORAL, KHANA PULL, SITE OFFICE""']}",Transport
692768,"What are the stops on the route that goes to SITE OFFICE
","{'answer_start': [47939], 'text': ['""CHOWK,RANGE ROAD,QASIM MARKET, CHORR CHOWK, TURN PESHAWAR ROAD,KACHEHRY, AMMAR CHOWK,AIRPORT, Peshwar road, KORAL, KHANA PULL, SITE OFFICE""']}",Transport
692774,"What are the stops on the route that goes to TURN PESHAWAR ROAD
","{'answer_start': [47939], 'text': ['""CHOWK,RANGE ROAD,QASIM MARKET, CHORR CHOWK, TURN PESHAWAR ROAD,KACHEHRY, AMMAR CHOWK,AIRPORT, Peshwar road, KORAL, KHANA PULL, SITE OFFICE""']}",Transport
692751,"What is the contact number for the driver of Route 58?
","{'answer_start': [47914], 'text': ['0333-5786592']}",Transport
692749,"What is the contact number for the driver of the bus with vehicle number MIA-6421?
","{'answer_start': [47892], 'text': ['0333-5786592']}",Transport
692738,"What is the name of the driver for the bus that goes to AIRPORT
","{'answer_start': [47927], 'text': ['Nasir Iqbal']}",Transport
692739,"What is the name of the driver for the bus that goes to AMMAR CHOWK
","{'answer_start': [48116], 'text': ['Nasir Iqbal']}",Transport
692742,"What is the name of the driver for the bus that goes to CHORR CHOWK
","{'answer_start': [48128], 'text': ['Nasir Iqbal']}",Transport
692745,"What is the name of the driver for the bus that goes to CHOWK
","{'answer_start': [48140], 'text': ['Nasir Iqbal']}",Transport
692740,"What is the name of the driver for the bus that goes to KACHEHRY
","{'answer_start': [48128], 'text': ['Nasir Iqbal']}",Transport
692735,"What is the name of the driver for the bus that goes to KHANA PULL
","{'answer_start': [48152], 'text': ['Nasir Iqbal']}",Transport
692736,"What is the name of the driver for the bus that goes to KORAL
","{'answer_start': [48188], 'text': ['Nasir Iqbal']}",Transport
692746,"What is the name of the driver for the bus that goes to Old airport road, Peshawar Road
","{'answer_start': [48164], 'text': ['Nasir Iqbal']}",Transport
625605,Is there any university transport services for dayscholars?,"{'answer_start': [943], 'text': ['Yes, Daysholars can avail transport facilities of university by paying Rs.15,000 per semester.']}",Transport
625635,Is there any university transport services for dayscholars?,"{'answer_start': [943], 'text': ['Yes, Daysholars can avail transport facilities of university by paying Rs.15,000 per semester.']}",Transport
683679,"What is the contact number for the driver of Route 43?
","{'answer_start': [6954], 'text': ['0315-5529615']}",Transport
647126,What are the stops on Route 41?,"{'answer_start': [9], 'text': ['SULTANA FOUNDATION, BURMA, KHANA, TRALI ADDA, 08 NO.CHUNGI, HAJI CHOWK, BILAL HOSPITAL, CHANDNI CHOWK, NATIONAL MARKET, KALI TANKI, ASGHAR MALL, T.B HOSPITAL, CHUNGI NO.4, CHEEMA PLAZA, GOLDEN CNG, KHAYABAN.SIR SYED']}",Transport
647132,What is the contact number for the driver of Route 41?,"{'answer_start': [250], 'text': ['0300-9137948']}",Transport
647136,What is the route number for the bus that goes to BURMA,"{'answer_start': [327], 'text': ['Route 41']}",Transport
647137,What is the route number for the bus that goes to KHANA,"{'answer_start': [327], 'text': ['Route 41']}",Transport
647134,What is the route number for the bus that goes to Rawalpindi,"{'answer_start': [327], 'text': ['Route 41']}",Transport
647135,What is the route number for the bus that goes to sultana foundation,"{'answer_start': [327], 'text': ['Route 41']}",Transport
647130,What is the vehicle number for Route 41?,"{'answer_start': [226], 'text': ['MIB-2673']}",Transport
647288,What are the stops on the route that goes to TRALI ADDA,"{'answer_start': [1110], 'text': ['SULTANA FOUNDATION, BURMA, KHANA, TRALI ADDA, 08 NO.CHUNGI, HAJI CHOWK, BILAL HOSPITAL, CHANDNI CHOWK, NATIONAL MARKET, KALI TANKI, ASGHAR MALL, T.B HOSPITAL, CHUNGI NO.4, CHEEMA ']}",Transport
647299,What are the stops on the route that goes to  T.B HOSPITAL,"{'answer_start': [1110], 'text': ['SULTANA FOUNDATION, BURMA, KHANA, TRALI ADDA, 08 NO.CHUNGI, HAJI CHOWK, BILAL HOSPITAL, CHANDNI CHOWK, NATIONAL MARKET, KALI TANKI, ASGHAR MALL, T.B HOSPITAL, CHUNGI NO.4, CHEEMA ']}",Transport
647285,What are the stops on the route that goes to sultana foundation,"{'answer_start': [1110], 'text': ['SULTANA FOUNDATION, BURMA, KHANA, TRALI ADDA, 08 NO.CHUNGI, HAJI CHOWK, BILAL HOSPITAL, CHANDNI CHOWK, NATIONAL MARKET, KALI TANKI, ASGHAR MALL, T.B HOSPITAL, CHUNGI NO.4, CHEEMA']}",Transport
647284,What are the stops on the route that goes to rawalpindi,"{'answer_start': [1110], 'text': ['SULTANA FOUNDATION, BURMA, KHANA, TRALI ADDA, 08 NO.CHUNGI, HAJI CHOWK, BILAL HOSPITAL, CHANDNI CHOWK, NATIONAL MARKET, KALI TANKI, ASGHAR MALL, T.B HOSPITAL, CHUNGI NO.4, CHEEMA']}",Transport
647296,What are the stops on the route that goes to  NATIONAL MARKET,"{'answer_start': [1110], 'text': ['SULTANA FOUNDATION, BURMA, KHANA, TRALI ADDA, 08 NO.CHUNGI, HAJI CHOWK, BILAL HOSPITAL, CHANDNI CHOWK, NATIONAL MARKET, KALI TANKI, ASGHAR MALL, T.B HOSPITAL, CHUNGI NO.4, CHEEMA']}",Transport
647304,What are the stops on the route that goes to KHAYABAN.SIR SYED,"{'answer_start': [1110], 'text': ['SULTANA FOUNDATION, BURMA, KHANA, TRALI ADDA, 08 NO.CHUNGI, HAJI CHOWK, BILAL HOSPITAL, CHANDNI CHOWK, NATIONAL MARKET, KALI TANKI, ASGHAR MALL, T.B HOSPITAL, CHUNGI NO.4, CHEEMA ']}",Transport
647287,What are the stops on the route that goes to KHANA,"{'answer_start': [1110], 'text': ['SULTANA FOUNDATION, BURMA, KHANA, TRALI ADDA, 08 NO.CHUNGI, HAJI CHOWK, BILAL HOSPITAL, CHANDNI CHOWK, NATIONAL MARKET, KALI TANKI, ASGHAR MALL, T.B HOSPITAL, CHUNGI NO.4, CHEEMA']}",Transport
647297,What are the stops on the route that goes to KALI TANKI,"{'answer_start': [1110], 'text': ['SULTANA FOUNDATION, BURMA, KHANA, TRALI ADDA, 08 NO.CHUNGI, HAJI CHOWK, BILAL HOSPITAL, CHANDNI CHOWK, NATIONAL MARKET, KALI TANKI, ASGHAR MALL, T.B HOSPITAL, CHUNGI NO.4, CHEEMA']}",Transport
647290,What are the stops on the route that goes to HAJI CHOWK,"{'answer_start': [1110], 'text': ['SULTANA FOUNDATION, BURMA, KHANA, TRALI ADDA, 08 NO.CHUNGI, HAJI CHOWK, BILAL HOSPITAL, CHANDNI CHOWK, NATIONAL MARKET, KALI TANKI, ASGHAR MALL, T.B HOSPITAL, CHUNGI NO.4, CHEEMA ']}",Transport
647302,What are the stops on the route that goes to GOLDEN CNG,"{'answer_start': [1110], 'text': ['SULTANA FOUNDATION, BURMA, KHANA, TRALI ADDA, 08 NO.CHUNGI, HAJI CHOWK, BILAL HOSPITAL, CHANDNI CHOWK, NATIONAL MARKET, KALI TANKI, ASGHAR MALL, T.B HOSPITAL, CHUNGI NO.4, CHEEMA']}",Transport
647300,What are the stops on the route that goes to  CHUNGI NO.4,"{'answer_start': [1110], 'text': ['SULTANA FOUNDATION, BURMA, KHANA, TRALI ADDA, 08 NO.CHUNGI, HAJI CHOWK, BILAL HOSPITAL, CHANDNI CHOWK, NATIONAL MARKET, KALI TANKI, ASGHAR MALL, T.B HOSPITAL, CHUNGI NO.4, CHEEMA']}",Transport
647301,What are the stops on the route that goes to  CHEEMA PLAZA,"{'answer_start': [1110], 'text': ['SULTANA FOUNDATION, BURMA, KHANA, TRALI ADDA, 08 NO.CHUNGI, HAJI CHOWK, BILAL HOSPITAL, CHANDNI CHOWK, NATIONAL MARKET, KALI TANKI, ASGHAR MALL, T.B HOSPITAL, CHUNGI NO.4, CHEEMA ']}",Transport
647294,What are the stops on the route that goes to CHANDNI CHOWK,"{'answer_start': [1110], 'text': ['SULTANA FOUNDATION, BURMA, KHANA, TRALI ADDA, 08 NO.CHUNGI, HAJI CHOWK, BILAL HOSPITAL, CHANDNI CHOWK, NATIONAL MARKET, KALI TANKI, ASGHAR MALL, T.B HOSPITAL, CHUNGI NO.4, CHEEMA']}",Transport
647286,What are the stops on the route that goes to BURMA,"{'answer_start': [1110], 'text': ['SULTANA FOUNDATION, BURMA, KHANA, TRALI ADDA, 08 NO.CHUNGI, HAJI CHOWK, BILAL HOSPITAL, CHANDNI CHOWK, NATIONAL MARKET, KALI TANKI, ASGHAR MALL, T.B HOSPITAL, CHUNGI NO.4, CHEEMA ']}",Transport
647293,What are the stops on the route that goes to BILAL HOSPITAL,"{'answer_start': [1109], 'text': ['""SULTANA FOUNDATION, BURMA, KHANA, TRALI ADDA, 08 NO.CHUNGI, HAJI CHOWK, BILAL HOSPITAL, CHANDNI CHOWK, NATIONAL MARKET, KALI TANKI, ASGHAR MALL, T.B HOSPITAL, CHUNGI NO.4, CHEEMA ""']}",Transport
647292,What are the stops on the route that goes to BILAL HOSPITAL,"{'answer_start': [1110], 'text': ['SULTANA FOUNDATION, BURMA, KHANA, TRALI ADDA, 08 NO.CHUNGI, HAJI CHOWK, BILAL HOSPITAL, CHANDNI CHOWK, NATIONAL MARKET, KALI TANKI, ASGHAR MALL, T.B HOSPITAL, CHUNGI NO.4, CHEEMA']}",Transport
647298,What are the stops on the route that goes to ASGHAR MALL,"{'answer_start': [1110], 'text': ['SULTANA FOUNDATION, BURMA, KHANA, TRALI ADDA, 08 NO.CHUNGI, HAJI CHOWK, BILAL HOSPITAL, CHANDNI CHOWK, NATIONAL MARKET, KALI TANKI, ASGHAR MALL, T.B HOSPITAL, CHUNGI NO.4, CHEEMA ']}",Transport
647289,What are the stops on the route that goes to 08 NO.CHUNGI,"{'answer_start': [1110], 'text': ['SULTANA FOUNDATION, BURMA, KHANA, TRALI ADDA, 08 NO.CHUNGI, HAJI CHOWK, BILAL HOSPITAL, CHANDNI CHOWK, NATIONAL MARKET, KALI TANKI, ASGHAR MALL, T.B HOSPITAL, CHUNGI NO.4, CHEEMA']}",Transport
647269,vWhat is the name of the driver for the bus that goes to HAJI CHOWK,"{'answer_start': [1094], 'text': ['Sajid Ali Khan']}",Transport
647307,What is the name of the driver for the bus with vehicle number MIB-2673?,"{'answer_start': [4225], 'text': ['Sajid Ali Khan']}",Transport
647305,What is the route number for the bus with vehicle number MIB-2673?,"{'answer_start': [4203], 'text': ['Route 41']}",Transport
647306,What is the contact number for the driver of the bus with vehicle number MIB-2673?,"{'answer_start': [4212], 'text': ['0300-9137948']}",Transport
647308,What are the stops on the route for the bus with vehicle number MIB-2673?,"{'answer_start': [4241], 'text': ['SULTANA FOUNDATION, BURMA, KHANA, TRALI ADDA, 08 NO.CHUNGI, HAJI CHOWK, BILAL HOSPITAL, CHANDNI CHOWK, NATIONAL MARKET, KALI TANKI, ASGHAR MALL, T.B HOSPITAL, CHUNGI NO.4, CHEEMA PLAZA, GOLDEN CNG, KHAYABAN.SIR SYED']}",Transport
661404,What is the vehicle number for Route 41?,"{'answer_start': [226], 'text': ['MIB-2673']}",Transport
661411,Is there any public transport from PIEAS?,"{'answer_start': [51467], 'text': ['""Yes, there are several types of public transportation available from PIEAS, including wagons, Suzuki vans, and coasters. These transportation options can be found outside of the PIEAS campus and can be used to travel to various destinations.""']}",Transport
664267,What is the route number for the bus that goes to SITE OFFICE,"{'answer_start': [47905], 'text': ['Route 58']}",Transport
664279,What is the route number for the bus that goes to KHANA PULL,"{'answer_start': [47905], 'text': ['Route 58']}",Transport
664289,What is the route number for the bus that goes to KORAL,"{'answer_start': [47905], 'text': ['Route 58']}",Transport
664299,"What is the route number for the bus that goes to Peshwar road
","{'answer_start': [47905], 'text': ['Route 58']}",Transport
664298,"What is the route number for the bus that goes to AIRPORT
","{'answer_start': [50355], 'text': ['Route 58']}",Transport
664297,"What is the route number for the bus that goes to AMMAR CHOWK
","{'answer_start': [50364], 'text': ['Route 58']}",Transport
664296,"What is the route number for the bus that goes to KACHEHRY
","{'answer_start': [50427], 'text': ['Route 58']}",Transport
664294,"What is the route number for the bus that goes to CHORR CHOWK
","{'answer_start': [50400], 'text': ['Route 58']}",Transport
664293,"What is the route number for the bus that goes to QASIM MARKET
","{'answer_start': [50364], 'text': ['Route 58']}",Transport
664292,"What is the route number for the bus that goes to RANGE ROAD
","{'answer_start': [50355], 'text': ['Route 58']}",Transport
664291,"What is the route number for the bus that goes to CHOWK
","{'answer_start': [50382], 'text': ['Route 58']}",Transport
664290,"What is the route number for the bus that goes to Old airport road, Peshawar Road
","{'answer_start': [50427], 'text': ['Route 58']}",Transport
664295,"What is the route number for the bus that goes to TURN PESHAWAR ROAD
","{'answer_start': [47905], 'text': ['Route 58']}",Transport
664300,"What is the route number for the bus that goes to TURN PESHAWAR ROAD
","{'answer_start': [47905], 'text': ['Route 58']}",Transport
683576,What are the stops on Route 42?,"{'answer_start': [4458], 'text': ['""ALI PURE, TARLAI, RAWAL HOSPITAL, KHANA PULL, HIGHWAY SAWAN GARDEN, JINNAH GARDEN, MAIN ROAD, KAK PULL, T CHOWK, PAEC SOCIETY RAWAT']}",Transport
683577,What is the vehicle number for Route 42?,"{'answer_start': [4592], 'text': ['GE-796']}",Transport
683578,Who is the driver for Route 42?,"{'answer_start': [4599], 'text': ['Aqeel Iftikhar']}",Transport
683579,What is the contact number for the driver of Route 42?,"{'answer_start': [4636], 'text': ['0346-5197805']}",Transport
683580,What is the route number for the bus with vehicle number GE-796?,"{'answer_start': [4627], 'text': ['Route 42']}",Transport
648101,Where does Route 41 start and end?,"{'answer_start': [263], 'text': ['It starts from sultana foundation and ends at khayaban Sir Syed']}",Transport
648104,What is the route number for the bus that goes to sultana foundation,"{'answer_start': [327], 'text': ['Route 41']}",Transport
648102,What is the route number for the bus that goes to Rawalpindi,"{'answer_start': [4203], 'text': ['Route 41']}",Transport
683582,What is the name of the driver for the bus with vehicle number GE-796?,"{'answer_start': [4599], 'text': ['Aqeel Iftikhar']}",Transport
683581,What is the contact number for the driver of the bus with vehicle number GE-796?,"{'answer_start': [4635], 'text': ['\n']}",Transport
664316,What is the contact number for the driver of the bus that goes to TURN PESHAWAR ROAD,"{'answer_start': [47892], 'text': ['0333-5786592']}",Transport
664329,What is the contact number for the driver of the bus that goes to SITE OFFICE,"{'answer_start': [47892], 'text': ['0333-5786592']}",Transport
664312,What is the contact number for the driver of the bus that goes to RANGE ROAD,"{'answer_start': [47892], 'text': ['0333-5786592']}",Transport
664313,What is the contact number for the driver of the bus that goes to QASIM MARKET,"{'answer_start': [47892], 'text': ['0333-5786592']}",Transport
664323,What is the contact number for the driver of the bus that goes to Peshwar road,"{'answer_start': [47892], 'text': ['0333-5786592']}",Transport
664327,What is the contact number for the driver of the bus that goes to KORAL,"{'answer_start': [47892], 'text': ['0333-5786592']}",Transport
664325,What is the contact number for the driver of the bus that goes to KORAL,"{'answer_start': [47892], 'text': ['0333-5786592']}",Transport
664328,What is the contact number for the driver of the bus that goes to KHANA PULL,"{'answer_start': [47892], 'text': ['0333-5786592']}",Transport
664318,What is the contact number for the driver of the bus that goes to KACHEHRY,"{'answer_start': [47914], 'text': ['0333-5786592']}",Transport
664311,What is the contact number for the driver of the bus that goes to CHOWK,"{'answer_start': [47914], 'text': ['0333-5786592']}",Transport
664315,What is the contact number for the driver of the bus that goes to CHORR CHOWK,"{'answer_start': [47892], 'text': ['0333-5786592']}",Transport
664320,What is the contact number for the driver of the bus that goes to AMMAR CHOWK,"{'answer_start': [47892], 'text': ['0333-5786592']}",Transport
664321,What is the contact number for the driver of the bus that goes to AIRPORT,"{'answer_start': [47892], 'text': ['0333-5786592']}",Transport
648100,What is the contact number for the driver of Route 41?,"{'answer_start': [480], 'text': ['0300-9137948']}",Transport
683583,What are the stops on the route for the bus with vehicle number GE-796?,"{'answer_start': [4459], 'text': ['ALI PURE, TARLAI, RAWAL HOSPITAL, KHANA PULL, HIGHWAY SAWAN GARDEN, JINNAH GARDEN, MAIN ROAD, KAK PULL, T CHOWK, PAEC SOCIETY RAWAT']}",Transport
662020,Is there any public transport from PIEAS?,"{'answer_start': [51468], 'text': ['Yes, there are several types of public transportation available from PIEAS, including wagons, Suzuki vans, and coasters. These transportation options can be found outside of the PIEAS campus and can be used to travel to various destinations.']}",Transport
683595,"What is the name of the driver for the bus that goes to  T CHOWK
","{'answer_start': [4798], 'text': ['Aqeel Iftikhar']}",Transport
683588,What is the name of the driver for the bus that goes to TARLAI,"{'answer_start': [4798], 'text': ['Aqeel Iftikhar']}",Transport
683597,"What is the name of the driver for the bus that goes to River Gardens society
","{'answer_start': [4798], 'text': ['Aqeel Iftikhar']}",Transport
683586,"What is the name of the driver for the bus that goes to rawat, rawalpindi","{'answer_start': [4798], 'text': ['Aqeel Iftikhar']}",Transport
683589,"What is the name of the driver for the bus that goes to RAWAL HOSPITAL
","{'answer_start': [4798], 'text': ['Aqeel Iftikhar']}",Transport
683596,"What is the name of the driver for the bus that goes to  PAEC SOCIETY RAWAT
","{'answer_start': [4798], 'text': ['Aqeel Iftikhar']}",Transport
683593,"What is the name of the driver for the bus that goes to MAIN ROAD
","{'answer_start': [4798], 'text': ['Aqeel Iftikhar']}",Transport
683590,"What is the name of the driver for the bus that goes to KHANA PULL
","{'answer_start': [4798], 'text': ['Aqeel Iftikhar']}",Transport
683594,"What is the name of the driver for the bus that goes to  KAK PULL
","{'answer_start': [4798], 'text': ['Aqeel Iftikhar']}",Transport
683592,"What is the name of the driver for the bus that goes to JINNAH GARDEN
","{'answer_start': [4771], 'text': ['CHOWK, PAEC SOCIETY RAWAT""\nAqeel Iftikhar']}",Transport
683591,"What is the name of the driver for the bus that goes to HIGHWAY SAWAN GARDEN
","{'answer_start': [4798], 'text': ['Aqeel Iftikhar']}",Transport
683587,What is the name of the driver for the bus that goes to ALI PURE,"{'answer_start': [4798], 'text': ['Aqeel Iftikhar']}",Transport
683599,"What is the vehicle number for the bus that goes to  T CHOWK
","{'answer_start': [6437], 'text': ['GE-796']}",Transport
683606,"What is the vehicle number for the bus that goes to TARLAI
","{'answer_start': [6437], 'text': ['GE-796']}",Transport
683609,What is the vehicle number for the bus that goes to River Gardens society,"{'answer_start': [6437], 'text': ['GE-796']}",Transport
683605,"What is the vehicle number for the bus that goes to RAWAL HOSPITAL
","{'answer_start': [6444], 'text': ['GE-796']}",Transport
683608,"What is the vehicle number for the bus that goes to rawat, rawalpindi
","{'answer_start': [6458], 'text': ['GE-796']}",Transport
683598,"What is the vehicle number for the bus that goes to  PAEC SOCIETY RAWAT
","{'answer_start': [6465], 'text': ['GE-796']}",Transport
683601,"What is the vehicle number for the bus that goes to MAIN ROAD
","{'answer_start': [6444], 'text': ['GE-796']}",Transport
683604,"What is the vehicle number for the bus that goes to KHANA PULL
","{'answer_start': [6437], 'text': ['GE-796']}",Transport
683600,"What is the vehicle number for the bus that goes to  KAK PULL
","{'answer_start': [6437], 'text': ['GE-796']}",Transport
683602,"What is the vehicle number for the bus that goes to JINNAH GARDEN
","{'answer_start': [6437], 'text': ['GE-796']}",Transport
683603,"What is the vehicle number for the bus that goes to HIGHWAY SAWAN GARDEN
","{'answer_start': [6437], 'text': ['GE-796']}",Transport
683607,"What is the vehicle number for the bus that goes to ALI PURE
","{'answer_start': [6437], 'text': ['GE-796']}",Transport
683611,"What are the stops on the route that goes to  T CHOWK
","{'answer_start': [6304], 'text': ['ALI PURE, TARLAI, RAWAL HOSPITAL, KHANA PULL, HIGHWAY SAWAN GARDEN, JINNAH GARDEN, MAIN ROAD, KAK PULL, T CHOWK, PAEC SOCIETY RAWAT']}",Transport
683620,"What are the stops on the route that goes to rawat, rawalpindi
","{'answer_start': [6303], 'text': ['""ALI PURE, TARLAI, RAWAL HOSPITAL, KHANA PULL, HIGHWAY SAWAN GARDEN, JINNAH GARDEN, MAIN ROAD, KAK PULL, T CHOWK, PAEC SOCIETY RAWAT""']}",Transport
683618,"What are the stops on the route that goes to TARLAI
","{'answer_start': [6304], 'text': ['ALI PURE, TARLAI, RAWAL HOSPITAL, KHANA PULL, HIGHWAY SAWAN GARDEN, JINNAH GARDEN, MAIN ROAD, KAK PULL, T CHOWK, PAEC SOCIETY RAWAT""']}",Transport
683621,"What are the stops on the route that goes to river gardens society
","{'answer_start': [6303], 'text': ['""ALI PURE, TARLAI, RAWAL HOSPITAL, KHANA PULL, HIGHWAY SAWAN GARDEN, JINNAH GARDEN, MAIN ROAD, KAK PULL, T CHOWK, PAEC SOCIETY RAWAT""']}",Transport
683617,"What are the stops on the route that goes to RAWAL HOSPITAL
","{'answer_start': [6303], 'text': ['""ALI PURE, TARLAI, RAWAL HOSPITAL, KHANA PULL, HIGHWAY SAWAN GARDEN, JINNAH GARDEN, MAIN ROAD, KAK PULL, T CHOWK, PAEC SOCIETY RAWAT""']}",Transport
683610,"What are the stops on the route that goes to  PAEC SOCIETY RAWAT
","{'answer_start': [6303], 'text': ['""ALI PURE, TARLAI, RAWAL HOSPITAL, KHANA PULL, HIGHWAY SAWAN GARDEN, JINNAH GARDEN, MAIN ROAD, KAK PULL, T CHOWK, PAEC SOCIETY RAWAT""']}",Transport
683613,"What are the stops on the route that goes to MAIN ROAD
","{'answer_start': [6303], 'text': ['""ALI PURE, TARLAI, RAWAL HOSPITAL, KHANA PULL, HIGHWAY SAWAN GARDEN, JINNAH GARDEN, MAIN ROAD, KAK PULL, T CHOWK, PAEC SOCIETY RAWAT""']}",Transport
683719,"What is the route number for the bus that goes to SHAH KAHLID
","{'answer_start': [9923], 'text': ['Route 43']}",Transport
683734,"What is the vehicle number for the bus that goes to KHANA PUL
","{'answer_start': [9747], 'text': ['GJ-793']}",Transport
683616,"What are the stops on the route that goes to KHANA PULL
","{'answer_start': [6303], 'text': ['""ALI PURE, TARLAI, RAWAL HOSPITAL, KHANA PULL, HIGHWAY SAWAN GARDEN, JINNAH GARDEN, MAIN ROAD, KAK PULL, T CHOWK, PAEC SOCIETY RAWAT""']}",Transport
683612,"What are the stops on the route that goes to  KAK PULL
","{'answer_start': [6303], 'text': ['""ALI PURE, TARLAI, RAWAL HOSPITAL, KHANA PULL, HIGHWAY SAWAN GARDEN, JINNAH GARDEN, MAIN ROAD, KAK PULL, T CHOWK, PAEC SOCIETY RAWAT""']}",Transport
683614,"What are the stops on the route that goes to JINNAH GARDEN
","{'answer_start': [6303], 'text': ['""ALI PURE, TARLAI, RAWAL HOSPITAL, KHANA PULL, HIGHWAY SAWAN GARDEN, JINNAH GARDEN, MAIN ROAD, KAK PULL, T CHOWK, PAEC SOCIETY RAWAT""']}",Transport
683615,"What are the stops on the route that goes to HIGHWAY SAWAN GARDEN
","{'answer_start': [6303], 'text': ['""ALI PURE, TARLAI, RAWAL HOSPITAL, KHANA PULL, HIGHWAY SAWAN GARDEN, JINNAH GARDEN, MAIN ROAD, KAK PULL, T CHOWK, PAEC SOCIETY RAWAT""']}",Transport
683619,"What are the stops on the route that goes to ALI PURE
","{'answer_start': [6303], 'text': ['""ALI PURE, TARLAI, RAWAL HOSPITAL, KHANA PULL, HIGHWAY SAWAN GARDEN, JINNAH GARDEN, MAIN ROAD, KAK PULL, T CHOWK, PAEC SOCIETY RAWAT""']}",Transport
683623,"What is the route number for the bus that goes to  T CHOWK
","{'answer_start': [6657], 'text': ['Route 42']}",Transport
683645,"What is the route number for the bus that goes to TARLAI
","{'answer_start': [6657], 'text': ['Route 42']}",Transport
683631,"What is the route number for the bus that goes to TARLAI
","{'answer_start': [6657], 'text': ['Route 42']}",Transport
683634,"What is the route number for the bus that goes to River Gardens society
","{'answer_start': [6657], 'text': ['Route 42']}",Transport
683630,"What is the route number for the bus that goes to RAWAL HOSPITAL
","{'answer_start': [6657], 'text': ['Route 42']}",Transport
683633,"What is the route number for the bus that goes to rawat, rawalpindi
","{'answer_start': [6675], 'text': ['Route 42']}",Transport
683622,"What is the route number for the bus that goes to  PAEC SOCIETY RAWAT
","{'answer_start': [6666], 'text': ['Route 42']}",Transport
683626,"What is the route number for the bus that goes to MAIN ROAD
","{'answer_start': [6657], 'text': ['Route 42']}",Transport
683629,"What is the route number for the bus that goes to KHANA PULL
","{'answer_start': [6657], 'text': ['Route 42']}",Transport
683625,"What is the route number for the bus that goes to  KAK PULL
","{'answer_start': [6657], 'text': ['Route 42']}",Transport
683624,"What is the route number for the bus that goes to  KAK PULL
","{'answer_start': [6657], 'text': ['Route 42']}",Transport
683627,"What is the route number for the bus that goes to JINNAH GARDEN
","{'answer_start': [6657], 'text': ['Route 42']}",Transport
683628,"What is the route number for the bus that goes to HIGHWAY SAWAN GARDEN
","{'answer_start': [6657], 'text': ['Route 42']}",Transport
683632,"What is the route number for the bus that goes to ALI PURE
","{'answer_start': [6657], 'text': ['Route 42']}",Transport
683636,"What is the contact number for the driver of the bus that goes to  T CHOWK
","{'answer_start': [6605], 'text': ['0346-5197805']}",Transport
683643,"What is the contact number for the driver of the bus that goes to TARLAI
","{'answer_start': [6592], 'text': ['0346-5197805']}",Transport
683647,What is the contact number for the driver of the bus that goes to River Gardens society,"{'answer_start': [6592], 'text': ['0346-5197805']}",Transport
683642,"What is the contact number for the driver of the bus that goes to RAWAL HOSPITAL
","{'answer_start': [6566], 'text': ['0346-5197805']}",Transport
683635,"What is the contact number for the driver of the bus that goes to  PAEC SOCIETY RAWAT
","{'answer_start': [6579], 'text': ['0346-5197805']}",Transport
683638,"What is the contact number for the driver of the bus that goes to MAIN ROAD
","{'answer_start': [6579], 'text': ['0346-5197805']}",Transport
683641,"What is the contact number for the driver of the bus that goes to KHANA PULL
","{'answer_start': [6579], 'text': ['0346-5197805']}",Transport
683637,"What is the contact number for the driver of the bus that goes to  KAK PULL
","{'answer_start': [6579], 'text': ['0346-5197805']}",Transport
683639,"What is the contact number for the driver of the bus that goes to JINNAH GARDEN
","{'answer_start': [6579], 'text': ['0346-5197805']}",Transport
683640,"What is the contact number for the driver of the bus that goes to HIGHWAY SAWAN GARDEN
","{'answer_start': [6579], 'text': ['0346-5197805']}",Transport
683646,"What is the contact number for the driver of the bus that goes to ALI PURE
","{'answer_start': [6566], 'text': ['0346-5197805']}",Transport
683681,"What is the vehicle number for Route 43?
","{'answer_start': [6935], 'text': ['GJ-793']}",Transport
683678,"What is the route number for the bus with vehicle number GJ-793?
","{'answer_start': [6757], 'text': ['KHANA PUL, GULZAR-E-QUAID, SHAH KAHLID, OLD AIRPORT, JINNAH PARK, CMH, HARLEY STREET, BAKRA MANDI, KALMA CHOWK, DHAMIAL ROAD GHULSHAN IQBAL, CHAKRI ROAD, PIR MEHR ALI SHAH STOP']}",Transport
683675,"What is the name of the driver for the bus with vehicle number GJ-793?
","{'answer_start': [7180], 'text': ['Yasir Irfan']}",Transport
683670,"What is the name of the driver for the bus that goes to SHAH KAHLID
","{'answer_start': [7180], 'text': ['Yasir Irfan']}",Transport
683658,"What is the name of the driver for the bus that goes to PIR MEHR ALI SHAH STOP
","{'answer_start': [7180], 'text': ['Yasir Irfan']}",Transport
683668,"What is the name of the driver for the bus that goes to OLD AIRPORT
","{'answer_start': [7180], 'text': ['Yasir Irfan']}",Transport
683672,"What is the name of the driver for the bus that goes to KHANA PUL
","{'answer_start': [7180], 'text': ['Yasir Irfan']}",Transport
683662,"What is the name of the driver for the bus that goes to  KALMA CHOWK
","{'answer_start': [7192], 'text': ['Yasir Irfan']}",Transport
683667,"What is the name of the driver for the bus that goes to JINNAH PARK
","{'answer_start': [7204], 'text': ['Yasir Irfan']}",Transport
683664,"What is the name of the driver for the bus that goes to HARLEY STREET
","{'answer_start': [7204], 'text': ['Yasir Irfan']}",Transport
683671,"What is the name of the driver for the bus that goes to GULZAR-E-QUAID
","{'answer_start': [7192], 'text': ['Yasir Irfan']}",Transport
683661,"What is the name of the driver for the bus that goes to DHAMIAL ROAD GHULSHAN IQBAL
","{'answer_start': [7216], 'text': ['Yasir Irfan']}",Transport
683666,"What is the name of the driver for the bus that goes to CMH
","{'answer_start': [7216], 'text': ['Yasir Irfan']}",Transport
683673,"What is the name of the driver for the bus that goes to Chakri road, Rawalpindi
","{'answer_start': [7216], 'text': ['Yasir Irfan']}",Transport
683663,"What is the name of the driver for the bus that goes to  BAKRA MANDI
","{'answer_start': [7252], 'text': ['Yasir Irfan']}",Transport
683659,"What is the name of the driver for the bus that goes to CHAKRI ROAD
","{'answer_start': [7252], 'text': ['Yasir Irfan']}",Transport
683676,"What is the contact number for the driver of the bus with vehicle number GJ-793?
","{'answer_start': [6976], 'text': ['0315-5529615']}",Transport
683684,"What is the contact number for the driver of the bus that goes to ALI PURE
","{'answer_start': [60592], 'text': ['0346-5197805']}",Transport
683682,"What are the stops on Route 43?
","{'answer_start': [6757], 'text': ['KHANA PUL, GULZAR-E-QUAID, SHAH KAHLID, OLD AIRPORT, JINNAH PARK, CMH, HARLEY STREET, BAKRA MANDI, KALMA CHOWK, DHAMIAL ROAD GHULSHAN IQBAL, CHAKRI ROAD, PIR MEHR ALI SHAH STOP']}",Transport
662019,Is there any public transport from PIEAS?,"{'answer_start': [51467], 'text': ['""Yes, there are several types of public transportation available from PIEAS, including wagons, Suzuki vans, and coasters. These transportation options can be found outside of the PIEAS campus and can be used to travel to various destinations.""']}",Transport
683713,"What are the stops on the route that goes to  BAKRA MANDI
","{'answer_start': [9485], 'text': ['KHANA PUL, GULZAR-E-QUAID, SHAH KAHLID, OLD AIRPORT, JINNAH PARK, CMH, HARLEY STREET, BAKRA MANDI, KALMA CHOWK, DHAMIAL ROAD GHULSHAN IQBAL, CHAKRI ROAD, PIR MEHR ALI SHAH STOP']}",Transport
683710,"What are the stops on the route that goes to CHAKRI ROAD
","{'answer_start': [9485], 'text': ['KHANA PUL, GULZAR-E-QUAID, SHAH KAHLID, OLD AIRPORT, JINNAH PARK, CMH, HARLEY STREET, BAKRA MANDI, KALMA CHOWK, DHAMIAL ROAD GHULSHAN IQBAL, CHAKRI ROAD, PIR MEHR ALI SHAH STOP""']}",Transport
683695,"What are the stops on the route that goes to Chakri road, Rawalpindi
","{'answer_start': [9485], 'text': ['KHANA PUL, GULZAR-E-QUAID, SHAH KAHLID, OLD AIRPORT, JINNAH PARK, CMH, HARLEY STREET, BAKRA MANDI, KALMA CHOWK, DHAMIAL ROAD GHULSHAN IQBAL, CHAKRI ROAD, PIR MEHR ALI SHAH STOP""']}",Transport
683715,"What are the stops on the route that goes to CMH
","{'answer_start': [9485], 'text': ['KHANA PUL, GULZAR-E-QUAID, SHAH KAHLID, OLD AIRPORT, JINNAH PARK, CMH, HARLEY STREET, BAKRA MANDI, KALMA CHOWK, DHAMIAL ROAD GHULSHAN IQBAL, CHAKRI ROAD, PIR MEHR ALI SHAH STOP']}",Transport
683711,"What are the stops on the route that goes to DHAMIAL ROAD GHULSHAN IQBAL
","{'answer_start': [9485], 'text': ['KHANA PUL, GULZAR-E-QUAID, SHAH KAHLID, OLD AIRPORT, JINNAH PARK, CMH, HARLEY STREET, BAKRA MANDI, KALMA CHOWK, DHAMIAL ROAD GHULSHAN IQBAL, CHAKRI ROAD, PIR MEHR ALI SHAH STOP""']}",Transport
683693,"What are the stops on the route that goes to GULZAR-E-QUAID
","{'answer_start': [9485], 'text': ['KHANA PUL, GULZAR-E-QUAID, SHAH KAHLID, OLD AIRPORT, JINNAH PARK, CMH, HARLEY STREET, BAKRA MANDI, KALMA CHOWK, DHAMIAL ROAD GHULSHAN IQBAL, CHAKRI ROAD, PIR MEHR ALI SHAH STOP""']}",Transport
683714,"What are the stops on the route that goes to HARLEY STREET
","{'answer_start': [9485], 'text': ['KHANA PUL, GULZAR-E-QUAID, SHAH KAHLID, OLD AIRPORT, JINNAH PARK, CMH, HARLEY STREET, BAKRA MANDI, KALMA CHOWK, DHAMIAL ROAD GHULSHAN IQBAL, CHAKRI ROAD, PIR MEHR ALI SHAH STOP""']}",Transport
683689,"What are the stops on the route that goes to JINNAH PARK
","{'answer_start': [9485], 'text': ['KHANA PUL, GULZAR-E-QUAID, SHAH KAHLID, OLD AIRPORT, JINNAH PARK, CMH, HARLEY STREET, BAKRA MANDI, KALMA CHOWK, DHAMIAL ROAD GHULSHAN IQBAL, CHAKRI ROAD, PIR MEHR ALI SHAH STOP""']}",Transport
683712,"What are the stops on the route that goes to  KALMA CHOWK
","{'answer_start': [9485], 'text': ['KHANA PUL, GULZAR-E-QUAID, SHAH KAHLID, OLD AIRPORT, JINNAH PARK, CMH, HARLEY STREET, BAKRA MANDI, KALMA CHOWK, DHAMIAL ROAD GHULSHAN IQBAL, CHAKRI ROAD, PIR MEHR ALI SHAH STOP""']}",Transport
683724,"What is the contact number for the driver of the bus that goes to CHAKRI ROAD
","{'answer_start': [9910], 'text': ['0315-5529615']}",Transport
683694,"What are the stops on the route that goes to KHANA PUL
","{'answer_start': [9485], 'text': ['KHANA PUL, GULZAR-E-QUAID, SHAH KAHLID, OLD AIRPORT, JINNAH PARK, CMH, HARLEY STREET, BAKRA MANDI, KALMA CHOWK, DHAMIAL ROAD GHULSHAN IQBAL, CHAKRI ROAD, PIR MEHR ALI SHAH STOP""']}",Transport
683690,"What are the stops on the route that goes to OLD AIRPORT
","{'answer_start': [9485], 'text': ['KHANA PUL, GULZAR-E-QUAID, SHAH KAHLID, OLD AIRPORT, JINNAH PARK, CMH, HARLEY STREET, BAKRA MANDI, KALMA CHOWK, DHAMIAL ROAD GHULSHAN IQBAL, CHAKRI ROAD, PIR MEHR ALI SHAH STOP']}",Transport
683709,"What are the stops on the route that goes to PIR MEHR ALI SHAH STOP
","{'answer_start': [9485], 'text': ['KHANA PUL, GULZAR-E-QUAID, SHAH KAHLID, OLD AIRPORT, JINNAH PARK, CMH, HARLEY STREET, BAKRA MANDI, KALMA CHOWK, DHAMIAL ROAD GHULSHAN IQBAL, CHAKRI ROAD, PIR MEHR ALI SHAH STOP""']}",Transport
683692,"What are the stops on the route that goes to SHAH KAHLID
","{'answer_start': [9484], 'text': ['""KHANA PUL, GULZAR-E-QUAID, SHAH KAHLID, OLD AIRPORT, JINNAH PARK, CMH, HARLEY STREET, BAKRA MANDI, KALMA CHOWK, DHAMIAL ROAD GHULSHAN IQBAL, CHAKRI ROAD, PIR MEHR ALI SHAH STOP""']}",Transport
683729,"What is the contact number for the driver of the bus that goes to CMH
","{'answer_start': [9910], 'text': ['0315-5529615']}",Transport
683725,"What is the contact number for the driver of the bus that goes to DHAMIAL ROAD GHULSHAN IQBAL
","{'answer_start': [9910], 'text': ['0315-5529615']}",Transport
683733,"What is the contact number for the driver of the bus that goes to GULZAR-E-QUAID
","{'answer_start': [9910], 'text': ['0315-5529615']}",Transport
683683,"What is the route number for the bus that goes to TARLAI
","{'answer_start': [4627], 'text': ['Route 42']}",Transport
683700,"What is the vehicle number for the bus that goes to  BAKRA MANDI
","{'answer_start': [9663], 'text': ['GJ-793']}",Transport
683697,"What is the vehicle number for the bus that goes to CHAKRI ROAD
","{'answer_start': [9670], 'text': ['GJ-793']}",Transport
683708,"What is the vehicle number for the bus that goes to Chakri road, Rawalpindi
","{'answer_start': [9684], 'text': ['GJ-793']}",Transport
683702,"What is the vehicle number for the bus that goes to CMH
","{'answer_start': [9670], 'text': ['GJ-793']}",Transport
683698,"What is the vehicle number for the bus that goes to DHAMIAL ROAD GHULSHAN IQBAL
","{'answer_start': [9670], 'text': ['GJ-793']}",Transport
683706,"What is the vehicle number for the bus that goes to GULZAR-E-QUAID
","{'answer_start': [9677], 'text': ['GJ-793']}",Transport
683701,"What is the vehicle number for the bus that goes to HARLEY STREET
","{'answer_start': [9677], 'text': ['GJ-793']}",Transport
683703,"What is the vehicle number for the bus that goes to JINNAH PARK
","{'answer_start': [9677], 'text': ['GJ-793']}",Transport
683699,"What is the vehicle number for the bus that goes to  KALMA CHOWK
","{'answer_start': [9677], 'text': ['GJ-793']}",Transport
683707,"What is the vehicle number for the bus that goes to KHANA PUL
","{'answer_start': [9684], 'text': ['GJ-793']}",Transport
683704,"What is the vehicle number for the bus that goes to OLD AIRPORT
","{'answer_start': [9691], 'text': ['GJ-793']}",Transport
683696,"What is the vehicle number for the bus that goes to PIR MEHR ALI SHAH STOP
","{'answer_start': [9698], 'text': ['GJ-793']}",Transport
683705,"What is the vehicle number for the bus that goes to SHAH KAHLID
","{'answer_start': [96804], 'text': ['GJ-793']}",Transport
683680,"Who is the driver for Route 43?
","{'answer_start': [6989], 'text': ['Yasir Irfan']}",Transport
683727,"What is the contact number for the driver of the bus that goes to  BAKRA MANDI
","{'answer_start': [9910], 'text': ['0315-5529615']}",Transport
683728,"What is the contact number for the driver of the bus that goes to HARLEY STREET
","{'answer_start': [9910], 'text': ['0315-5529615']}",Transport
683730,"What is the contact number for the driver of the bus that goes to JINNAH PARK
","{'answer_start': [9910], 'text': ['0315-5529615']}",Transport
683723,"What is the contact number for the driver of the bus that goes to PIR MEHR ALI SHAH STOP
","{'answer_start': [9910], 'text': ['0315-5529615']}",Transport
683732,"What is the contact number for the driver of the bus that goes to SHAH KAHLID
","{'answer_start': [9910], 'text': ['0315-5529615']}",Transport
683722,"What is the route number for the bus that goes to Chakri road, Rawalpindi
","{'answer_start': [9923], 'text': ['Route 43']}",Transport
683720,"What is the route number for the bus that goes to GULZAR-E-QUAID
","{'answer_start': [9941], 'text': ['Route 43']}",Transport
683717,"What is the route number for the bus that goes to JINNAH PARK
","{'answer_start': [90959], 'text': ['Route 43']}",Transport
683721,"What is the route number for the bus that goes to KHANA PUL
","{'answer_start': [9950], 'text': ['Route 43']}",Transport
683718,"What is the route number for the bus that goes to OLD AIRPORT
","{'answer_start': [9923], 'text': ['Route 43']}",Transport
683731,"What is the vehicle number for the bus that goes to OLD AIRPORT
","{'answer_start': [9747], 'text': ['GJ-793']}",Transport
683739,"What is the route number for the bus that goes to PIR MEHR ALI SHAH STOP
","{'answer_start': [10031], 'text': ['Route 43']}",Transport
683743,"What is the route number for the bus that goes to  KALMA CHOWK
","{'answer_start': [10013], 'text': ['Route 43']}",Transport
683745,"What is the route number for the bus that goes to HARLEY STREET
","{'answer_start': [10004], 'text': ['Route 43']}",Transport
683742,"What is the route number for the bus that goes to DHAMIAL ROAD GHULSHAN IQBAL
","{'answer_start': [9995], 'text': ['Route 43']}",Transport
683746,"What is the route number for the bus that goes to CMH
","{'answer_start': [10013], 'text': ['Route 43']}",Transport
683741,"What is the route number for the bus that goes to CHAKRI ROAD
","{'answer_start': [10022], 'text': ['Route 43']}",Transport
683744,"What is the route number for the bus that goes to  BAKRA MANDI
","{'answer_start': [10031], 'text': ['Route 43']}",Transport
683726,"What is the contact number for the driver of the bus that goes to  KALMA CHOWK
","{'answer_start': [9793], 'text': ['0315-5529615']}",Transport
683810,"What is the contact number for the driver of the bus that goes to HARLEY STREET
","{'answer_start': [11267], 'text': ['0300-6060388']}",Transport
6083759,"What is the vehicle number for the bus that goes to BARAF KHANA
","{'answer_start': [11186], 'text': ['GA-951']}",Transport
683761,"What is the vehicle number for the bus that goes to BAKRA MANDI
","{'answer_start': [11186], 'text': ['GA-951']}",Transport
683779,"What is the vehicle number for Route 44?
","{'answer_start': [11193], 'text': ['GA-951']}",Transport
683782,"What is the route number for the bus with vehicle number GA-951?
","{'answer_start': [10198], 'text': ['Route 44']}",Transport
683784,"What is the name of the driver for the bus with vehicle number GA-951?
","{'answer_start': [10171], 'text': ['Syed Ali Raza']}",Transport
683776,"What is the name of the driver for the bus that goes to Misrial Road, Rawalpindi
","{'answer_start': [10428], 'text': ['Syed Ali Raza']}",Transport
683771,"What is the name of the driver for the bus that goes to MISRIAL CHOWK
","{'answer_start': [10414], 'text': ['Syed Ali Raza']}",Transport
683775,"What is the name of the driver for the bus that goes to HARLEY STREET
","{'answer_start': [10414], 'text': ['Syed Ali Raza']}",Transport
683773,"What is the name of the driver for the bus that goes to DHOEK SYEDAN
","{'answer_start': [10400], 'text': ['Syed Ali Raza']}",Transport
683772,"What is the name of the driver for the bus that goes to BARAF KHANA
","{'answer_start': [10428], 'text': ['Syed Ali Raza']}",Transport
683774,"What is the name of the driver for the bus that goes to BAKRA MANDI
","{'answer_start': [10414], 'text': ['Syed Ali Raza']}",Transport
683783,"What is the contact number for the driver of the bus with vehicle number GA-951?
","{'answer_start': [10207], 'text': ['0300-6060388']}",Transport
683781,"What is the contact number for the driver of Route 44?
","{'answer_start': [10207], 'text': ['0300-6060388']}",Transport
683770,"What are the stops on the route that goes to Misrial Road, Rawalpindi
","{'answer_start': [10234], 'text': ['""HARLEY STREET, BAKRA MANDI, DHOEK SYEDAN, BARAF KHANA, MISRIAL CHOWK- & MORNING:-MISRIAL CHOWK, BARAF KHANA, DHOKE SYEDAN""']}",Transport
683764,"What are the stops on the route that goes to MISRIAL CHOWK
","{'answer_start': [10234], 'text': ['""HARLEY STREET, BAKRA MANDI, DHOEK SYEDAN, BARAF KHANA, MISRIAL CHOWK- & MORNING:-MISRIAL CHOWK, BARAF KHANA, DHOKE SYEDAN""']}",Transport
683769,"What are the stops on the route that goes to HARLEY STREET
","{'answer_start': [10234], 'text': ['""HARLEY STREET, BAKRA MANDI, DHOEK SYEDAN, BARAF KHANA, MISRIAL CHOWK- & MORNING:-MISRIAL CHOWK, BARAF KHANA, DHOKE SYEDAN""']}",Transport
683766,"What are the stops on the route that goes to DHOEK SYEDAN
","{'answer_start': [10234], 'text': ['""HARLEY STREET, BAKRA MANDI, DHOEK SYEDAN, BARAF KHANA, MISRIAL CHOWK- & MORNING:-MISRIAL CHOWK, BARAF KHANA, DHOKE SYEDAN""']}",Transport
683765,"What are the stops on the route that goes to BARAF KHANA
","{'answer_start': [10234], 'text': ['""HARLEY STREET, BAKRA MANDI, DHOEK SYEDAN, BARAF KHANA, MISRIAL CHOWK- & MORNING:-MISRIAL CHOWK, BARAF KHANA, DHOKE SYEDAN""']}",Transport
683767,"What are the stops on the route that goes to BAKRA MANDI
","{'answer_start': [10234], 'text': ['""HARLEY STREET, BAKRA MANDI, DHOEK SYEDAN, BARAF KHANA, MISRIAL CHOWK- & MORNING:-MISRIAL CHOWK, BARAF KHANA, DHOKE SYEDAN""']}",Transport
683777,"What are the stops on the route for the bus with vehicle number GA-951?
","{'answer_start': [10234], 'text': ['""HARLEY STREET, BAKRA MANDI, DHOEK SYEDAN, BARAF KHANA, MISRIAL CHOWK- & MORNING:-MISRIAL CHOWK, BARAF KHANA, DHOKE SYEDAN""']}",Transport
683778,"What are the stops on Route 44?
","{'answer_start': [10234], 'text': ['""HARLEY STREET, BAKRA MANDI, DHOEK SYEDAN, BARAF KHANA, MISRIAL CHOWK- & MORNING:-MISRIAL CHOWK, BARAF KHANA, DHOKE SYEDAN""']}",Transport
683760,"What is the vehicle number for the bus that goes to DHOEK SYEDAN
","{'answer_start': [10164], 'text': ['GA-951']}",Transport
683762,"What is the vehicle number for the bus that goes to HARLEY STREET
","{'answer_start': [11193], 'text': ['GA-951']}",Transport
683763,"What is the vehicle number for the bus that goes to Misrial Road, Rawalpindi
","{'answer_start': [101207], 'text': ['GA-951']}",Transport
683780,"Who is the driver for Route 44?
","{'answer_start': [10428], 'text': ['Syed Ali Raza']}",Transport
683786,"What is the name of the driver for the bus that goes to ARSLAN TOWN
","{'answer_start': [11862], 'text': ['Masood Iqbal']}",Transport
683792,"What is the contact number for the driver of the bus with vehicle number GA-951?
","{'answer_start': [11280], 'text': ['0300-6060388']}",Transport
683809,"What is the contact number for the driver of the bus that goes to Misrial Road, Rawalpindi
","{'answer_start': [11267], 'text': ['0300-6060388']}",Transport
683804,"What is the contact number for the driver of the bus that goes to MISRIAL CHOWK
","{'answer_start': [11254], 'text': ['0300-6060388']}",Transport
683806,"What is the contact number for the driver of the bus that goes to DHOEK SYEDAN
","{'answer_start': [11254], 'text': ['0300-6060388']}",Transport
683805,"What is the contact number for the driver of the bus that goes to BARAF KHANA
","{'answer_start': [11293], 'text': ['0300-6060388']}",Transport
683807,"What is the contact number for the driver of the bus that goes to BAKRA MANDI
","{'answer_start': [112504], 'text': ['0300-6060388']}",Transport
683794,"What is the contact number for the driver of Route 44?
","{'answer_start': [11280], 'text': ['0300-6060388']}",Transport
683790,"What are the stops on the route for the bus with vehicle number GA-951?
","{'answer_start': [11062], 'text': ['""HARLEY STREET, BAKRA MANDI, DHOEK SYEDAN, BARAF KHANA, MISRIAL CHOWK- & MORNING:-MISRIAL CHOWK, BARAF KHANA, DHOKE SYEDAN""']}",Transport
683797,"What are the stops on Route 44?
","{'answer_start': [110602], 'text': ['""HARLEY STREET, BAKRA MANDI, DHOEK SYEDAN, BARAF KHANA, MISRIAL CHOWK- & MORNING:-MISRIAL CHOWK, BARAF KHANA, DHOKE SYEDAN""']}",Transport
683785,"What is the name of the driver for the bus that goes to KHANA PULL
","{'answer_start': [11584], 'text': ['Masood Iqbal']}",Transport
683789,"What is the name of the driver for the bus that goes to Sadiqabad Rawalpindi
","{'answer_start': [11584], 'text': ['Masood Iqbal']}",Transport
683787,"What is the name of the driver for the bus that goes to SHAHEEN TOWN
","{'answer_start': [11862], 'text': ['Masood Iqbal']}",Transport
683788,"What is the name of the driver for the bus that goes to THANDA PANI
","{'answer_start': [11862], 'text': ['Masood Iqbal']}",Transport
6083791,"What is the name of the driver for the bus with vehicle number GA-951?
","{'answer_start': [10171], 'text': ['Syed Ali Raza']}",Transport
683801,"What is the route number for the bus that goes to BAKRA MANDI
","{'answer_start': [11315], 'text': ['Route 44']}",Transport
683799,"What is the route number for the bus that goes to BARAF KHANA
","{'answer_start': [11333], 'text': ['Route 44']}",Transport
683800,"What is the route number for the bus that goes to DHOEK SYEDAN
","{'answer_start': [11306], 'text': ['Route 44']}",Transport
683802,"What is the route number for the bus that goes to HARLEY STREET
","{'answer_start': [11306], 'text': ['Route 44']}",Transport
683798,"What is the route number for the bus that goes to MISRIAL CHOWK
","{'answer_start': [11306], 'text': ['Route 44']}",Transport
683803,"What is the route number for the bus that goes to Misrial Road, Rawalpindi
","{'answer_start': [11315], 'text': ['Route 44']}",Transport
683793,"What is the route number for the bus with vehicle number GA-951?
","{'answer_start': [11306], 'text': ['Route 44']}",Transport
6837960,"What is the vehicle number for Route 44?
","{'answer_start': [11221], 'text': ['GA-951']}",Transport
683795,"Who is the driver for Route 44?
","{'answer_start': [10428], 'text': ['Syed Ali Raza']}",Transport
647133,Where does Route 41 start and end?,"{'answer_start': [263], 'text': ['It starts from sultana foundation and ends at khayaban Sir Syed']}",Transport
647131,Who is the driver for Route 41?,"{'answer_start': [235], 'text': ['Sajid Ali Khan']}",Transport
647142,What is the route number for the bus that goes to TRALI ADDA,"{'answer_start': [471], 'text': ['Route 41']}",Transport
647153,What is the route number for the bus that goes to  T.B HOSPITAL,"{'answer_start': [462], 'text': ['Route 41']}",Transport
647148,What is the route number for the bus that goes to  NATIONAL MARKET,"{'answer_start': [462], 'text': ['Route 41']}",Transport
647149,What is the route number for the bus that goes to KALI TANKI,"{'answer_start': [471], 'text': ['Route 41']}",Transport
647144,What is the route number for the bus that goes to HAJI CHOWK,"{'answer_start': [471], 'text': ['Route 41']}",Transport
647154,What is the route number for the bus that goes to  CHUNGI NO.4,"{'answer_start': [471], 'text': ['Route 41']}",Transport
647147,What is the route number for the bus that goes to CHANDNI CHOWK,"{'answer_start': [471], 'text': ['Route 41']}",Transport
647146,What is the route number for the bus that goes to CHANDNI CHOWK,"{'answer_start': [471], 'text': ['Route 41']}",Transport
647145,What is the route number for the bus that goes to BILAL HOSPITAL,"{'answer_start': [471], 'text': ['Route 41']}",Transport
647152,What is the route number for the bus that goes to ASGHAR MALL,"{'answer_start': [471], 'text': ['Route 41']}",Transport
647150,What is the route number for the bus that goes to ASGHAR MALL,"{'answer_start': [471], 'text': ['Route 41']}",Transport
647143,What is the route number for the bus that goes to 08 NO.CHUNGI,"{'answer_start': [471], 'text': ['Route 41']}",Transport
647167,What is the contact number for the driver of the bus that goes to 08 NO.CHUNGI,"{'answer_start': [480], 'text': ['0300-9137948']}",Transport
647163,What is the contact number for the driver of the bus that goes to BURMA,"{'answer_start': [480], 'text': ['0300-9137948']}",Transport
647168,What is the contact number for the driver of the bus that goes to HAJI CHOWK,"{'answer_start': [480], 'text': ['0300-9137948']}",Transport
647164,What is the contact number for the driver of the bus that goes to KHANA,"{'answer_start': [480], 'text': ['0300-9137948']}",Transport
647165,What is the contact number for the driver of the bus that goes to KHANA,"{'answer_start': [480], 'text': ['0300-9137948']}",Transport
647161,What is the contact number for the driver of the bus that goes to rawalpindi,"{'answer_start': [480], 'text': ['0300-9137948']}",Transport
647162,What is the contact number for the driver of the bus that goes to sultana foundation,"{'answer_start': [480], 'text': ['0300-9137948']}",Transport
647166,What is the contact number for the driver of the bus that goes to TRALI ADDA,"{'answer_start': [480], 'text': ['0300-9137948']}",Transport
647157,What is the route number for the bus that goes to  CHEEMA PLAZA,"{'answer_start': [471], 'text': ['Route 41']}",Transport
647158,What is the route number for the bus that goes to GOLDEN CNG,"{'answer_start': [471], 'text': ['Route 41']}",Transport
647159,What is the route number for the bus that goes to  KHAYABAN.SIR SYED,"{'answer_start': [471], 'text': ['Route 41']}",Transport
647160,What is the route number for the bus that goes to  KHAYABAN.SIR SYED,"{'answer_start': [471], 'text': ['Route 41']}",Transport
647177,What is the contact number for the driver of the bus that goes to  NATIONAL MARKET,"{'answer_start': [480], 'text': ['0300-9137948']}",Transport
647184,What is the contact number for the driver of the bus that goes to  KHAYABAN.SIR SYED,"{'answer_start': [480], 'text': ['0300-9137948']}",Transport
647178,What is the contact number for the driver of the bus that goes to KALI TANKI,"{'answer_start': [480], 'text': ['0300-9137948']}",Transport
647183,What is the contact number for the driver of the bus that goes to GOLDEN CNG,"{'answer_start': [480], 'text': ['0300-9137948']}",Transport
647181,What is the contact number for the driver of the bus that goes to  CHUNGI NO.4,"{'answer_start': [480], 'text': ['0300-9137948']}",Transport
647182,What is the contact number for the driver of the bus that goes to  CHEEMA PLAZA,"{'answer_start': [480], 'text': ['0300-9137948']}",Transport
647176,What is the contact number for the driver of the bus that goes to CHANDNI CHOWK,"{'answer_start': [480], 'text': ['0300-9137948']}",Transport
647175,What is the contact number for the driver of the bus that goes to BILAL HOSPITAL,"{'answer_start': [480], 'text': ['0300-9137948']}",Transport
647180,What is the contact number for the driver of the bus that goes to ASGHAR MALL,"{'answer_start': [480], 'text': ['0300-9137948']}",Transport
647179,What is the contact number for the driver of the bus that goes to ASGHAR MALL,"{'answer_start': [480], 'text': ['0300-9137948']}",Transport
647279,What is the name of the driver for the bus that goes to KHAYABAN.SIR SYED,"{'answer_start': [1064], 'text': ['Sajid Ali Khan']}",Transport
647266,What is the name of the driver for the bus that goes to KHANA,"{'answer_start': [1049], 'text': ['Sajid Ali Khan']}",Transport
647249,What is the vehicle number for the bus that goes to TRALI ADDA,"{'answer_start': [701], 'text': ['MIB-2673']}",Transport
647246,What is the vehicle number for the bus that goes to sultana foundation,"{'answer_start': [701], 'text': ['MIB-2673']}",Transport
647245,What is the vehicle number for the bus that goes to rawalpindi,"{'answer_start': [701], 'text': ['MIB-2673']}",Transport
647255,What is the vehicle number for the bus that goes to  NATIONAL MARKET,"{'answer_start': [701], 'text': ['MIB-2673']}",Transport
647248,What is the vehicle number for the bus that goes to KHANA,"{'answer_start': [701], 'text': ['MIB-2673']}",Transport
647254,What is the vehicle number for the bus that goes to CHANDNI CHOWK,"{'answer_start': [701], 'text': ['MIB-2673']}",Transport
647251,What is the vehicle number for the bus that goes to HAJI CHOWK,"{'answer_start': [701], 'text': ['MIB-2673']}",Transport
647247,What is the vehicle number for the bus that goes to BURMA,"{'answer_start': [701], 'text': ['MIB-2673']}",Transport
647253,What is the vehicle number for the bus that goes to BILAL HOSPITAL,"{'answer_start': [701], 'text': ['MIB-2673']}",Transport
647252,What is the vehicle number for the bus that goes to BILAL HOSPITAL,"{'answer_start': [701], 'text': ['MIB-2673']}",Transport
647250,What is the vehicle number for the bus that goes to 08 NO.CHUNGI,"{'answer_start': [701], 'text': ['MIB-2673']}",Transport
647258,What is the vehicle number for the bus that goes to  T.B HOSPITAL,"{'answer_start': [845], 'text': ['MIB-2673']}",Transport
647262,What is the vehicle number for the bus that goes to KHAYABAN.SIR SYED,"{'answer_start': [845], 'text': ['MIB-2673']}",Transport
647256,What is the vehicle number for the bus that goes to KALI TANKI,"{'answer_start': [845], 'text': ['MIB-2673']}",Transport
647261,What is the vehicle number for the bus that goes to GOLDEN CNG,"{'answer_start': [845], 'text': ['MIB-2673']}",Transport
647259,What is the vehicle number for the bus that goes to  CHUNGI NO.4,"{'answer_start': [845], 'text': ['MIB-2673']}",Transport
647260,What is the vehicle number for the bus that goes to  CHEEMA PLAZA,"{'answer_start': [845], 'text': ['MIB-2673']}",Transport
647257,What is the vehicle number for the bus that goes to ASGHAR MALL,"{'answer_start': [845], 'text': ['MIB-2673']}",Transport
647263,What is the name of the driver for the bus that goes to sultana foundation,"{'answer_start': [854], 'text': ['Sajid Ali Khan']}",Transport
647264,What is the name of the driver for the bus that goes to BURMA,"{'answer_start': [854], 'text': ['Sajid Ali Khan']}",Transport
647267,What is the name of the driver for the bus that goes to TRALI ADDA,"{'answer_start': [1094], 'text': ['Sajid Ali Khan']}",Transport
647275,What is the name of the driver for the bus that goes to  T.B HOSPITAL,"{'answer_start': [1094], 'text': ['Sajid Ali Khan']}",Transport
647265,What is the name of the driver for the bus that goes to rawalpindi,"{'answer_start': [1064], 'text': ['Sajid Ali Khan']}",Transport
647272,What is the name of the driver for the bus that goes to  NATIONAL MARKET,"{'answer_start': [1064], 'text': ['Sajid Ali Khan']}",Transport
647273,What is the name of the driver for the bus that goes to KALI TANKI,"{'answer_start': [1049], 'text': ['Sajid Ali Khan']}",Transport
647278,What is the name of the driver for the bus that goes to GOLDEN CNG,"{'answer_start': [1064], 'text': ['Sajid Ali Khan']}",Transport
647276,What is the name of the driver for the bus that goes to  CHUNGI NO.4,"{'answer_start': [1049], 'text': ['Sajid Ali Khan']}",Transport
647277,What is the name of the driver for the bus that goes to  CHEEMA PLAZA,"{'answer_start': [1049], 'text': ['Sajid Ali Khan']}",Transport
647271,What is the name of the driver for the bus that goes to CHANDNI CHOWK,"{'answer_start': [1064], 'text': ['Sajid Ali Khan']}",Transport
647270,What is the name of the driver for the bus that goes to BILAL HOSPITAL,"{'answer_start': [1049], 'text': ['Sajid Ali Khan']}",Transport
647274,What is the name of the driver for the bus that goes to ASGHAR MALL,"{'answer_start': [1064], 'text': ['Sajid Ali Khan']}",Transport
647268,What is the name of the driver for the bus that goes to 08 NO.CHUNGI,"{'answer_start': [1094], 'text': ['Sajid Ali Khan']}",Transport
661403,What are the stops on Route 41?,"{'answer_start': [8], 'text': ['""SULTANA FOUNDATION, BURMA, KHANA, TRALI ADDA, 08 NO.CHUNGI, HAJI CHOWK, BILAL HOSPITAL, CHANDNI CHOWK, NATIONAL MARKET, KALI TANKI, ASGHAR MALL, T.B HOSPITAL, CHUNGI NO.4, CHEEMA PLAZA, GOLDEN CNG, KHAYABAN.SIR SYED""']}",Transport
664235,Is there any need of transportation pass?,"{'answer_start': [51177], 'text': ['""No, you don\'t need a transportation pass. Your student card is sufficient for you to use the transportation services. However, once you have availed the transportation services, your name will be registered by the transport management under a specific bus number for attendance purposes.""']}",Transport
664244,Is transport facility free?,"{'answer_start': [50833], 'text': ['""If you are a day-scholar, then you will have to pay R.s 15,000 to avail transport facility daily. For residents of hostels, the transport charges are accommodated in the semester fees (this fees is smaller because of less consumption). No one wants to go out so far daily. Usually, when students go to their homes, they avail this transport.""']}",Transport
664245,Is there any transport facility in PIEAS? ,"{'answer_start': [50472], 'text': ['""Yes, there is a transport facility. PIEASï¿½ buses depart at 2 pm and 4 pm from PIEAS. The buses usually go to Faizabad or Islamabad city or Saddar. Their daily schedule can be checked in the morning at PIEAS reception. They also bring the students back to PIEAS at 7:30 pm (Monday to Friday during odd days only) and 8 pm (on Sunday) from Faizabad and Saddar.""']}",Transport
664309,"What is the contact number for the driver of the bus that goes to Old airport road, Peshawar Road
","{'answer_start': [47892], 'text': ['0333-5786592']}",Transport
684155,"What is the route number for the bus that goes to HIGHWAY
","{'answer_start': [16112], 'text': ['Route 45']}",Transport
684152,"What is the route number for the bus that goes to HAROON CHOWK
","{'answer_start': [16112], 'text': ['Route 45']}",Transport
684154,"What is the route number for the bus that goes to KURRI ROAD
","{'answer_start': [16112], 'text': ['Route 45']}",Transport
684151,"What is the route number for the bus that goes to DHOKE ALI AKBER
","{'answer_start': [16112], 'text': ['Route 45']}",Transport
684040,"What are the stops on the route that goes to IRAN ROAD
","{'answer_start': [12083], 'text': ['""THANDA PANI, SHAHEEN TOWN, ARSLAN TOWN,KHANA PULL, HIGHWAY, KURRI ROAD, HAROON CHOWK, DHOKE ALI AKBER, MUZAMIL TOWN, TRANSFORMER CHOWK, SADIQABAD CHOWK, IRAN ROAD,REHMANABAD, 6TH ROAD, HAIDERY CHOWK, SAIDPURE ROAD.""']}",Transport
684065,"What is the name of the driver for the bus that goes to MUZAMIL TOWN
","{'answer_start': [12070], 'text': ['Masood Iqbal']}",Transport
684048,"What are the stops on the route that goes to HIGHWAY
","{'answer_start': [12083], 'text': ['""THANDA PANI, SHAHEEN TOWN, ARSLAN TOWN,KHANA PULL, HIGHWAY, KURRI ROAD, HAROON CHOWK, DHOKE ALI AKBER, MUZAMIL TOWN, TRANSFORMER CHOWK, SADIQABAD CHOWK, IRAN ROAD,REHMANABAD, 6TH ROAD, HAIDERY CHOWK, SAIDPURE ROAD.""']}",Transport
684046,"What are the stops on the route that goes to HAROON CHOWK
","{'answer_start': [12083], 'text': ['""THANDA PANI, SHAHEEN TOWN, ARSLAN TOWN,KHANA PULL, HIGHWAY, KURRI ROAD, HAROON CHOWK, DHOKE ALI AKBER, MUZAMIL TOWN, TRANSFORMER CHOWK, SADIQABAD CHOWK, IRAN ROAD,REHMANABAD, 6TH ROAD, HAIDERY CHOWK, SAIDPURE ROAD.""']}",Transport
684045,"What are the stops on the route that goes to DHOKE ALI AKBER
","{'answer_start': [12083], 'text': ['""THANDA PANI, SHAHEEN TOWN, ARSLAN TOWN,KHANA PULL, HIGHWAY, KURRI ROAD, HAROON CHOWK, DHOKE ALI AKBER, MUZAMIL TOWN, TRANSFORMER CHOWK, SADIQABAD CHOWK, IRAN ROAD,REHMANABAD, 6TH ROAD, HAIDERY CHOWK, SAIDPURE ROAD.""']}",Transport
684050,"What are the stops on the route that goes to ARSLAN TOWN
","{'answer_start': [12083], 'text': ['""THANDA PANI, SHAHEEN TOWN, ARSLAN TOWN,KHANA PULL, HIGHWAY, KURRI ROAD, HAROON CHOWK, DHOKE ALI AKBER, MUZAMIL TOWN, TRANSFORMER CHOWK, SADIQABAD CHOWK, IRAN ROAD,REHMANABAD, 6TH ROAD, HAIDERY CHOWK, SAIDPURE ROAD.""']}",Transport
684049,"What are the stops on the route that goes to KHANA PULL
","{'answer_start': [12083], 'text': ['""THANDA PANI, SHAHEEN TOWN, ARSLAN TOWN,KHANA PULL, HIGHWAY, KURRI ROAD, HAROON CHOWK, DHOKE ALI AKBER, MUZAMIL TOWN, TRANSFORMER CHOWK, SADIQABAD CHOWK, IRAN ROAD,REHMANABAD, 6TH ROAD, HAIDERY CHOWK, SAIDPURE ROAD.""']}",Transport
684073,"What is the name of the driver for the bus that goes to REHMANABAD
","{'answer_start': [12070], 'text': ['Masood Iqbal']}",Transport
684064,"What is the name of the driver for the bus that goes to SADIQABAD CHOWK
","{'answer_start': [12070], 'text': ['Masood Iqbal']}",Transport
684058,"What is the name of the driver for the bus that goes to SAIDPURE ROAD
","{'answer_start': [12044], 'text': ['Masood Iqbal']}",Transport
684078,"What is the name of the driver for the bus that goes to TRANSFORMER CHOWK
","{'answer_start': [12070], 'text': ['Masood Iqbal']}",Transport
684047,"What are the stops on the route that goes to KURRI ROAD
","{'answer_start': [12083], 'text': ['""THANDA PANI, SHAHEEN TOWN, ARSLAN TOWN,KHANA PULL, HIGHWAY, KURRI ROAD, HAROON CHOWK, DHOKE ALI AKBER, MUZAMIL TOWN, TRANSFORMER CHOWK, SADIQABAD CHOWK, IRAN ROAD,REHMANABAD, 6TH ROAD, HAIDERY CHOWK, SAIDPURE ROAD.""']}",Transport
684044,"What are the stops on the route that goes to MUZAMIL TOWN
","{'answer_start': [12083], 'text': ['""THANDA PANI, SHAHEEN TOWN, ARSLAN TOWN,KHANA PULL, HIGHWAY, KURRI ROAD, HAROON CHOWK, DHOKE ALI AKBER, MUZAMIL TOWN, TRANSFORMER CHOWK, SADIQABAD CHOWK, IRAN ROAD,REHMANABAD, 6TH ROAD, HAIDERY CHOWK, SAIDPURE ROAD.""']}",Transport
684042,"What are the stops on the route that goes to SADIQABAD CHOWK
","{'answer_start': [12083], 'text': ['""THANDA PANI, SHAHEEN TOWN, ARSLAN TOWN,KHANA PULL, HIGHWAY, KURRI ROAD, HAROON CHOWK, DHOKE ALI AKBER, MUZAMIL TOWN, TRANSFORMER CHOWK, SADIQABAD CHOWK, IRAN ROAD,REHMANABAD, 6TH ROAD, HAIDERY CHOWK, SAIDPURE ROAD.""']}",Transport
684053,"What are the stops on the route that goes to Sadiqabad Rawalpindi
","{'answer_start': [12083], 'text': ['""THANDA PANI, SHAHEEN TOWN, ARSLAN TOWN,KHANA PULL, HIGHWAY, KURRI ROAD, HAROON CHOWK, DHOKE ALI AKBER, MUZAMIL TOWN, TRANSFORMER CHOWK, SADIQABAD CHOWK, IRAN ROAD,REHMANABAD, 6TH ROAD, HAIDERY CHOWK, SAIDPURE ROAD.""']}",Transport
684051,"What are the stops on the route that goes to SHAHEEN TOWN
","{'answer_start': [12083], 'text': ['""THANDA PANI, SHAHEEN TOWN, ARSLAN TOWN,KHANA PULL, HIGHWAY, KURRI ROAD, HAROON CHOWK, DHOKE ALI AKBER, MUZAMIL TOWN, TRANSFORMER CHOWK, SADIQABAD CHOWK, IRAN ROAD,REHMANABAD, 6TH ROAD, HAIDERY CHOWK, SAIDPURE ROAD.""']}",Transport
684052,"What are the stops on the route that goes to THANDA PANI
","{'answer_start': [12083], 'text': ['""THANDA PANI, SHAHEEN TOWN, ARSLAN TOWN,KHANA PULL, HIGHWAY, KURRI ROAD, HAROON CHOWK, DHOKE ALI AKBER, MUZAMIL TOWN, TRANSFORMER CHOWK, SADIQABAD CHOWK, IRAN ROAD,REHMANABAD, 6TH ROAD, HAIDERY CHOWK, SAIDPURE ROAD.""']}",Transport
684043,"What are the stops on the route that goes to TRANSFORMER CHOWK
","{'answer_start': [12083], 'text': ['""THANDA PANI, SHAHEEN TOWN, ARSLAN TOWN,KHANA PULL, HIGHWAY, KURRI ROAD, HAROON CHOWK, DHOKE ALI AKBER, MUZAMIL TOWN, TRANSFORMER CHOWK, SADIQABAD CHOWK, IRAN ROAD,REHMANABAD, 6TH ROAD, HAIDERY CHOWK, SAIDPURE ROAD.""']}",Transport
684100,What is the vehicle number for the bus that goes to HarooN CHOWK,"{'answer_start': [15772], 'text': ['GA-952']}",Transport
684116,"What is the vehicle number for the bus that goes to HIGHWAY
","{'answer_start': [15772], 'text': ['GA-952']}",Transport
684109,"What is the vehicle number for the bus that goes to IRAN ROAD
","{'answer_start': [15779], 'text': ['GA-952']}",Transport
684105,"What is the vehicle number for the bus that goes to HAIDERY CHOWK
","{'answer_start': [15779], 'text': ['GA-952']}",Transport
684113,"What is the vehicle number for the bus that goes to DHOKE ALI AKBER
","{'answer_start': [15786], 'text': ['GA-952']}",Transport
684118,"What is the vehicle number for the bus that goes to ARSLAN TOWN
","{'answer_start': [15779], 'text': ['GA-952']}",Transport
684106,"What is the vehicle number for the bus that goes to 6TH ROAD
","{'answer_start': [15772], 'text': ['GA-952']}",Transport
684102,"What is the contact number for the driver of the bus that goes to THANDA PANI
","{'answer_start': [15891], 'text': ['0311-8597398']}",Transport
684101,"What is the contact number for the driver of the bus that goes to SHAHEEN TOWN
","{'answer_start': [15904], 'text': ['0311-8597398']}",Transport
684103,"What is the contact number for the driver of the bus that goes to Sadiqabad Rawalpindi
","{'answer_start': [15891], 'text': ['0311-8597398']}",Transport
684122,"What are the stops on the route that goes to SAIDPURE ROAD
","{'answer_start': [15555], 'text': ['""THANDA PANI, SHAHEEN TOWN, ARSLAN TOWN,KHANA PULL, HIGHWAY, KURRI ROAD, HAROON CHOWK, DHOKE ALI AKBER, MUZAMIL TOWN, TRANSFORMER CHOWK, SADIQABAD CHOWK, IRAN ROAD,REHMANABAD, 6TH ROAD, HAIDERY CHOWK, SAIDPURE ROAD.""']}",Transport
684125,"What are the stops on the route that goes to REHMANABAD
","{'answer_start': [15555], 'text': ['""THANDA PANI, SHAHEEN TOWN, ARSLAN TOWN,KHANA PULL, HIGHWAY, KURRI ROAD, HAROON CHOWK, DHOKE ALI AKBER, MUZAMIL TOWN, TRANSFORMER CHOWK, SADIQABAD CHOWK, IRAN ROAD,REHMANABAD, 6TH ROAD, HAIDERY CHOWK, SAIDPURE ROAD.""']}",Transport
684123,"What are the stops on the route that goes to HAIDERY CHOWK
","{'answer_start': [15555], 'text': ['""THANDA PANI, SHAHEEN TOWN, ARSLAN TOWN,KHANA PULL, HIGHWAY, KURRI ROAD, HAROON CHOWK, DHOKE ALI AKBER, MUZAMIL TOWN, TRANSFORMER CHOWK, SADIQABAD CHOWK, IRAN ROAD,REHMANABAD, 6TH ROAD, HAIDERY CHOWK, SAIDPURE ROAD.""']}",Transport
684156,"What is the route number for the bus that goes to KHANA PULL
","{'answer_start': [16112], 'text': ['Route 45']}",Transport
684061,"What is the name of the driver for the bus that goes to 6TH ROAD
","{'answer_start': [12057], 'text': ['Masood Iqbal']}",Transport
684066,"What is the name of the driver for the bus that goes to DHOKE ALI AKBER
","{'answer_start': [12057], 'text': ['Masood Iqbal']}",Transport
684060,"What is the name of the driver for the bus that goes to HAIDERY CHOWK
","{'answer_start': [12057], 'text': ['Masood Iqbal']}",Transport
684068,"What is the name of the driver for the bus that goes to HAROON CHOWK
","{'answer_start': [12044], 'text': ['Masood Iqbal']}",Transport
684071,"What is the name of the driver for the bus that goes to HIGHWAY
","{'answer_start': [12057], 'text': ['Masood Iqbal']}",Transport
684063,"What is the name of the driver for the bus that goes to IRAN ROAD
","{'answer_start': [12044], 'text': ['Masood Iqbal']}",Transport
684069,"What is the name of the driver for the bus that goes to KURRI ROAD
","{'answer_start': [12070], 'text': ['Masood Iqbal']}",Transport
684157,"What is the route number for the bus that goes to ARSLAN TOWN
","{'answer_start': [16112], 'text': ['Route 45']}",Transport
684124,"What are the stops on the route that goes to 6TH ROAD
","{'answer_start': [15555], 'text': ['""THANDA PANI, SHAHEEN TOWN, ARSLAN TOWN,KHANA PULL, HIGHWAY, KURRI ROAD, HAROON CHOWK, DHOKE ALI AKBER, MUZAMIL TOWN, TRANSFORMER CHOWK, SADIQABAD CHOWK, IRAN ROAD,REHMANABAD, 6TH ROAD, HAIDERY CHOWK, SAIDPURE ROAD.""']}",Transport
684115,"What is the vehicle number for the bus that goes to KURRI ROAD
","{'answer_start': [15884], 'text': ['GA-952']}",Transport
684112,"What is the vehicle number for the bus that goes to MUZAMIL TOWN
","{'answer_start': [15884], 'text': ['GA-952']}",Transport
684117,"What is the vehicle number for the bus that goes to KHANA PULL
","{'answer_start': [15884], 'text': ['GA-952']}",Transport
684108,"What is the vehicle number for the bus that goes to REHMANABAD
","{'answer_start': [15828], 'text': ['GA-952']}",Transport
684110,"What is the vehicle number for the bus that goes to SADIQABAD CHOWK
","{'answer_start': [15842], 'text': ['GA-952']}",Transport
684121,"What is the vehicle number for the bus that goes to Sadiqabad Rawalpindi
","{'answer_start': [15863], 'text': ['GA-952']}",Transport
684104,"What is the vehicle number for the bus that goes to SAIDPURE ROAD
","{'answer_start': [15877], 'text': ['GA-952']}",Transport
684119,"What is the vehicle number for the bus that goes to SHAHEEN TOWN
","{'answer_start': [15877], 'text': ['GA-952']}",Transport
684120,"What is the vehicle number for the bus that goes to THANDA PANI
","{'answer_start': [15800], 'text': ['GA-952']}",Transport
684111,"What is the vehicle number for the bus that goes to TRANSFORMER CHOWK
","{'answer_start': [15807], 'text': ['GA-952']}",Transport
684147,What is the route number for the bus that goes to thanda pani,"{'answer_start': [16112], 'text': ['Route 45']}",Transport
684149,"What is the route number for the bus that goes to TRANSFORMER CHOWK
","{'answer_start': [16112], 'text': ['Route 45']}",Transport
684158,"What is the route number for the bus that goes to SHAHEEN TOWN
","{'answer_start': [16121], 'text': ['Route 45']}",Transport
684159,"What is the route number for the bus that goes to Sadiqabad Rawalpindi
","{'answer_start': [16112], 'text': ['Route 45']}",Transport
684150,"What is the route number for the bus that goes to MUZAMIL TOWN
","{'answer_start': [16112], 'text': ['Route 45']}",Transport
684167,"What is the contact number for the driver of the bus that goes to TRANSFORMER CHOWK
","{'answer_start': [16099], 'text': ['0311-8597398']}",Transport
684160,"What is the contact number for the driver of the bus that goes to SAIDPURE ROAD
","{'answer_start': [16086], 'text': ['0311-8597398']}",Transport
684166,"What is the contact number for the driver of the bus that goes to SADIQABAD CHOWK
","{'answer_start': [16086], 'text': ['0311-8597398']}",Transport
684164,"What is the contact number for the driver of the bus that goes to REHMANABAD
","{'answer_start': [16086], 'text': ['0311-8597398']}",Transport
684168,"What is the contact number for the driver of the bus that goes to MUZAMIL TOWN
","{'answer_start': [16086], 'text': ['0311-8597398']}",Transport
684172,"What is the contact number for the driver of the bus that goes to KURRI ROAD
","{'answer_start': [16086], 'text': ['0311-8597398']}",Transport
684175,"What is the contact number for the driver of the bus that goes to KHANA PULL
","{'answer_start': [16073], 'text': ['0311-8597398']}",Transport
684165,"What is the contact number for the driver of the bus that goes to IRAN ROAD
","{'answer_start': [16086], 'text': ['0311-8597398']}",Transport
684173,"What is the contact number for the driver of the bus that goes to HIGHWAY
","{'answer_start': [16073], 'text': ['0311-8597398']}",Transport
684171,"What is the contact number for the driver of the bus that goes to HAROON CHOWK
","{'answer_start': [16073], 'text': ['0311-8597398']}",Transport
684161,"What is the contact number for the driver of the bus that goes to HAIDERY CHOWK
","{'answer_start': [16086], 'text': ['0311-8597398']}",Transport
684170,"What is the contact number for the driver of the bus that goes to DHOKE ALI AKBER
","{'answer_start': [16086], 'text': ['0311-8597398']}",Transport
684176,"What is the contact number for the driver of the bus that goes to ARSLAN TOWN
","{'answer_start': [16086], 'text': ['0311-8597398']}",Transport
684162,"What is the contact number for the driver of the bus that goes to 6TH ROAD
","{'answer_start': [16099], 'text': ['0311-8597398']}",Transport
684194,"What is the route number for the bus that goes to SAIDPURE ROAD
","{'answer_start': [16112], 'text': ['Route 45']}",Transport
684201,"What is the route number for the bus that goes to SADIQABAD CHOWK
","{'answer_start': [16139], 'text': ['Route 45']}",Transport
684199,"What is the route number for the bus that goes to REHMANABAD
","{'answer_start': [16130], 'text': ['Route 45']}",Transport
684200,"What is the route number for the bus that goes to IRAN ROAD
","{'answer_start': [16148], 'text': ['Route 45']}",Transport
684195,"What is the route number for the bus that goes to HAIDERY CHOWK
","{'answer_start': [16166], 'text': ['Route 45']}",Transport
684196,"What is the route number for the bus that goes to 6TH ROAD
","{'answer_start': [16166], 'text': ['Route 45']}",Transport
685939,What are the stops on Route 46?,"{'answer_start': [16265], 'text': ['""CHIRAH CHOWK, PEHONT STOP, SIMLY DAM, KAROR HIGH SCHOOL, ARIARI, MORRI STOP""']}",Transport
686007,What are the stops on Route 47?,"{'answer_start': [17549], 'text': ['""SHAMAS COLONY, KOH E NOOR MIL, GHAUSIA ADDA MOR, UP ROAD,BRITISH HOME, HABIB COLONY, UP TOLL PLAZA, KACHA STOP, CARRIAGE FACTORY, NESCOM CHOWK, I-10/2, I-10/4, I-10 MARKAZ, CDA DOUBLE ROAD, SERVICE ROAD, I-9 MARKAZ""']}",Transport
686015,What are the stops on the route for the bus with vehicle number GAC-166?,"{'answer_start': [21764], 'text': ['""SHAMAS COLONY, KOH E NOOR MIL, GHAUSIA ADDA MOR, UP ROAD,BRITISH HOME, HABIB COLONY, UP TOLL PLAZA, KACHA STOP, CARRIAGE FACTORY, NESCOM CHOWK, I-10/2, I-10/4, I-10 MARKAZ, CDA DOUBLE ROAD, SERVICE ROAD, I-9 MARKAZ""']}",Transport
685949,What are the stops on the route for the bus with vehicle number GE-798?,"{'answer_start': [17239], 'text': ['""CHIRAH CHOWK, PEHONT STOP, SIMLY DAM, KAROR HIGH SCHOOL, ARIARI, MORRI STOP""']}",Transport
685971,What are the stops on the route that goes to ARIARI,"{'answer_start': [17239], 'text': ['""CHIRAH CHOWK, PEHONT STOP, SIMLY DAM, KAROR HIGH SCHOOL, ARIARI, MORRI STOP""']}",Transport
686041,What are the stops on the route that goes to BRITISH HOME,"{'answer_start': [17549], 'text': ['""SHAMAS COLONY, KOH E NOOR MIL, GHAUSIA ADDA MOR, UP ROAD,BRITISH HOME, HABIB COLONY, UP TOLL PLAZA, KACHA STOP, CARRIAGE FACTORY, NESCOM CHOWK, I-10/2, I-10/4, I-10 MARKAZ, CDA DOUBLE ROAD, SERVICE ROAD, I-9 MARKAZ""']}",Transport
686046,What are the stops on the route that goes to CARRIAGE FACTORY,"{'answer_start': [17549], 'text': ['""SHAMAS COLONY, KOH E NOOR MIL, GHAUSIA ADDA MOR, UP ROAD,BRITISH HOME, HABIB COLONY, UP TOLL PLAZA, KACHA STOP, CARRIAGE FACTORY, NESCOM CHOWK, I-10/2, I-10/4, I-10 MARKAZ, CDA DOUBLE ROAD, SERVICE ROAD, I-9 MARKAZ""']}",Transport
686054,What are the stops on the route that goes to CDA DOUBLE ROAD,"{'answer_start': [17549], 'text': ['""SHAMAS COLONY, KOH E NOOR MIL, GHAUSIA ADDA MOR, UP ROAD,BRITISH HOME, HABIB COLONY, UP TOLL PLAZA, KACHA STOP, CARRIAGE FACTORY, NESCOM CHOWK, I-10/2, I-10/4, I-10 MARKAZ, CDA DOUBLE ROAD, SERVICE ROAD, I-9 MARKAZ""']}",Transport
685965,What are the stops on the route that goes to CHIRAH CHOWK,"{'answer_start': [17239], 'text': ['""CHIRAH CHOWK, PEHONT STOP, SIMLY DAM, KAROR HIGH SCHOOL, ARIARI, MORRI STOP""']}",Transport
686039,What are the stops on the route that goes to GHAUSIA ADDA MOR,"{'answer_start': [17549], 'text': ['""SHAMAS COLONY, KOH E NOOR MIL, GHAUSIA ADDA MOR, UP ROAD,BRITISH HOME, HABIB COLONY, UP TOLL PLAZA, KACHA STOP, CARRIAGE FACTORY, NESCOM CHOWK, I-10/2, I-10/4, I-10 MARKAZ, CDA DOUBLE ROAD, SERVICE ROAD, I-9 MARKAZ""']}",Transport
686042,What are the stops on the route that goes to HABIB COLONY,"{'answer_start': [17549], 'text': ['""SHAMAS COLONY, KOH E NOOR MIL, GHAUSIA ADDA MOR, UP ROAD,BRITISH HOME, HABIB COLONY, UP TOLL PLAZA, KACHA STOP, CARRIAGE FACTORY, NESCOM CHOWK, I-10/2, I-10/4, I-10 MARKAZ, CDA DOUBLE ROAD, SERVICE ROAD, I-9 MARKAZ""']}",Transport
685974,What are the stops on the route that goes to HAROON CHOWK,"{'answer_start': [16431], 'text': ['""CHIRAH CHOWK, PEHONT STOP, SIMLY DAM, KAROR HIGH SCHOOL, ARIARI, MORRI STOP""']}",Transport
686049,What are the stops on the route that goes to I-10/2,"{'answer_start': [17549], 'text': ['""SHAMAS COLONY, KOH E NOOR MIL, GHAUSIA ADDA MOR, UP ROAD,BRITISH HOME, HABIB COLONY, UP TOLL PLAZA, KACHA STOP, CARRIAGE FACTORY, NESCOM CHOWK, I-10/2, I-10/4, I-10 MARKAZ, CDA DOUBLE ROAD, SERVICE ROAD, I-9 MARKAZ""']}",Transport
686050,What are the stops on the route that goes to  I-10/4,"{'answer_start': [17549], 'text': ['""SHAMAS COLONY, KOH E NOOR MIL, GHAUSIA ADDA MOR, UP ROAD,BRITISH HOME, HABIB COLONY, UP TOLL PLAZA, KACHA STOP, CARRIAGE FACTORY, NESCOM CHOWK, I-10/2, I-10/4, I-10 MARKAZ, CDA DOUBLE ROAD, SERVICE ROAD, I-9 MARKAZ""']}",Transport
685970,What are the stops on the route that goes to KAROR HIGH SCHOOL,"{'answer_start': [17239], 'text': ['""CHIRAH CHOWK, PEHONT STOP, SIMLY DAM, KAROR HIGH SCHOOL, ARIARI, MORRI STOP""']}",Transport
686051,What are the stops on the route that goes to I-10 MARKAZ,"{'answer_start': [17549], 'text': ['""SHAMAS COLONY, KOH E NOOR MIL, GHAUSIA ADDA MOR, UP ROAD,BRITISH HOME, HABIB COLONY, UP TOLL PLAZA, KACHA STOP, CARRIAGE FACTORY, NESCOM CHOWK, I-10/2, I-10/4, I-10 MARKAZ, CDA DOUBLE ROAD, SERVICE ROAD, I-9 MARKAZ""']}",Transport
686053,What are the stops on the route that goes to I-10 MARKAZ,"{'answer_start': [17549], 'text': ['""SHAMAS COLONY, KOH E NOOR MIL, GHAUSIA ADDA MOR, UP ROAD,BRITISH HOME, HABIB COLONY, UP TOLL PLAZA, KACHA STOP, CARRIAGE FACTORY, NESCOM CHOWK, I-10/2, I-10/4, I-10 MARKAZ, CDA DOUBLE ROAD, SERVICE ROAD, I-9 MARKAZ""']}",Transport
686056,What are the stops on the route that goes to I-9 MARKAZ,"{'answer_start': [17549], 'text': ['""SHAMAS COLONY, KOH E NOOR MIL, GHAUSIA ADDA MOR, UP ROAD,BRITISH HOME, HABIB COLONY, UP TOLL PLAZA, KACHA STOP, CARRIAGE FACTORY, NESCOM CHOWK, I-10/2, I-10/4, I-10 MARKAZ, CDA DOUBLE ROAD, SERVICE ROAD, I-9 MARKAZ""']}",Transport
686036,What are the stops on the route that goes to islamabad/Rawalpindi,"{'answer_start': [17549], 'text': ['""SHAMAS COLONY, KOH E NOOR MIL, GHAUSIA ADDA MOR, UP ROAD,BRITISH HOME, HABIB COLONY, UP TOLL PLAZA, KACHA STOP, CARRIAGE FACTORY, NESCOM CHOWK, I-10/2, I-10/4, I-10 MARKAZ, CDA DOUBLE ROAD, SERVICE ROAD, I-9 MARKAZ""']}",Transport
686045,What are the stops on the route that goes to KACHA STOP,"{'answer_start': [17549], 'text': ['""SHAMAS COLONY, KOH E NOOR MIL, GHAUSIA ADDA MOR, UP ROAD,BRITISH HOME, HABIB COLONY, UP TOLL PLAZA, KACHA STOP, CARRIAGE FACTORY, NESCOM CHOWK, I-10/2, I-10/4, I-10 MARKAZ, CDA DOUBLE ROAD, SERVICE ROAD, I-9 MARKAZ""']}",Transport
686038,What are the stops on the route that goes to KOH E NOOR MIL,"{'answer_start': [17549], 'text': ['""SHAMAS COLONY, KOH E NOOR MIL, GHAUSIA ADDA MOR, UP ROAD,BRITISH HOME, HABIB COLONY, UP TOLL PLAZA, KACHA STOP, CARRIAGE FACTORY, NESCOM CHOWK, I-10/2, I-10/4, I-10 MARKAZ, CDA DOUBLE ROAD, SERVICE ROAD, I-9 MARKAZ""']}",Transport
686086,What is the contact number for the driver of the bus that goes to NESCOM CHOWK,"{'answer_start': [17788], 'text': ['0333-5532512']}",Transport
685990,What is the contact number for the driver of the bus that goes to  PEHONT STOP,"{'answer_start': [17373], 'text': ['0346-5419710']}",Transport
686092,What is the contact number for the driver of the bus that goes to SERVICE ROAD,"{'answer_start': [17788], 'text': ['0333-5532512']}",Transport
686076,What is the contact number for the driver of the bus that goes to SHAMAS COLONY,"{'answer_start': [17788], 'text': ['0333-5532512']}",Transport
685991,What is the contact number for the driver of the bus that goes to SIMLY DAM,"{'answer_start': [17373], 'text': ['0346-5419710']}",Transport
685987,"What is the contact number for the driver of the bus that goes to simly dam road, islamabad","{'answer_start': [17373], 'text': ['0346-5419710']}",Transport
686080,What is the contact number for the driver of the bus that goes to UP ROAD,"{'answer_start': [17788], 'text': ['0333-5532512']}",Transport
686083,What is the contact number for the driver of the bus that goes to UP TOLL PLAZA,"{'answer_start': [17788], 'text': ['0333-5532512']}",Transport
686013,What is the contact number for the driver of the bus with vehicle number GAC-166?,"{'answer_start': [17810], 'text': ['0333-5532512']}",Transport
685947,What is the contact number for the driver of the bus with vehicle number GE-798?,"{'answer_start': [17373], 'text': ['0346-5419710']}",Transport
685958,What is the name of the driver for the bus that goes to ARIARI,"{'answer_start': [16670], 'text': ['MUHAMMAD ZULKIFL FAYAZ']}",Transport
686022,What is the name of the driver for the bus that goes to BRITISH HOME,"{'answer_start': [17774], 'text': ['Sagheer Ahmed']}",Transport
686026,What is the name of the driver for the bus that goes to CARRIAGE FACTORY,"{'answer_start': [17774], 'text': ['Sagheer Ahmed']}",Transport
686032,What is the name of the driver for the bus that goes to CDA DOUBLE ROAD,"{'answer_start': [17774], 'text': ['Sagheer Ahmed']}",Transport
685952,What is the name of the driver for the bus that goes to CHIRAH CHOWK,"{'answer_start': [16670], 'text': ['MUHAMMAD ZULKIFL FAYAZ']}",Transport
686019,What is the name of the driver for the bus that goes to GHAUSIA ADDA MOR,"{'answer_start': [17774], 'text': ['Sagheer Ahmed']}",Transport
686023,What is the name of the driver for the bus that goes to HABIB COLONY,"{'answer_start': [17774], 'text': ['Sagheer Ahmed']}",Transport
685961,What is the name of the driver for the bus that goes to HAROON CHOWK,"{'answer_start': [16670], 'text': ['MUHAMMAD ZULKIFL FAYAZ']}",Transport
686028,What is the name of the driver for the bus that goes to I-10/2,"{'answer_start': [17774], 'text': ['Sagheer Ahmed']}",Transport
686029,What is the name of the driver for the bus that goes to  I-10/4,"{'answer_start': [17774], 'text': ['Sagheer Ahmed']}",Transport
686031,What is the name of the driver for the bus that goes to I-10 MARKAZ,"{'answer_start': [17774], 'text': ['Sagheer Ahmed']}",Transport
686034,What is the name of the driver for the bus that goes to I-9 MARKAZ,"{'answer_start': [17774], 'text': ['Sagheer Ahmed']}",Transport
686016,What is the name of the driver for the bus that goes to islamabad/Rawalpindi,"{'answer_start': [17774], 'text': ['Sagheer Ahmed']}",Transport
686025,What is the name of the driver for the bus that goes to KACHA STOP,"{'answer_start': [17774], 'text': ['Sagheer Ahmed']}",Transport
685956,What is the name of the driver for the bus that goes to KAROR HIGH SCHOOL,"{'answer_start': [16670], 'text': ['MUHAMMAD ZULKIFL FAYAZ']}",Transport
686018,What is the name of the driver for the bus that goes to KOH E NOOR MIL,"{'answer_start': [17823], 'text': ['Sagheer Ahmed']}",Transport
685960,What is the name of the driver for the bus that goes to MORRI STOP,"{'answer_start': [16670], 'text': ['MUHAMMAD ZULKIFL FAYAZ']}",Transport
686027,What is the name of the driver for the bus that goes to NESCOM CHOWK,"{'answer_start': [17810], 'text': ['0333-5532512']}",Transport
685953,What is the name of the driver for the bus that goes to  PEHONT STOP,"{'answer_start': [16670], 'text': ['MUHAMMAD ZULKIFL FAYAZ']}",Transport
686033,What is the name of the driver for the bus that goes to SERVICE ROAD,"{'answer_start': [17774], 'text': ['Sagheer Ahmed']}",Transport
686017,What is the name of the driver for the bus that goes to SHAMAS COLONY,"{'answer_start': [17774], 'text': ['Sagheer Ahmed']}",Transport
685954,What is the name of the driver for the bus that goes to SIMLY DAM,"{'answer_start': [16670], 'text': ['MUHAMMAD ZULKIFL FAYAZ']}",Transport
685951,"What is the name of the driver for the bus that goes to simly dam road, islamabad","{'answer_start': [16670], 'text': ['MUHAMMAD ZULKIFL FAYAZ']}",Transport
686020,What is the name of the driver for the bus that goes to UP ROAD,"{'answer_start': [17774], 'text': ['Sagheer Ahmed']}",Transport
686024,What is the name of the driver for the bus that goes to UP TOLL PLAZA,"{'answer_start': [17774], 'text': ['Sagheer Ahmed']}",Transport
686014,What is the name of the driver for the bus with vehicle number GAC-166?,"{'answer_start': [17774], 'text': ['Sagheer Ahmed']}",Transport
685948,What is the name of the driver for the bus with vehicle number GE-798?,"{'answer_start': [16670], 'text': ['MUHAMMAD ZULKIFL FAYAZ']}",Transport
686003,What is the route number for the bus that goes to ARIARI,"{'answer_start': [17477], 'text': ['Route 46']}",Transport
686100,What is the route number for the bus that goes to BRITISH HOME,"{'answer_start': [17801], 'text': ['Route 47']}",Transport
686105,What is the route number for the bus that goes to CARRIAGE FACTORY,"{'answer_start': [17801], 'text': ['Route 47']}",Transport
685999,What is the route number for the bus that goes to CHIRAH CHOWK,"{'answer_start': [17477], 'text': ['Route 46']}",Transport
686101,What is the route number for the bus that goes to HABIB COLONY,"{'answer_start': [17801], 'text': ['Route 47']}",Transport
686006,What is the route number for the bus that goes to HAROON CHOWK,"{'answer_start': [17540], 'text': ['Route 46']}",Transport
686108,What is the route number for the bus that goes to I-10/2,"{'answer_start': [17801], 'text': ['Route 47']}",Transport
686109,What is the route number for the bus that goes to  I-10/4,"{'answer_start': [17801], 'text': ['Route 47']}",Transport
686110,What is the route number for the bus that goes to I-10 MARKAZ,"{'answer_start': [17801], 'text': ['Route 47']}",Transport
686094,What is the route number for the bus that goes to islamabad/Rawalpindi,"{'answer_start': [17801], 'text': ['Route 47']}",Transport
686104,What is the route number for the bus that goes to KACHA STOP,"{'answer_start': [17801], 'text': ['Route 47']}",Transport
686002,What is the route number for the bus that goes to KAROR HIGH SCHOOL,"{'answer_start': [17540], 'text': ['Route 46']}",Transport
686097,What is the route number for the bus that goes to KOH E NOOR MIL,"{'answer_start': [17801], 'text': ['Route 47']}",Transport
686004,What is the route number for the bus that goes to MORRI STOP,"{'answer_start': [17540], 'text': ['Route 46']}",Transport
686106,What is the route number for the bus that goes to NESCOM CHOWK,"{'answer_start': [17801], 'text': ['Route 47']}",Transport
686000,What is the route number for the bus that goes to  PEHONT STOP,"{'answer_start': [17540], 'text': ['Route 46']}",Transport
686096,What is the route number for the bus that goes to SHAMAS COLONY,"{'answer_start': [17801], 'text': ['Route 47']}",Transport
686001,What is the route number for the bus that goes to SIMLY DAM,"{'answer_start': [17540], 'text': ['Route 46']}",Transport
685998,"What is the route number for the bus that goes to simly dam road, islamabad","{'answer_start': [17540], 'text': ['Route 46']}",Transport
686099,What is the route number for the bus that goes to UP ROAD,"{'answer_start': [17801], 'text': ['Route 47']}",Transport
686103,What is the route number for the bus that goes to UP TOLL PLAZA,"{'answer_start': [17801], 'text': ['Route 47']}",Transport
686012,What is the route number for the bus with vehicle number GAC-166?,"{'answer_start': [17801], 'text': ['Route 47']}",Transport
685945,What is the route number for the bus with vehicle number GE-798?,"{'answer_start': [17540], 'text': ['Route 46']}",Transport
685940,What is the vehicle number for Route 46?,"{'answer_start': [107366], 'text': ['GE-798']}",Transport
686008,What is the vehicle number for Route 47?,"{'answer_start': [17766], 'text': ['GAC-166']}",Transport
685983,What is the vehicle number for the bus that goes to ARIARI,"{'answer_start': [17366], 'text': ['GE-798']}",Transport
686062,What is the vehicle number for the bus that goes to BRITISH HOME,"{'answer_start': [17766], 'text': ['GAC-166']}",Transport
686066,What is the vehicle number for the bus that goes to CARRIAGE FACTORY,"{'answer_start': [17766], 'text': ['GAC-166']}",Transport
686071,What is the vehicle number for the bus that goes to CDA DOUBLE ROAD,"{'answer_start': [17766], 'text': ['GAC-166']}",Transport
685976,What is the vehicle number for the bus that goes to CHIRAH CHOWK,"{'answer_start': [17366], 'text': ['GE-798']}",Transport
686060,What is the vehicle number for the bus that goes to GHAUSIA ADDA MOR,"{'answer_start': [17766], 'text': ['GAC-166']}",Transport
686063,What is the vehicle number for the bus that goes to HABIB COLONY,"{'answer_start': [17766], 'text': ['GAC-166']}",Transport
685986,What is the vehicle number for the bus that goes to HAROON CHOWK,"{'answer_start': [17366], 'text': ['GE-798']}",Transport
686068,What is the vehicle number for the bus that goes to I-10/2,"{'answer_start': [17766], 'text': ['GAC-166']}",Transport
686069,What is the vehicle number for the bus that goes to  I-10/4,"{'answer_start': [17766], 'text': ['GAC-166']}",Transport
686070,What is the vehicle number for the bus that goes to I-10 MARKAZ,"{'answer_start': [17766], 'text': ['GAC-166']}",Transport
686073,What is the vehicle number for the bus that goes to I-9 MARKAZ,"{'answer_start': [17766], 'text': ['GAC-166']}",Transport
686057,What is the vehicle number for the bus that goes to islamabad/Rawalpindi,"{'answer_start': [17766], 'text': ['GAC-166']}",Transport
686065,What is the vehicle number for the bus that goes to KACHA STOP,"{'answer_start': [17766], 'text': ['GAC-166']}",Transport
685982,What is the vehicle number for the bus that goes to KAROR HIGH SCHOOL,"{'answer_start': [17366], 'text': ['GE-798']}",Transport
686059,What is the vehicle number for the bus that goes to KOH E NOOR MIL,"{'answer_start': [17766], 'text': ['GAC-166']}",Transport
685985,What is the vehicle number for the bus that goes to MORRI STOP,"{'answer_start': [17366], 'text': ['GE-798']}",Transport
686067,What is the vehicle number for the bus that goes to NESCOM CHOWK,"{'answer_start': [17766], 'text': ['GAC-166']}",Transport
685979,What is the vehicle number for the bus that goes to  PEHONT STOP,"{'answer_start': [17366], 'text': ['GE-798']}",Transport
686072,What is the vehicle number for the bus that goes to SERVICE ROAD,"{'answer_start': [17766], 'text': ['GAC-166']}",Transport
686058,What is the vehicle number for the bus that goes to SHAMAS COLONY,"{'answer_start': [17766], 'text': ['GAC-166']}",Transport
685981,What is the vehicle number for the bus that goes to SIMLY DAM,"{'answer_start': [17366], 'text': ['GE-798']}",Transport
685975,"What is the vehicle number for the bus that goes to simly dam road, islamabad","{'answer_start': [17366], 'text': ['GE-798']}",Transport
686061,What is the vehicle number for the bus that goes to UP ROAD,"{'answer_start': [17766], 'text': ['GAC-166']}",Transport
686064,What is the vehicle number for the bus that goes to UP TOLL PLAZA,"{'answer_start': [17766], 'text': ['GAC-166']}",Transport
685941,Who is the driver for Route 46?,"{'answer_start': [16670], 'text': ['MUHAMMAD ZULKIFL FAYAZ']}",Transport
686010,Who is the driver for Route 47?,"{'answer_start': [18054], 'text': ['Sagheer Ahmed']}",Transport
686853,"What is the route number for the bus that goes to I-9 MARKAZ
","{'answer_start': [17801], 'text': ['Route 47']}",Transport
686852,"What is the route number for the bus that goes to SERVICE ROAD
","{'answer_start': [17801], 'text': ['Route 47']}",Transport
6086851,"What is the route number for the bus that goes to CDA DOUBLE ROAD
","{'answer_start': [17801], 'text': ['Route 47']}",Transport
686878,"What are the stops on Route 48?
","{'answer_start': [22598], 'text': ['""BANGIAL, KIRPA,NAVAL ANCHORAGE,SIHALA,KAHUTA""']}",Transport
686870,"What are the stops on the route for the bus with vehicle number GT-973?
","{'answer_start': [22598], 'text': ['""BANGIAL, KIRPA,NAVAL ANCHORAGE,SIHALA,KAHUTA""']}",Transport
686864,"What are the stops on the route that goes to KAHUTA
","{'answer_start': [22598], 'text': ['""BANGIAL, KIRPA,NAVAL ANCHORAGE,SIHALA,KAHUTA""']}",Transport
686866,"What are the stops on the route that goes to NAVAL ANCHORAGE
","{'answer_start': [22598], 'text': ['""BANGIAL, KIRPA,NAVAL ANCHORAGE,SIHALA,KAHUTA""']}",Transport
686865,"What are the stops on the route that goes to SIHALA
","{'answer_start': [22598], 'text': ['""BANGIAL, KIRPA,NAVAL ANCHORAGE,SIHALA,KAHUTA""']}",Transport
686874,"What is the contact number for the driver of Route 48?
","{'answer_start': [22576], 'text': ['0344-5290115']}",Transport
686856,"What is the contact number for the driver of the bus that goes to BANGIAL
","{'answer_start': [22576], 'text': ['0344-5290115']}",Transport
686855,"What is the contact number for the driver of the bus that goes to KIRPA
","{'answer_start': [22576], 'text': ['0344-5290115']}",Transport
686872,"What is the contact number for the driver of the bus with vehicle number GT-973?
","{'answer_start': [22576], 'text': ['0344-5290115']}",Transport
686868,"What is the name of the driver for the bus that goes to BANGIAL
","{'answer_start': [22576], 'text': ['0344-5290115']}",Transport
686867,"What is the name of the driver for the bus that goes to KIRPA
","{'answer_start': [22589], 'text': ['Alam Zeb']}",Transport
686871,"What is the name of the driver for the bus with vehicle number GT-973?
","{'answer_start': [22589], 'text': ['Alam Zeb']}",Transport
686873,"What is the route number for the bus with vehicle number GT-973?
","{'answer_start': [22567], 'text': ['Route 48']}",Transport
686877,"What is the vehicle number for Route 48?
","{'answer_start': [22538], 'text': ['GT-973']}",Transport
686863,"What is the vehicle number for the bus that goes to BANGIAL
","{'answer_start': [22925], 'text': ['GT-973']}",Transport
686857,"What is the vehicle number for the bus that goes to KAHUTA
","{'answer_start': [22538], 'text': ['GT-973']}",Transport
686862,"What is the vehicle number for the bus that goes to KIRPA
","{'answer_start': [22538], 'text': ['GT-973']}",Transport
686861,"What is the vehicle number for the bus that goes to NAVAL ANCHORAGE
","{'answer_start': [22538], 'text': ['GT-973']}",Transport
686860,"What is the vehicle number for the bus that goes to SIHALA
","{'answer_start': [225308], 'text': ['GT-973']}",Transport
686876,"Who is the driver for Route 48?
","{'answer_start': [22681], 'text': ['Alam Zeb']}",Transport
685972,What are the stops on the route that goes to MORRI STOP,"{'answer_start': [17239], 'text': ['""CHIRAH CHOWK, PEHONT STOP, SIMLY DAM, KAROR HIGH SCHOOL, ARIARI, MORRI STOP""']}",Transport
686047,What are the stops on the route that goes to NESCOM CHOWK,"{'answer_start': [17549], 'text': ['""SHAMAS COLONY, KOH E NOOR MIL, GHAUSIA ADDA MOR, UP ROAD,BRITISH HOME, HABIB COLONY, UP TOLL PLAZA, KACHA STOP, CARRIAGE FACTORY, NESCOM CHOWK, I-10/2, I-10/4, I-10 MARKAZ, CDA DOUBLE ROAD, SERVICE ROAD, I-9 MARKAZ""']}",Transport
685967,What are the stops on the route that goes to  PEHONT STOP,"{'answer_start': [17239], 'text': ['""CHIRAH CHOWK, PEHONT STOP, SIMLY DAM, KAROR HIGH SCHOOL, ARIARI, MORRI STOP""']}",Transport
686055,What are the stops on the route that goes to SERVICE ROAD,"{'answer_start': [17549], 'text': ['""SHAMAS COLONY, KOH E NOOR MIL, GHAUSIA ADDA MOR, UP ROAD,BRITISH HOME, HABIB COLONY, UP TOLL PLAZA, KACHA STOP, CARRIAGE FACTORY, NESCOM CHOWK, I-10/2, I-10/4, I-10 MARKAZ, CDA DOUBLE ROAD, SERVICE ROAD, I-9 MARKAZ""']}",Transport
686037,What are the stops on the route that goes to SHAMAS COLONY,"{'answer_start': [17549], 'text': ['""SHAMAS COLONY, KOH E NOOR MIL, GHAUSIA ADDA MOR, UP ROAD,BRITISH HOME, HABIB COLONY, UP TOLL PLAZA, KACHA STOP, CARRIAGE FACTORY, NESCOM CHOWK, I-10/2, I-10/4, I-10 MARKAZ, CDA DOUBLE ROAD, SERVICE ROAD, I-9 MARKAZ""']}",Transport
685969,What are the stops on the route that goes to SIMLY DAM,"{'answer_start': [17239], 'text': ['""CHIRAH CHOWK, PEHONT STOP, SIMLY DAM, KAROR HIGH SCHOOL, ARIARI, MORRI STOP""']}",Transport
685964,"What are the stops on the route that goes to simly dam road, islamabad","{'answer_start': [17239], 'text': ['""CHIRAH CHOWK, PEHONT STOP, SIMLY DAM, KAROR HIGH SCHOOL, ARIARI, MORRI STOP""']}",Transport
686040,What are the stops on the route that goes to UP ROAD,"{'answer_start': [17549], 'text': ['""SHAMAS COLONY, KOH E NOOR MIL, GHAUSIA ADDA MOR, UP ROAD,BRITISH HOME, HABIB COLONY, UP TOLL PLAZA, KACHA STOP, CARRIAGE FACTORY, NESCOM CHOWK, I-10/2, I-10/4, I-10 MARKAZ, CDA DOUBLE ROAD, SERVICE ROAD, I-9 MARKAZ""']}",Transport
686043,What are the stops on the route that goes to UP TOLL PLAZA,"{'answer_start': [17549], 'text': ['""SHAMAS COLONY, KOH E NOOR MIL, GHAUSIA ADDA MOR, UP ROAD,BRITISH HOME, HABIB COLONY, UP TOLL PLAZA, KACHA STOP, CARRIAGE FACTORY, NESCOM CHOWK, I-10/2, I-10/4, I-10 MARKAZ, CDA DOUBLE ROAD, SERVICE ROAD, I-9 MARKAZ""']}",Transport
685943,What is the contact number for the driver of Route 46?,"{'answer_start': [17464], 'text': ['0346-5419710']}",Transport
686011,What is the contact number for the driver of Route 47?,"{'answer_start': [17810], 'text': ['0333-5532512']}",Transport
685995,What is the contact number for the driver of the bus that goes to ARIARI,"{'answer_start': [17373], 'text': ['0346-5419710']}",Transport
686081,What is the contact number for the driver of the bus that goes to BRITISH HOME,"{'answer_start': [17788], 'text': ['0333-5532512']}",Transport
686085,What is the contact number for the driver of the bus that goes to CARRIAGE FACTORY,"{'answer_start': [17788], 'text': ['0333-5532512']}",Transport
686091,What is the contact number for the driver of the bus that goes to CDA DOUBLE ROAD,"{'answer_start': [17810], 'text': ['0333-5532512']}",Transport
685989,What is the contact number for the driver of the bus that goes to CHIRAH CHOWK,"{'answer_start': [17373], 'text': ['0346-5419710']}",Transport
686079,What is the contact number for the driver of the bus that goes to GHAUSIA ADDA MOR,"{'answer_start': [17788], 'text': ['0333-5532512']}",Transport
686082,What is the contact number for the driver of the bus that goes to HABIB COLONY,"{'answer_start': [17810], 'text': ['0333-5532512']}",Transport
685997,What is the contact number for the driver of the bus that goes to HAROON CHOWK,"{'answer_start': [17464], 'text': ['0346-5419710']}",Transport
686088,What is the contact number for the driver of the bus that goes to I-10/2,"{'answer_start': [17810], 'text': ['0333-5532512']}",Transport
686089,What is the contact number for the driver of the bus that goes to  I-10/4,"{'answer_start': [17810], 'text': ['0333-5532512']}",Transport
686090,What is the contact number for the driver of the bus that goes to I-10 MARKAZ,"{'answer_start': [17810], 'text': ['0333-5532512']}",Transport
686093,What is the contact number for the driver of the bus that goes to I-9 MARKAZ,"{'answer_start': [17810], 'text': ['0333-5532512']}",Transport
686075,What is the contact number for the driver of the bus that goes to islamabad/Rawalpindi,"{'answer_start': [17810], 'text': ['0333-5532512']}",Transport
686084,What is the contact number for the driver of the bus that goes to KACHA STOP,"{'answer_start': [17810], 'text': ['0333-5532512']}",Transport
685993,What is the contact number for the driver of the bus that goes to KAROR HIGH SCHOOL,"{'answer_start': [17373], 'text': ['0346-5419710']}",Transport
686077,What is the contact number for the driver of the bus that goes to KOH E NOOR MIL,"{'answer_start': [17788], 'text': ['0333-5532512']}",Transport
685996,What is the contact number for the driver of the bus that goes to MORRI STOP,"{'answer_start': [17373], 'text': ['0346-5419710']}",Transport
686098,What is the route number for the bus that goes to GHAUSIA ADDA MOR,"{'answer_start': [17801], 'text': ['Route 47']}",Transport
686970,"What is the route number for the bus that goes to GULISTAN COLONY
","{'answer_start': [25690], 'text': ['Route 49']}",Transport
686919,"What are the stops on Route 49?
","{'answer_start': [23070], 'text': ['""KHANA PUL, HIGHWAY, KHOKHAR HOTEL, KORANG TOWN, PAKISTAN TOWN, PWD, BAHRIA TOWN PHASE III AREA, DHA CHOWK, MORGAH, GULISTAN COLONY, CHAKLALA SCHEME-III""']}",Transport
686912,"What are the stops on the route for the bus with vehicle number GJ-792?
","{'answer_start': [23070], 'text': ['""KHANA PUL, HIGHWAY, KHOKHAR HOTEL, KORANG TOWN, PAKISTAN TOWN, PWD, BAHRIA TOWN PHASE III AREA, DHA CHOWK, MORGAH, GULISTAN COLONY, CHAKLALA SCHEME-III""']}",Transport
686916,"What is the contact number for the driver of Route 49?
","{'answer_start': [23266], 'text': ['0346-5429124']}",Transport
686924,"What is the contact number for the driver of the bus that goes to KAHUTA
","{'answer_start': [23012], 'text': ['0344-5290115']}",Transport
686927,"What is the contact number for the driver of the bus that goes to NAVAL ANCHORAGE
","{'answer_start': [23012], 'text': ['0344-5290115']}",Transport
686926,"What is the contact number for the driver of the bus that goes to SIHALA
","{'answer_start': [23012], 'text': ['0344-5290115']}",Transport
686914,"What is the contact number for the driver of the bus with vehicle number GJ-792?
","{'answer_start': [23244], 'text': ['0346-5429124']}",Transport
686911,"What is the name of the driver for the bus that goes to bahria town
","{'answer_start': [23231], 'text': ['SHAHID ANWAR']}",Transport
686905,"What is the name of the driver for the bus that goes to BAHRIA TOWN PHASE III AREA
","{'answer_start': [23231], 'text': ['SHAHID ANWAR']}",Transport
686904,"What is the name of the driver for the bus that goes to DHA CHOWK
","{'answer_start': [23231], 'text': ['SHAHID ANWAR']}",Transport
686910,"What is the name of the driver for the bus that goes to HIGHWAY
","{'answer_start': [23231], 'text': ['SHAHID ANWAR']}",Transport
686928,"What is the name of the driver for the bus that goes to KHANA PUL
","{'answer_start': [23231], 'text': ['SHAHID ANWAR']}",Transport
686909,"What is the name of the driver for the bus that goes to KHOKHAR HOTEL
","{'answer_start': [23231], 'text': ['SHAHID ANWAR']}",Transport
686908,"What is the name of the driver for the bus that goes to KORANG TOWN
","{'answer_start': [23231], 'text': ['SHAHID ANWAR']}",Transport
686907,"What is the name of the driver for the bus that goes to PAKISTAN TOWN
","{'answer_start': [23231], 'text': ['SHAHID ANWAR']}",Transport
686906,"What is the name of the driver for the bus that goes to PWD
","{'answer_start': [23231], 'text': ['SHAHID ANWAR']}",Transport
686913,"What is the name of the driver for the bus with vehicle number GJ-792?
","{'answer_start': [23231], 'text': ['SHAHID ANWAR']}",Transport
686925,"What is the route number for the bus that goes to BANGIAL
","{'answer_start': [23025], 'text': ['Route 48']}",Transport
686920,"What is the route number for the bus that goes to KAHUTA
","{'answer_start': [23025], 'text': ['Route 48']}",Transport
6869230,"What is the route number for the bus that goes to KIRPA
","{'answer_start': [23025], 'text': ['Route 48']}",Transport
686922,"What is the route number for the bus that goes to NAVAL ANCHORAGE
","{'answer_start': [23025], 'text': ['Route 48']}",Transport
6869201,"What is the route number for the bus that goes to SIHALA
","{'answer_start': [23025], 'text': ['Route 48']}",Transport
686915,"What is the route number for the bus with vehicle number GJ-792?
","{'answer_start': [23257], 'text': ['Route 49']}",Transport
686918,"What is the vehicle number for Route 49?
","{'answer_start': [203224], 'text': ['GJ-792']}",Transport
686917,"Who is the driver for Route 49?

","{'answer_start': [23231], 'text': ['SHAHID ANWAR']}",Transport
686966,"What are the stops on the route that goes to bahria town
","{'answer_start': [25296], 'text': ['""KHANA PUL, HIGHWAY, KHOKHAR HOTEL, KORANG TOWN, PAKISTAN TOWN, PWD, BAHRIA TOWN PHASE III AREA, DHA CHOWK, MORGAH, GULISTAN COLONY, CHAKLALA SCHEME-III""']}",Transport
686958,"What are the stops on the route that goes to BAHRIA TOWN PHASE III AREA
","{'answer_start': [25296], 'text': ['""KHANA PUL, HIGHWAY, KHOKHAR HOTEL, KORANG TOWN, PAKISTAN TOWN, PWD, BAHRIA TOWN PHASE III AREA, DHA CHOWK, MORGAH, GULISTAN COLONY, CHAKLALA SCHEME-III""']}",Transport
686954,"What are the stops on the route that goes to CHAKLALA SCHEME-III
","{'answer_start': [25296], 'text': ['""KHANA PUL, HIGHWAY, KHOKHAR HOTEL, KORANG TOWN, PAKISTAN TOWN, PWD, BAHRIA TOWN PHASE III AREA, DHA CHOWK, MORGAH, GULISTAN COLONY, CHAKLALA SCHEME-III""']}",Transport
686957,"What are the stops on the route that goes to DHA CHOWK
","{'answer_start': [25296], 'text': ['""KHANA PUL, HIGHWAY, KHOKHAR HOTEL, KORANG TOWN, PAKISTAN TOWN, PWD, BAHRIA TOWN PHASE III AREA, DHA CHOWK, MORGAH, GULISTAN COLONY, CHAKLALA SCHEME-III""']}",Transport
686955,"What are the stops on the route that goes to GULISTAN COLONY
","{'answer_start': [25296], 'text': ['""KHANA PUL, HIGHWAY, KHOKHAR HOTEL, KORANG TOWN, PAKISTAN TOWN, PWD, BAHRIA TOWN PHASE III AREA, DHA CHOWK, MORGAH, GULISTAN COLONY, CHAKLALA SCHEME-III""']}",Transport
686964,"What are the stops on the route that goes to HIGHWAY
","{'answer_start': [25296], 'text': ['""KHANA PUL, HIGHWAY, KHOKHAR HOTEL, KORANG TOWN, PAKISTAN TOWN, PWD, BAHRIA TOWN PHASE III AREA, DHA CHOWK, MORGAH, GULISTAN COLONY, CHAKLALA SCHEME-III""']}",Transport
686965,"What are the stops on the route that goes to KHANA PUL
","{'answer_start': [25296], 'text': ['""KHANA PUL, HIGHWAY, KHOKHAR HOTEL, KORANG TOWN, PAKISTAN TOWN, PWD, BAHRIA TOWN PHASE III AREA, DHA CHOWK, MORGAH, GULISTAN COLONY, CHAKLALA SCHEME-III""']}",Transport
686962,"What are the stops on the route that goes to KHOKHAR HOTEL
","{'answer_start': [25296], 'text': ['""KHANA PUL, HIGHWAY, KHOKHAR HOTEL, KORANG TOWN, PAKISTAN TOWN, PWD, BAHRIA TOWN PHASE III AREA, DHA CHOWK, MORGAH, GULISTAN COLONY, CHAKLALA SCHEME-III""']}",Transport
686961,"What are the stops on the route that goes to KORANG TOWN
","{'answer_start': [25296], 'text': ['""KHANA PUL, HIGHWAY, KHOKHAR HOTEL, KORANG TOWN, PAKISTAN TOWN, PWD, BAHRIA TOWN PHASE III AREA, DHA CHOWK, MORGAH, GULISTAN COLONY, CHAKLALA SCHEME-III""']}",Transport
686956,"What are the stops on the route that goes to MORGAH
","{'answer_start': [25296], 'text': ['""KHANA PUL, HIGHWAY, KHOKHAR HOTEL, KORANG TOWN, PAKISTAN TOWN, PWD, BAHRIA TOWN PHASE III AREA, DHA CHOWK, MORGAH, GULISTAN COLONY, CHAKLALA SCHEME-III""']}",Transport
686960,"What are the stops on the route that goes to PAKISTAN TOWN
","{'answer_start': [25296], 'text': ['""KHANA PUL, HIGHWAY, KHOKHAR HOTEL, KORANG TOWN, PAKISTAN TOWN, PWD, BAHRIA TOWN PHASE III AREA, DHA CHOWK, MORGAH, GULISTAN COLONY, CHAKLALA SCHEME-III""']}",Transport
686959,"What are the stops on the route that goes to PWD
","{'answer_start': [25296], 'text': ['""KHANA PUL, HIGHWAY, KHOKHAR HOTEL, KORANG TOWN, PAKISTAN TOWN, PWD, BAHRIA TOWN PHASE III AREA, DHA CHOWK, MORGAH, GULISTAN COLONY, CHAKLALA SCHEME-III""']}",Transport
686967,"What is the name of the driver for the bus that goes to CHAKLALA SCHEME-III
","{'answer_start': [23589], 'text': ['SHAHID ANWAR']}",Transport
686968,"What is the name of the driver for the bus that goes to GULISTAN COLONY
","{'answer_start': [23589], 'text': ['SHAHID ANWAR']}",Transport
686969,"What is the name of the driver for the bus that goes to MORGAH
","{'answer_start': [23589], 'text': ['SHAHID ANWAR']}",Transport
686953,"What is the vehicle number for the bus that goes to bahria town
","{'answer_start': [25450], 'text': ['GJ-792']}",Transport
686944,"What is the vehicle number for the bus that goes to BAHRIA TOWN PHASE III AREA
","{'answer_start': [25450], 'text': ['GJ-792']}",Transport
686943,"What is the vehicle number for the bus that goes to DHA CHOWK
","{'answer_start': [25450], 'text': ['GJ-792']}",Transport
686951,"What is the vehicle number for the bus that goes to HIGHWAY
","{'answer_start': [25450], 'text': ['GJ-792']}",Transport
686952,"What is the vehicle number for the bus that goes to KHANA PUL
","{'answer_start': [25450], 'text': ['GJ-792']}",Transport
686950,"What is the vehicle number for the bus that goes to KHOKHAR HOTEL
","{'answer_start': [25450], 'text': ['GJ-792']}",Transport
686948,"What is the vehicle number for the bus that goes to KORANG TOWN
","{'answer_start': [25450], 'text': ['GJ-792']}",Transport
686942,"What is the vehicle number for the bus that goes to MORGAH
","{'answer_start': [25450], 'text': ['GJ-792']}",Transport
686947,"What is the vehicle number for the bus that goes to PAKISTAN TOWN
","{'answer_start': [25450], 'text': ['GJ-792']}",Transport
686946,"What is the vehicle number for the bus that goes to PWD
","{'answer_start': [25450], 'text': ['GJ-792']}",Transport
686997,"What is the route number for the bus that goes to CHAKLALA SCHEME-III
","{'answer_start': [25789], 'text': ['Route 49']}",Transport
686972,"What is the route number for the bus that goes to DHA CHOWK
","{'answer_start': [25690], 'text': ['Route 49']}",Transport
686992,"What is the contact number for the driver of the bus that goes to bahria town
","{'answer_start': [25677], 'text': ['0346-5429124']}",Transport
686985,"What is the contact number for the driver of the bus that goes to BAHRIA TOWN PHASE III AREA
","{'answer_start': [25677], 'text': ['0346-5429124']}",Transport
686981,"What is the contact number for the driver of the bus that goes to CHAKLALA SCHEME-III
","{'answer_start': [25677], 'text': ['0346-5429124']}",Transport
686984,"What is the contact number for the driver of the bus that goes to DHA CHOWK
","{'answer_start': [25651], 'text': ['0346-5429124']}",Transport
686982,"What is the contact number for the driver of the bus that goes to GULISTAN COLONY
","{'answer_start': [25664], 'text': ['0346-5429124']}",Transport
686990,"What is the contact number for the driver of the bus that goes to HIGHWAY
","{'answer_start': [25664], 'text': ['0346-5429124']}",Transport
686991,"What is the contact number for the driver of the bus that goes to KHANA PUL
","{'answer_start': [25677], 'text': ['0346-5429124']}",Transport
686989,"What is the contact number for the driver of the bus that goes to KHOKHAR HOTEL
","{'answer_start': [25677], 'text': ['0346-5429124']}",Transport
686988,"What is the contact number for the driver of the bus that goes to KORANG TOWN
","{'answer_start': [25677], 'text': ['0346-5429124']}",Transport
686983,"What is the contact number for the driver of the bus that goes to MORGAH
","{'answer_start': [25664], 'text': ['0346-5429124']}",Transport
686987,"What is the contact number for the driver of the bus that goes to PAKISTAN TOWN
","{'answer_start': [25677], 'text': ['0346-5429124']}",Transport
686986,"What is the contact number for the driver of the bus that goes to PWD
","{'answer_start': [25664], 'text': ['0346-5429124']}",Transport
686980,"What is the route number for the bus that goes to bahria town
","{'answer_start': [25690], 'text': ['Route 49']}",Transport
686973,"What is the route number for the bus that goes to BAHRIA TOWN PHASE III AREA
","{'answer_start': [256099], 'text': ['Route 49']}",Transport
686978,"What is the route number for the bus that goes to HIGHWAY
","{'answer_start': [25690], 'text': ['Route 49']}",Transport
686979,"What is the route number for the bus that goes to KHANA PUL
","{'answer_start': [25690], 'text': ['Route 49']}",Transport
686977,"What is the route number for the bus that goes to KHOKHAR HOTEL
","{'answer_start': [25690], 'text': ['Route 49']}",Transport
686976,"What is the route number for the bus that goes to KORANG TOWN
","{'answer_start': [25690], 'text': ['Route 49']}",Transport
686971,"What is the route number for the bus that goes to MORGAH
","{'answer_start': [25690], 'text': ['Route 49']}",Transport
686975,"What is the route number for the bus that goes to PAKISTAN TOWN
","{'answer_start': [25690], 'text': ['Route 49']}",Transport
686974,"What is the route number for the bus that goes to PWD
","{'answer_start': [25690], 'text': ['Route 49']}",Transport
686993,"What is the vehicle number for the bus that goes to CHAKLALA SCHEME-III
","{'answer_start': [25527], 'text': ['GJ-792']}",Transport
686994,"What is the vehicle number for the bus that goes to GULISTAN COLONY
","{'answer_start': [25527], 'text': ['GJ-792']}",Transport
687152,"What are the stops on the route for the bus with vehicle number GH-142?
","{'answer_start': [26114], 'text': ['""KHANA PUL, KARAL CHOWK, FAZAL TOWN, AIRPORT, RAHIMABAD, AMAR CHOWK, ADIALA ROAD, KHAWAJA CORPORATION, MUBBARIK LANE, DHAMA SYEDAN, ALI TOWN, DHOKE RAJGAN, JARAHI, REHMAN MARKAZ, SAMMAR ZAR, MADINA TOWN, ADIALA, GORKPUR, BACK AIRPORT, HIGHWAY""']}",Transport
687189,"What are the stops on the route that goes to ADIALA
","{'answer_start': [25798], 'text': ['""KHANA PUL, KARAL CHOWK, FAZAL TOWN, AIRPORT, RAHIMABAD, AMAR CHOWK, ADIALA ROAD, KHAWAJA CORPORATION, MUBBARIK LANE, DHAMA SYEDAN, ALI TOWN, DHOKE RAJGAN, JARAHI, REHMAN MARKAZ, SAMMAR ZAR, MADINA TOWN, ADIALA, GORKPUR, BACK AIRPORT, HIGHWAY""']}",Transport
687198,"What are the stops on the route that goes to ADIALA ROAD
","{'answer_start': [25798], 'text': ['""KHANA PUL, KARAL CHOWK, FAZAL TOWN, AIRPORT, RAHIMABAD, AMAR CHOWK, ADIALA ROAD, KHAWAJA CORPORATION, MUBBARIK LANE, DHAMA SYEDAN, ALI TOWN, DHOKE RAJGAN, JARAHI, REHMAN MARKAZ, SAMMAR ZAR, MADINA TOWN, ADIALA, GORKPUR, BACK AIRPORT, HIGHWAY""']}",Transport
687187,"What are the stops on the route that goes to BACK AIRPORT
","{'answer_start': [25798], 'text': ['""KHANA PUL, KARAL CHOWK, FAZAL TOWN, AIRPORT, RAHIMABAD, AMAR CHOWK, ADIALA ROAD, KHAWAJA CORPORATION, MUBBARIK LANE, DHAMA SYEDAN, ALI TOWN, DHOKE RAJGAN, JARAHI, REHMAN MARKAZ, SAMMAR ZAR, MADINA TOWN, ADIALA, GORKPUR, BACK AIRPORT, HIGHWAY""']}",Transport
687196,"What are the stops on the route that goes to DHAMA SYEDAN
","{'answer_start': [26114], 'text': ['""KHANA PUL, KARAL CHOWK, FAZAL TOWN, AIRPORT, RAHIMABAD, AMAR CHOWK, ADIALA ROAD, KHAWAJA CORPORATION, MUBBARIK LANE, DHAMA SYEDAN, ALI TOWN, DHOKE RAJGAN, JARAHI, REHMAN MARKAZ, SAMMAR ZAR, MADINA TOWN, ADIALA, GORKPUR, BACK AIRPORT, HIGHWAY']}",Transport
687194,"What are the stops on the route that goes to DHOKE RAJGAN
","{'answer_start': [26114], 'text': ['""KHANA PUL, KARAL CHOWK, FAZAL TOWN, AIRPORT, RAHIMABAD, AMAR CHOWK, ADIALA ROAD, KHAWAJA CORPORATION, MUBBARIK LANE, DHAMA SYEDAN, ALI TOWN, DHOKE RAJGAN, JARAHI, REHMAN MARKAZ, SAMMAR ZAR, MADINA TOWN, ADIALA, GORKPUR, BACK AIRPORT, HIGHWAY""']}",Transport
687203,"What are the stops on the route that goes to FAZAL TOWN
","{'answer_start': [26114], 'text': ['""KHANA PUL, KARAL CHOWK, FAZAL TOWN, AIRPORT, RAHIMABAD, AMAR CHOWK, ADIALA ROAD, KHAWAJA CORPORATION, MUBBARIK LANE, DHAMA SYEDAN, ALI TOWN, DHOKE RAJGAN, JARAHI, REHMAN MARKAZ, SAMMAR ZAR, MADINA TOWN, ADIALA, GORKPUR, BACK AIRPORT, HIGHWAY']}",Transport
687188,"What are the stops on the route that goes to GORKPUR
","{'answer_start': [26114], 'text': ['""KHANA PUL, KARAL CHOWK, FAZAL TOWN, AIRPORT, RAHIMABAD, AMAR CHOWK, ADIALA ROAD, KHAWAJA CORPORATION, MUBBARIK LANE, DHAMA SYEDAN, ALI TOWN, DHOKE RAJGAN, JARAHI, REHMAN MARKAZ, SAMMAR ZAR, MADINA TOWN, ADIALA, GORKPUR, BACK AIRPORT, HIGHWAY']}",Transport
687186,"What are the stops on the route that goes to HIGHWAY
","{'answer_start': [26114], 'text': ['""KHANA PUL, KARAL CHOWK, FAZAL TOWN, AIRPORT, RAHIMABAD, AMAR CHOWK, ADIALA ROAD, KHAWAJA CORPORATION, MUBBARIK LANE, DHAMA SYEDAN, ALI TOWN, DHOKE RAJGAN, JARAHI, REHMAN MARKAZ, SAMMAR ZAR, MADINA TOWN, ADIALA, GORKPUR, BACK AIRPORT, HIGHWAY']}",Transport
687193,"What are the stops on the route that goes to JARAHI
","{'answer_start': [26114], 'text': ['""KHANA PUL, KARAL CHOWK, FAZAL TOWN, AIRPORT, RAHIMABAD, AMAR CHOWK, ADIALA ROAD, KHAWAJA CORPORATION, MUBBARIK LANE, DHAMA SYEDAN, ALI TOWN, DHOKE RAJGAN, JARAHI, REHMAN MARKAZ, SAMMAR ZAR, MADINA TOWN, ADIALA, GORKPUR, BACK AIRPORT, HIGHWAY""']}",Transport
687204,"What are the stops on the route that goes to KARAL CHOWK
","{'answer_start': [26114], 'text': ['""KHANA PUL, KARAL CHOWK, FAZAL TOWN, AIRPORT, RAHIMABAD, AMAR CHOWK, ADIALA ROAD, KHAWAJA CORPORATION, MUBBARIK LANE, DHAMA SYEDAN, ALI TOWN, DHOKE RAJGAN, JARAHI, REHMAN MARKAZ, SAMMAR ZAR, MADINA TOWN, ADIALA, GORKPUR, BACK AIRPORT, HIGHWAY""']}",Transport
687205,"What are the stops on the route that goes to KHANA PUL
","{'answer_start': [26114], 'text': ['""KHANA PUL, KARAL CHOWK, FAZAL TOWN, AIRPORT, RAHIMABAD, AMAR CHOWK, ADIALA ROAD, KHAWAJA CORPORATION, MUBBARIK LANE, DHAMA SYEDAN, ALI TOWN, DHOKE RAJGAN, JARAHI, REHMAN MARKAZ, SAMMAR ZAR, MADINA TOWN, ADIALA, GORKPUR, BACK AIRPORT, HIGHWAY""']}",Transport
687197,"What are the stops on the route that goes to KHAWAJA CORPORATION
","{'answer_start': [26114], 'text': ['""KHANA PUL, KARAL CHOWK, FAZAL TOWN, AIRPORT, RAHIMABAD, AMAR CHOWK, ADIALA ROAD, KHAWAJA CORPORATION, MUBBARIK LANE, DHAMA SYEDAN, ALI TOWN, DHOKE RAJGAN, JARAHI, REHMAN MARKAZ, SAMMAR ZAR, MADINA TOWN, ADIALA, GORKPUR, BACK AIRPORT, HIGHWAY""']}",Transport
687191,"What are the stops on the route that goes to MADINA TOWN
","{'answer_start': [26114], 'text': ['""KHANA PUL, KARAL CHOWK, FAZAL TOWN, AIRPORT, RAHIMABAD, AMAR CHOWK, ADIALA ROAD, KHAWAJA CORPORATION, MUBBARIK LANE, DHAMA SYEDAN, ALI TOWN, DHOKE RAJGAN, JARAHI, REHMAN MARKAZ, SAMMAR ZAR, MADINA TOWN, ADIALA, GORKPUR, BACK AIRPORT, HIGHWAY""']}",Transport
687201,"What are the stops on the route that goes to RAHIMABAD
","{'answer_start': [31553], 'text': ['""KHANA PUL, KARAL CHOWK, FAZAL TOWN, AIRPORT, RAHIMABAD, AMAR CHOWK, ADIALA ROAD, KHAWAJA CORPORATION, MUBBARIK LANE, DHAMA SYEDAN, ALI TOWN, DHOKE RAJGAN, JARAHI, REHMAN MARKAZ, SAMMAR ZAR, MADINA TOWN, ADIALA, GORKPUR, BACK AIRPORT, HIGHWAY""']}",Transport
687192,"What are the stops on the route that goes to REHMAN MARKAZ
","{'answer_start': [26114], 'text': ['""KHANA PUL, KARAL CHOWK, FAZAL TOWN, AIRPORT, RAHIMABAD, AMAR CHOWK, ADIALA ROAD, KHAWAJA CORPORATION, MUBBARIK LANE, DHAMA SYEDAN, ALI TOWN, DHOKE RAJGAN, JARAHI, REHMAN MARKAZ, SAMMAR ZAR, MADINA TOWN, ADIALA, GORKPUR, BACK AIRPORT, HIGHWAY""']}",Transport
687158,"What is the contact number for the driver of Route 50?
","{'answer_start': [26064], 'text': ['0332-0563789']}",Transport
687211,"What is the name of the driver for the bus that goes to ADIALA
","{'answer_start': [26049], 'text': ['Muhammad Adeel']}",Transport
687144,"What is the name of the driver for the bus that goes to ADIALA ROAD
","{'answer_start': [26049], 'text': ['Muhammad Adeel']}",Transport
687151,"What is the name of the driver for the bus that goes to Adyala road Rawalpindi
","{'answer_start': [26049], 'text': ['Muhammad Adeel']}",Transport
687146,What is the name of the driver for the bus that goes to AIRPORT,"{'answer_start': [26049], 'text': ['Muhammad Adeel']}",Transport
687139,"What is the name of the driver for the bus that goes to ALI TOWN
","{'answer_start': [26049], 'text': ['Muhammad Adeel']}",Transport
687145,"What is the name of the driver for the bus that goes to AMAR CHOWK
","{'answer_start': [26049], 'text': ['Muhammad Adeel']}",Transport
687208,"What is the name of the driver for the bus that goes to BACK AIRPORT
","{'answer_start': [26049], 'text': ['Muhammad Adeel']}",Transport
687141,"What is the name of the driver for the bus that goes to DHAMA SYEDAN
","{'answer_start': [26049], 'text': ['Muhammad Adeel']}",Transport
687148,"What is the name of the driver for the bus that goes to FAZAL TOWN
","{'answer_start': [26049], 'text': ['Muhammad Adeel']}",Transport
687138,"What is the name of the driver for the bus that goes to DHOKE RAJGAN
","{'answer_start': [26049], 'text': ['Muhammad Adeel']}",Transport
687209,"What is the name of the driver for the bus that goes to GORKPUR
","{'answer_start': [26049], 'text': ['Muhammad Adeel']}",Transport
687207,"What is the name of the driver for the bus that goes to HIGHWAY
","{'answer_start': [26049], 'text': ['Muhammad Adeel']}",Transport
687137,"What is the name of the driver for the bus that goes to JARAHI
","{'answer_start': [26049], 'text': ['Muhammad Adeel']}",Transport
687149,"What is the name of the driver for the bus that goes to KARAL CHOWK
","{'answer_start': [26049], 'text': ['Muhammad Adeel']}",Transport
687150,"What is the name of the driver for the bus that goes to KHANA PUL
","{'answer_start': [26049], 'text': ['Muhammad Adeel']}",Transport
687142,"What is the name of the driver for the bus that goes to KHAWAJA CORPORATION
","{'answer_start': [26049], 'text': ['Muhammad Adeel']}",Transport
687143,"What is the name of the driver for the bus that goes to KHAWAJA CORPORATION
","{'answer_start': [26049], 'text': ['Muhammad Adeel']}",Transport
687213,"What is the name of the driver for the bus that goes to MADINA TOWN
","{'answer_start': [26049], 'text': ['Muhammad Adeel']}",Transport
687246,"What is the vehicle number for the bus that goes to RAHIMABAD
","{'answer_start': [26042], 'text': ['GH-142']}",Transport
687236,"What is the vehicle number for the bus that goes to REHMAN MARKAZ
","{'answer_start': [26042], 'text': ['GH-142']}",Transport
687235,"What is the vehicle number for the bus that goes to SAMMAR ZAR
","{'answer_start': [26042], 'text': ['GH-142']}",Transport
687241,"What is the vehicle number for the bus that goes to MUBBARIK LANE
","{'answer_start': [26042], 'text': ['GH-142']}",Transport
687234,"What is the vehicle number for the bus that goes to MADINA TOWN
","{'answer_start': [26042], 'text': ['GH-142']}",Transport
687242,"What is the vehicle number for the bus that goes to KHAWAJA CORPORATION
","{'answer_start': [26042], 'text': ['GH-142']}",Transport
687249,"What is the vehicle number for the bus that goes to KARAL CHOWK
","{'answer_start': [26042], 'text': ['GH-142']}",Transport
687237,"What is the vehicle number for the bus that goes to JARAHI
","{'answer_start': [26042], 'text': ['GH-142']}",Transport
687229,"What is the vehicle number for the bus that goes to HIGHWAY
","{'answer_start': [26042], 'text': ['GH-142']}",Transport
687248,"What is the vehicle number for the bus that goes to FAZAL TOWN
","{'answer_start': [26042], 'text': ['GH-142']}",Transport
687231,"What is the vehicle number for the bus that goes to GORKPUR
","{'answer_start': [26042], 'text': ['GH-142']}",Transport
687238,"What is the vehicle number for the bus that goes to DHOKE RAJGAN
","{'answer_start': [26042], 'text': ['GH-142']}",Transport
687240,"What is the vehicle number for the bus that goes to DHAMA SYEDAN
","{'answer_start': [26042], 'text': ['GH-142']}",Transport
687230,"What is the vehicle number for the bus that goes to BACK AIRPORT
","{'answer_start': [26042], 'text': ['GH-142']}",Transport
687245,"What is the vehicle number for the bus that goes to AMAR CHOWK
","{'answer_start': [26042], 'text': ['GH-142']}",Transport
687239,"What is the vehicle number for the bus that goes to ALI TOWN
","{'answer_start': [26042], 'text': ['GH-142']}",Transport
687247,"What is the vehicle number for the bus that goes to AIRPORT
","{'answer_start': [26042], 'text': ['GH-142']}",Transport
687222,"What is the vehicle number for the bus that goes to Adyala road Rawalpindi
","{'answer_start': [26042], 'text': ['GH-142']}",Transport
687244,"What is the vehicle number for the bus that goes to ADIALA ROAD
","{'answer_start': [26042], 'text': ['GH-142']}",Transport
687233,"What is the vehicle number for the bus that goes to ADIALA
","{'answer_start': [26042], 'text': ['GH-142']}",Transport
687226,"What is the contact number for the driver of the bus that goes to KHANA PUL
","{'answer_start': [26064], 'text': ['0332-0563789']}",Transport
687225,"What is the contact number for the driver of the bus that goes to KARAL CHOWK
","{'answer_start': [26064], 'text': ['0332-0563789']}",Transport
687224,"What is the contact number for the driver of the bus that goes to FAZAL TOWN
","{'answer_start': [26064], 'text': ['0332-0563789']}",Transport
687223,"What is the contact number for the driver of the bus that goes to AIRPORT
","{'answer_start': [26064], 'text': ['0332-0563789']}",Transport
687227,"What is the contact number for the driver of the bus that goes to Adyala road Rawalpindi
","{'answer_start': [26064], 'text': ['0332-0563789']}",Transport
687200,"What are the stops on the route that goes to AMAR CHOWK
","{'answer_start': [25798], 'text': ['""KHANA PUL, KARAL CHOWK, FAZAL TOWN, AIRPORT, RAHIMABAD, AMAR CHOWK, ADIALA ROAD, KHAWAJA CORPORATION, MUBBARIK LANE, DHAMA SYEDAN, ALI TOWN, DHOKE RAJGAN, JARAHI, REHMAN MARKAZ, SAMMAR ZAR, MADINA TOWN, ADIALA, GORKPUR, BACK AIRPORT, HIGHWAY""']}",Transport
687195,"What are the stops on the route that goes to ALI TOWN
","{'answer_start': [25798], 'text': ['""KHANA PUL, KARAL CHOWK, FAZAL TOWN, AIRPORT, RAHIMABAD, AMAR CHOWK, ADIALA ROAD, KHAWAJA CORPORATION, MUBBARIK LANE, DHAMA SYEDAN, ALI TOWN, DHOKE RAJGAN, JARAHI, REHMAN MARKAZ, SAMMAR ZAR, MADINA TOWN, ADIALA, GORKPUR, BACK AIRPORT, HIGHWAY""']}",Transport
687147,"What is the name of the driver for the bus that goes to RAHIMABAD
","{'answer_start': [26049], 'text': ['Muhammad Adeel']}",Transport
687136,"What is the name of the driver for the bus that goes to REHMAN MARKAZ
","{'answer_start': [26049], 'text': ['Muhammad Adeel']}",Transport
687135,"What is the name of the driver for the bus that goes to SAMMAR ZAR
","{'answer_start': [26049], 'text': ['Muhammad Adeel']}",Transport
687154,"What is the name of the driver for the bus with vehicle number GH-142?
","{'answer_start': [26049], 'text': ['Muhammad Adeel']}",Transport
687168,"What is the route number for the bus that goes to CHAKLALA SCHEME-III
","{'answer_start': [26049], 'text': ['Muhammad Adeel']}",Transport
687202,"What are the stops on the route that goes to AIRPORT
","{'answer_start': [25798], 'text': ['""KHANA PUL, KARAL CHOWK, FAZAL TOWN, AIRPORT, RAHIMABAD, AMAR CHOWK, ADIALA ROAD, KHAWAJA CORPORATION, MUBBARIK LANE, DHAMA SYEDAN, ALI TOWN, DHOKE RAJGAN, JARAHI, REHMAN MARKAZ, SAMMAR ZAR, MADINA TOWN, ADIALA, GORKPUR, BACK AIRPORT, HIGHWAY""']}",Transport
687206,"What are the stops on the route that goes to Adyala road Rawalpindi
","{'answer_start': [25798], 'text': ['""KHANA PUL, KARAL CHOWK, FAZAL TOWN, AIRPORT, RAHIMABAD, AMAR CHOWK, ADIALA ROAD, KHAWAJA CORPORATION, MUBBARIK LANE, DHAMA SYEDAN, ALI TOWN, DHOKE RAJGAN, JARAHI, REHMAN MARKAZ, SAMMAR ZAR, MADINA TOWN, ADIALA, GORKPUR, BACK AIRPORT, HIGHWAY""']}",Transport
687165,"What are the stops on Route 50?
","{'answer_start': [25798], 'text': ['""KHANA PUL, KARAL CHOWK, FAZAL TOWN, AIRPORT, RAHIMABAD, AMAR CHOWK, ADIALA ROAD, KHAWAJA CORPORATION, MUBBARIK LANE, DHAMA SYEDAN, ALI TOWN, DHOKE RAJGAN, JARAHI, REHMAN MARKAZ, SAMMAR ZAR, MADINA TOWN, ADIALA, GORKPUR, BACK AIRPORT, HIGHWAY""']}",Transport
687163,"What are the stops on Route 50?
","{'answer_start': [25798], 'text': ['""KHANA PUL, KARAL CHOWK, FAZAL TOWN, AIRPORT, RAHIMABAD, AMAR CHOWK, ADIALA ROAD, KHAWAJA CORPORATION, MUBBARIK LANE, DHAMA SYEDAN, ALI TOWN, DHOKE RAJGAN, JARAHI, REHMAN MARKAZ, SAMMAR ZAR, MADINA TOWN, ADIALA, GORKPUR, BACK AIRPORT, HIGHWAY""']}",Transport
687156,"What is the route number for the bus with vehicle number GH-142?
","{'answer_start': [260707], 'text': ['Route 50']}",Transport
687162,"What is the vehicle number for Route 50?
","{'answer_start': [26042], 'text': ['GH-142\n']}",Transport
687160,"Who is the driver for Route 50?
","{'answer_start': [26049], 'text': ['Muhammad Adeel']}",Transport
687579,"What is the contact number for the driver of the bus that goes to KHAWAJA CORPORATION
","{'answer_start': [32204], 'text': ['0332-0563789']}",Transport
687574,"What is the contact number for the driver of the bus that goes to JARAHI
","{'answer_start': [32204], 'text': ['0332-0563789']}",Transport
687567,"What is the contact number for the driver of the bus that goes to HIGHWAY
","{'answer_start': [32204], 'text': ['0332-0563789']}",Transport
687569,"What is the contact number for the driver of the bus that goes to GORKPUR
","{'answer_start': [32204], 'text': ['0332-0563789']}",Transport
687575,"What is the contact number for the driver of the bus that goes to DHOKE RAJGAN
","{'answer_start': [32204], 'text': ['0332-0563789']}",Transport
687577,"What is the contact number for the driver of the bus that goes to DHAMA SYEDAN
","{'answer_start': [32204], 'text': ['0332-0563789']}",Transport
687568,"What is the contact number for the driver of the bus that goes to BACK AIRPORT
","{'answer_start': [32204], 'text': ['0332-0563789']}",Transport
687581,"What is the contact number for the driver of the bus that goes to AMAR CHOWK
","{'answer_start': [32204], 'text': ['0332-0563789']}",Transport
687576,"What is the contact number for the driver of the bus that goes to ALI TOWN
","{'answer_start': [32204], 'text': ['0332-0563789']}",Transport
687580,"What is the contact number for the driver of the bus that goes to ADIALA ROAD
","{'answer_start': [32204], 'text': ['0332-0563789']}",Transport
687570,"What is the contact number for the driver of the bus that goes to ADIALA
","{'answer_start': [32204], 'text': ['0332-0563789']}",Transport
687571,"What is the contact number for the driver of the bus that goes to MADINA TOWN
","{'answer_start': [32204], 'text': ['0332-0563789']}",Transport
687578,"What is the contact number for the driver of the bus that goes to MUBBARIK LANE
","{'answer_start': [32204], 'text': ['0332-0563789']}",Transport
687582,"What is the contact number for the driver of the bus that goes to RAHIMABAD
","{'answer_start': [32204], 'text': ['0332-0563789']}",Transport
687573,"What is the contact number for the driver of the bus that goes to REHMAN MARKAZ
","{'answer_start': [32204], 'text': ['0332-0563789']}",Transport
687572,"What is the contact number for the driver of the bus that goes to SAMMAR ZAR
","{'answer_start': [32204], 'text': ['0332-0563789']}",Transport
687155,"What is the contact number for the driver of the bus with vehicle number GH-142?
","{'answer_start': [32204], 'text': ['0332-0563789']}",Transport
687560,"What is the route number for the bus that goes to ADIALA ROAD
","{'answer_start': [32217], 'text': ['Route 50']}",Transport
687566,"What is the route number for the bus that goes to Adyala road Rawalpindi
","{'answer_start': [32226], 'text': ['Route 50']}",Transport
687634,"What are the stops on the route that goes to TRAMRI
","{'answer_start': [34066], 'text': ['""TRAMRI, RAWAL DAM, DHOKRI PUMP, KASHMIR HIGHWAY, 26 NO. MOTORWAY CHOWK, TARNOL, WAH GARDEN, TAXILA, HMC ROAD, NDC PARKING""']}",Transport
687562,"What is the route number for the bus that goes to AIRPORT
","{'answer_start': [32235], 'text': ['Route 50']}",Transport
687556,"What is the route number for the bus that goes to ALI TOWN
","{'answer_start': [32244], 'text': ['Route 50']}",Transport
687554,"What is the route number for the bus that goes to AMAR CHOWK
","{'answer_start': [32253], 'text': ['Route 50']}",Transport
6875507,"What is the route number for the bus that goes to DHAMA SYEDAN
","{'answer_start': [32217], 'text': ['Route 50']}",Transport
687628,"What are the stops on the route that goes to  WAH GARDEN
","{'answer_start': [34066], 'text': ['""TRAMRI, RAWAL DAM, DHOKRI PUMP, KASHMIR HIGHWAY, 26 NO. MOTORWAY CHOWK, TARNOL, WAH GARDEN, TAXILA, HMC ROAD, NDC PARKING""']}",Transport
687637,"What is the name of the driver for the bus that goes to HMC ROAD
","{'answer_start': [32816], 'text': ['AFZAL ALI']}",Transport
687636,"What is the name of the driver for the bus that goes to NDC PARKING
","{'answer_start': [32816], 'text': ['AFZAL ALI']}",Transport
687645,"What is the vehicle number for the bus that goes to 26 NO. MOTORWAY CHOWK
","{'answer_start': [34190], 'text': ['GE-792']}",Transport
687647,"What is the vehicle number for the bus that goes to DHOKRI PUMP
","{'answer_start': [34190], 'text': ['GE-792']}",Transport
687555,"What is the route number for the bus that goes to DHOKE RAJGAN
","{'answer_start': [32235], 'text': ['Route 50']}",Transport
687563,"What is the route number for the bus that goes to FAZAL TOWN
","{'answer_start': [32226], 'text': ['Route 50']}",Transport
687564,"What is the route number for the bus that goes to KARAL CHOWK
","{'answer_start': [32217], 'text': ['Route 50']}",Transport
687565,What is the route number for the bus that goes to KHANA PUL,"{'answer_start': [32217], 'text': ['Route 50']}",Transport
687559,"What is the route number for the bus that goes to KHAWAJA CORPORATION
","{'answer_start': [322170], 'text': ['Route 50']}",Transport
687558,"What is the route number for the bus that goes to MUBBARIK LANE
","{'answer_start': [302217], 'text': ['Route 50']}",Transport
687561,"What is the route number for the bus that goes to RAHIMABAD
","{'answer_start': [322017], 'text': ['Route 50']}",Transport
687604,"What is the route number for the bus that goes to MADINA TOWN
","{'answer_start': [323907], 'text': ['Route 50']}",Transport
687607,"What is the route number for the bus that goes to JARAHI
","{'answer_start': [323970], 'text': ['Route 50']}",Transport
687599,"What is the route number for the bus that goes to HIGHWAY
","{'answer_start': [32397], 'text': ['Route 50']}",Transport
687606,"What is the route number for the bus that goes to REHMAN MARKAZ
","{'answer_start': [32397], 'text': ['Route 50']}",Transport
687605,"What is the route number for the bus that goes to SAMMAR ZAR
","{'answer_start': [323970], 'text': ['Route 50']}",Transport
687602,"What is the route number for the bus that goes to GORKPUR
","{'answer_start': [32397], 'text': ['Route 50']}",Transport
687600,"What is the route number for the bus that goes to BACK AIRPORT
","{'answer_start': [323907], 'text': ['Route 50']}",Transport
687603,"What is the route number for the bus that goes to ADIALA
","{'answer_start': [32397], 'text': ['Route 50']}",Transport
687593,"What is the name of the driver for the bus with vehicle number GE-792?
","{'answer_start': [32716], 'text': ['AFZAL ALI']}",Transport
687583,"What is the name of the driver for the bus that goes to  WAH GARDEN
","{'answer_start': [32716], 'text': ['AFZAL ALI']}",Transport
687590,"What is the name of the driver for the bus that goes to TRAMRI
","{'answer_start': [32716], 'text': ['AFZAL ALI']}",Transport
687591,"What is the name of the driver for the bus that goes to Taxila/Wah
","{'answer_start': [32716], 'text': ['AFZAL ALI']}",Transport
687584,"What is the name of the driver for the bus that goes to TAXILA
","{'answer_start': [32716], 'text': ['AFZAL ALI']}",Transport
687585,"What is the name of the driver for the bus that goes to TARNOL
","{'answer_start': [32716], 'text': ['AFZAL ALI']}",Transport
687589,"What is the name of the driver for the bus that goes to RAWAL DAM
","{'answer_start': [32716], 'text': ['AFZAL ALI']}",Transport
687587,"What is the name of the driver for the bus that goes to KASHMIR HIGHWAY
","{'answer_start': [32716], 'text': ['AFZAL ALI']}",Transport
687588,"What is the name of the driver for the bus that goes to DHOKRI PUMP
","{'answer_start': [32716], 'text': ['AFZAL ALI']}",Transport
687586,"What is the name of the driver for the bus that goes to 26 NO. MOTORWAY CHOWK
","{'answer_start': [32716], 'text': ['AFZAL ALI']}",Transport
687594,"What is the contact number for the driver of the bus with vehicle number GE-792?
","{'answer_start': [32569], 'text': ['0300-9718750']}",Transport
687595,"What is the contact number for the driver of Route 51?
","{'answer_start': [32547], 'text': ['0300-9718750']}",Transport
687592,"What are the stops on the route for the bus with vehicle number GE-792?
","{'answer_start': [324006], 'text': ['""TRAMRI, RAWAL DAM, DHOKRI PUMP, KASHMIR HIGHWAY, 26 NO. MOTORWAY CHOWK, TARNOL, WAH GARDEN, TAXILA, HMC ROAD, NDC PARKING""']}",Transport
687598,"What are the stops on Route 51?
","{'answer_start': [32406], 'text': ['""TRAMRI, RAWAL DAM, DHOKRI PUMP, KASHMIR HIGHWAY, 26 NO. MOTORWAY CHOWK, TARNOL, WAH GARDEN, TAXILA, HMC ROAD, NDC PARKING""']}",Transport
687609,"What is the name of the driver for the bus with vehicle number GE-792?
","{'answer_start': [32716], 'text': ['AFZAL ALI']}",Transport
687597,"What is the vehicle number for Route 51?
","{'answer_start': [32530], 'text': ['GE-792']}",Transport
687610,"What is the contact number for the driver of the bus that goes to Taxila/Wah
","{'answer_start': [34267], 'text': ['0300-9718750']}",Transport
687631,"What are the stops on the route that goes to 26 NO. MOTORWAY CHOWK
","{'answer_start': [34066], 'text': ['""TRAMRI, RAWAL DAM, DHOKRI PUMP, KASHMIR HIGHWAY, 26 NO. MOTORWAY CHOWK, TARNOL, WAH GARDEN, TAXILA, HMC ROAD, NDC PARKING""']}",Transport
687633,"What are the stops on the route that goes to DHOKRI PUMP
","{'answer_start': [34066], 'text': ['""TRAMRI, RAWAL DAM, DHOKRI PUMP, KASHMIR HIGHWAY, 26 NO. MOTORWAY CHOWK, TARNOL, WAH GARDEN, TAXILA, HMC ROAD, NDC PARKING""']}",Transport
687626,"What are the stops on the route that goes to HMC ROAD
","{'answer_start': [34066], 'text': ['""TRAMRI, RAWAL DAM, DHOKRI PUMP, KASHMIR HIGHWAY, 26 NO. MOTORWAY CHOWK, TARNOL, WAH GARDEN, TAXILA, HMC ROAD, NDC PARKING""']}",Transport
687632,"What are the stops on the route that goes to KASHMIR HIGHWAY
","{'answer_start': [34066], 'text': ['""TRAMRI, RAWAL DAM, DHOKRI PUMP, KASHMIR HIGHWAY, 26 NO. MOTORWAY CHOWK, TARNOL, WAH GARDEN, TAXILA, HMC ROAD, NDC PARKING""']}",Transport
687625,"What are the stops on the route that goes to NDC PARKING
","{'answer_start': [34066], 'text': ['""TRAMRI, RAWAL DAM, DHOKRI PUMP, KASHMIR HIGHWAY, 26 NO. MOTORWAY CHOWK, TARNOL, WAH GARDEN, TAXILA, HMC ROAD, NDC PARKING""']}",Transport
687638,"What are the stops on the route that goes to RAWAL DAM
","{'answer_start': [34066], 'text': ['""TRAMRI, RAWAL DAM, DHOKRI PUMP, KASHMIR HIGHWAY, 26 NO. MOTORWAY CHOWK, TARNOL, WAH GARDEN, TAXILA, HMC ROAD, NDC PARKING""']}",Transport
687630,"What are the stops on the route that goes to TARNOL
","{'answer_start': [34066], 'text': ['""TRAMRI, RAWAL DAM, DHOKRI PUMP, KASHMIR HIGHWAY, 26 NO. MOTORWAY CHOWK, TARNOL, WAH GARDEN, TAXILA, HMC ROAD, NDC PARKING""']}",Transport
687629,"What are the stops on the route that goes to TAXILA
","{'answer_start': [34066], 'text': ['""TRAMRI, RAWAL DAM, DHOKRI PUMP, KASHMIR HIGHWAY, 26 NO. MOTORWAY CHOWK, TARNOL, WAH GARDEN, TAXILA, HMC ROAD, NDC PARKING""']}",Transport
687635,"What are the stops on the route that goes to Taxila/Wah
","{'answer_start': [34066], 'text': ['""TRAMRI, RAWAL DAM, DHOKRI PUMP, KASHMIR HIGHWAY, 26 NO. MOTORWAY CHOWK, TARNOL, WAH GARDEN, TAXILA, HMC ROAD, NDC PARKING""']}",Transport
688814,What is the vehicle number for the bus that goes to Taxila/Wah,"{'answer_start': [34190], 'text': ['GE-792\n']}",Transport
688815,What is the vehicle number for the bus that goes to TRAMRI,"{'answer_start': [34197], 'text': ['GE-792']}",Transport
689651,"What is the route number for the bus that goes to RAWAL DAM
","{'answer_start': [34410], 'text': ['Route 51']}",Transport
689647,"What is the route number for the bus that goes to TARNOL
","{'answer_start': [34410], 'text': ['Route 51']}",Transport
689646,"What is the route number for the bus that goes to TAXILA
","{'answer_start': [34410], 'text': ['Route 51']}",Transport
689644,"What is the route number for the bus that goes to HMC ROAD
","{'answer_start': [34410], 'text': ['Route 51']}",Transport
689643,"What is the route number for the bus that goes to NDC PARKING
","{'answer_start': [34410], 'text': ['Route 51']}",Transport
689649,"What is the route number for the bus that goes to KASHMIR HIGHWAY
","{'answer_start': [34410], 'text': ['Route 51']}",Transport
689653,"What is the route number for the bus that goes to Taxila/Wah
","{'answer_start': [34410], 'text': ['Route 51']}",Transport
689652,"What is the route number for the bus that goes to TRAMRI
","{'answer_start': [34410], 'text': ['Route 51']}",Transport
689626,"What is the contact number for the driver of the bus that goes to Taxila/Wah
","{'answer_start': [34267], 'text': ['0300-9718750']}",Transport
689625,"What is the contact number for the driver of the bus that goes to TRAMRI
","{'answer_start': [34267], 'text': ['0300-9718750']}",Transport
689632,"What is the vehicle number for the bus that goes to 26 NO. MOTORWAY CHOWK
","{'answer_start': [34260], 'text': ['GE-792']}",Transport
689634,"What is the vehicle number for the bus that goes to DHOKRI PUMP
","{'answer_start': [34260], 'text': ['GE-792']}",Transport
689628,"What is the vehicle number for the bus that goes to HMC ROAD
","{'answer_start': [34260], 'text': ['GE-792']}",Transport
689633,"What is the vehicle number for the bus that goes to KASHMIR HIGHWAY
","{'answer_start': [34260], 'text': ['GE-792']}",Transport
689627,"What is the vehicle number for the bus that goes to NDC PARKING
","{'answer_start': [34260], 'text': ['GE-792']}",Transport
689635,"What is the vehicle number for the bus that goes to RAWAL DAM
","{'answer_start': [34260], 'text': ['GE-792']}",Transport
689631,"What is the vehicle number for the bus that goes to TARNOL
","{'answer_start': [34260], 'text': ['GE-792']}",Transport
689630,"What is the vehicle number for the bus that goes to TAXILA
","{'answer_start': [34253], 'text': ['GE-792']}",Transport
689637,"What is the vehicle number for the bus that goes to Taxila/Wah
","{'answer_start': [34246], 'text': ['GE-792']}",Transport
689636,"What is the vehicle number for the bus that goes to TRAMRI
","{'answer_start': [34253], 'text': ['GE-792']}",Transport
689629,"What is the vehicle number for the bus that goes to  WAH GARDEN
","{'answer_start': [304253], 'text': ['GE-792']}",Transport
689642,"What are the stops on Route 52?
","{'answer_start': [34509], 'text': ['""SADDAR, RAILWAY STATION ROAD, TAJ COMPANY, LIAQAT BAGH, COMMITTEE CHOWK, WARIS KHAN, CHANDNI CHOWK, REHMANABAD,SHAMSABAD, FAIZABAD, MARGALLA TOWN,RAWAL DAM, SITE OFFICE""']}",Transport
689639,"What is the contact number for the driver of Route 52?
","{'answer_start': [34705], 'text': ['0300-9831027']}",Transport
689659,"What is the contact number for the driver of the bus that goes to 26 NO. MOTORWAY CHOWK
","{'answer_start': [34397], 'text': ['0300-9718750']}",Transport
689661,"What is the contact number for the driver of the bus that goes to DHOKRI PUMP
","{'answer_start': [34397], 'text': ['0300-9718750']}",Transport
689655,"What is the contact number for the driver of the bus that goes to HMC ROAD
","{'answer_start': [34397], 'text': ['0300-9718750']}",Transport
689660,"What is the contact number for the driver of the bus that goes to KASHMIR HIGHWAY
","{'answer_start': [34397], 'text': ['0300-9718750']}",Transport
689654,"What is the contact number for the driver of the bus that goes to NDC PARKING
","{'answer_start': [34397], 'text': ['0300-9718750']}",Transport
689662,"What is the contact number for the driver of the bus that goes to RAWAL DAM
","{'answer_start': [34397], 'text': ['0300-9718750']}",Transport
689658,"What is the contact number for the driver of the bus that goes to TARNOL
","{'answer_start': [34397], 'text': ['0300-9718750']}",Transport
689657,"What is the contact number for the driver of the bus that goes to TAXILA
","{'answer_start': [34397], 'text': ['0300-9718750']}",Transport
689656,"What is the contact number for the driver of the bus that goes to  WAH GARDEN
","{'answer_start': [34397], 'text': ['0300-9718750']}",Transport
689648,"What is the route number for the bus that goes to 26 NO. MOTORWAY CHOWK
","{'answer_start': [34397], 'text': ['0300-9718750']}",Transport
689650,"What is the route number for the bus that goes to DHOKRI PUMP
","{'answer_start': [34397], 'text': ['0300-9718750']}",Transport
689645,"What is the route number for the bus that goes to  WAH GARDEN
","{'answer_start': [34410], 'text': ['Route 51']}",Transport
689638,"What is the route number for the bus with vehicle number IDF-4031?
","{'answer_start': [34410], 'text': ['Route 51']}",Transport
6089641,"What is the vehicle number for Route 52?
","{'answer_start': [34680], 'text': ['IDF-4031']}",Transport
689640,"Who is the driver for Route 52?
","{'answer_start': [34927], 'text': ['HAMAYUN MEHMOOD']}",Transport
689684,"What are the stops on the route for the bus with vehicle number IDF-4031?
","{'answer_start': [34756], 'text': ['""SADDAR, RAILWAY STATION ROAD, TAJ COMPANY, LIAQAT BAGH, COMMITTEE CHOWK, WARIS KHAN, CHANDNI CHOWK, REHMANABAD,SHAMSABAD, FAIZABAD, MARGALLA TOWN,RAWAL DAM, SITE OFFICE""']}",Transport
689663,"What are the stops on the route that goes to CHANDNI CHOWK
","{'answer_start': [34756], 'text': ['""SADDAR, RAILWAY STATION ROAD, TAJ COMPANY, LIAQAT BAGH, COMMITTEE CHOWK, WARIS KHAN, CHANDNI CHOWK, REHMANABAD,SHAMSABAD, FAIZABAD, MARGALLA TOWN,RAWAL DAM, SITE OFFICE""']}",Transport
689665,"What are the stops on the route that goes to COMMITTEE CHOWK
","{'answer_start': [34756], 'text': ['""SADDAR, RAILWAY STATION ROAD, TAJ COMPANY, LIAQAT BAGH, COMMITTEE CHOWK, WARIS KHAN, CHANDNI CHOWK, REHMANABAD,SHAMSABAD, FAIZABAD, MARGALLA TOWN,RAWAL DAM, SITE OFFICE""']}",Transport
689666,"What are the stops on the route that goes to LIAQAT BAGH
","{'answer_start': [34756], 'text': ['""SADDAR, RAILWAY STATION ROAD, TAJ COMPANY, LIAQAT BAGH, COMMITTEE CHOWK, WARIS KHAN, CHANDNI CHOWK, REHMANABAD,SHAMSABAD, FAIZABAD, MARGALLA TOWN,RAWAL DAM, SITE OFFICE""']}",Transport
689668,"What are the stops on the route that goes to RAILWAY STATION ROAD
","{'answer_start': [34756], 'text': ['""SADDAR, RAILWAY STATION ROAD, TAJ COMPANY, LIAQAT BAGH, COMMITTEE CHOWK, WARIS KHAN, CHANDNI CHOWK, REHMANABAD,SHAMSABAD, FAIZABAD, MARGALLA TOWN,RAWAL DAM, SITE OFFICE""']}",Transport
689670,"What are the stops on the route that goes to Rawalpindi
","{'answer_start': [34756], 'text': ['""SADDAR, RAILWAY STATION ROAD, TAJ COMPANY, LIAQAT BAGH, COMMITTEE CHOWK, WARIS KHAN, CHANDNI CHOWK, REHMANABAD,SHAMSABAD, FAIZABAD, MARGALLA TOWN,RAWAL DAM, SITE OFFICE""']}",Transport
689669,"What are the stops on the route that goes to SADDAR
","{'answer_start': [34756], 'text': ['""SADDAR, RAILWAY STATION ROAD, TAJ COMPANY, LIAQAT BAGH, COMMITTEE CHOWK, WARIS KHAN, CHANDNI CHOWK, REHMANABAD,SHAMSABAD, FAIZABAD, MARGALLA TOWN,RAWAL DAM, SITE OFFICE""']}",Transport
689667,"What are the stops on the route that goes to TAJ COMPANY
","{'answer_start': [34756], 'text': ['""SADDAR, RAILWAY STATION ROAD, TAJ COMPANY, LIAQAT BAGH, COMMITTEE CHOWK, WARIS KHAN, CHANDNI CHOWK, REHMANABAD,SHAMSABAD, FAIZABAD, MARGALLA TOWN,RAWAL DAM, SITE OFFICE""']}",Transport
689664,"What are the stops on the route that goes to WARIS KHAN
","{'answer_start': [34756], 'text': ['""SADDAR, RAILWAY STATION ROAD, TAJ COMPANY, LIAQAT BAGH, COMMITTEE CHOWK, WARIS KHAN, CHANDNI CHOWK, REHMANABAD,SHAMSABAD, FAIZABAD, MARGALLA TOWN,RAWAL DAM, SITE OFFICE""']}",Transport
689686,"What is the contact number for the driver of the bus with vehicle number IDF-4031?
","{'answer_start': [34705], 'text': ['0300-9831027']}",Transport
689677,"What is the name of the driver for the bus that goes to CHANDNI CHOWK
","{'answer_start': [34689], 'text': ['HAMAYUN MEHMOOD']}",Transport
689680,"What is the name of the driver for the bus that goes to COMMITTEE CHOWK
","{'answer_start': [34927], 'text': ['HAMAYUN MEHMOOD']}",Transport
689674,"What is the name of the driver for the bus that goes to FAIZABAD
","{'answer_start': [34927], 'text': ['HAMAYUN MEHMOOD']}",Transport
689679,"What is the name of the driver for the bus that goes to LIAQAT BAGH
","{'answer_start': [34959], 'text': ['HAMAYUN MEHMOOD']}",Transport
689672,"What is the name of the driver for the bus that goes to MARGALLA TOWN
","{'answer_start': [34959], 'text': ['HAMAYUN MEHMOOD']}",Transport
689682,"What is the name of the driver for the bus that goes to RAILWAY STATION ROAD
","{'answer_start': [34975], 'text': ['HAMAYUN MEHMOOD']}",Transport
689673,"What is the name of the driver for the bus that goes to RAWAL DAM
","{'answer_start': [34991], 'text': ['HAMAYUN MEHMOOD']}",Transport
689676,"What is the name of the driver for the bus that goes to  REHMANABAD
","{'answer_start': [34975], 'text': ['HAMAYUN MEHMOOD']}",Transport
689683,"What is the name of the driver for the bus that goes to SADDAR
","{'answer_start': [34975], 'text': ['HAMAYUN MEHMOOD']}",Transport
689675,"What is the name of the driver for the bus that goes to SHAMSABAD
","{'answer_start': [34975], 'text': ['HAMAYUN MEHMOOD']}",Transport
689671,"What is the name of the driver for the bus that goes to SITE OFFICE
","{'answer_start': [34959], 'text': ['HAMAYUN MEHMOOD']}",Transport
689681,"What is the name of the driver for the bus that goes to TAJ COMPANY
","{'answer_start': [349590], 'text': ['HAMAYUN MEHMOOD']}",Transport
689678,"What is the name of the driver for the bus that goes to WARIS KHAN
","{'answer_start': [34959], 'text': ['HAMAYUN MEHMOOD']}",Transport
689685,"What is the name of the driver for the bus with vehicle number IDF-4031?
","{'answer_start': [34975], 'text': ['HAMAYUN MEHMOOD']}",Transport
690476,"What is the name of the driver for the bus that goes to BANI GALA
","{'answer_start': [38134], 'text': ['Nafeez Ahmad']}",Transport
690484,"What is the contact number for the driver of the bus with vehicle number GF-235?
","{'answer_start': [38121], 'text': ['0346-5064841']}",Transport
690486,"What is the contact number for the driver of Route 53?
","{'answer_start': [38121], 'text': ['0346-5064841']}",Transport
690480,"What is the name of the driver for the bus that goes to AZIZ MARKET
","{'answer_start': [38134], 'text': ['Nafeez Ahmad']}",Transport
689687,"What is the contact number for the driver of the bus that goes to LIAQAT BAGH
","{'answer_start': [37671], 'text': ['0300-9831027']}",Transport
690435,"What are the stops on the route that goes to FAIZABAD
","{'answer_start': [37374], 'text': ['""SADDAR, RAILWAY STATION ROAD, TAJ COMPANY, LIAQAT BAGH, COMMITTEE CHOWK, WARIS KHAN, CHANDNI CHOWK, REHMANABAD,SHAMSABAD, FAIZABAD, MARGALLA TOWN,RAWAL DAM, SITE OFFICE""']}",Transport
690434,"What are the stops on the route that goes to MARGALLA TOWN
","{'answer_start': [37374], 'text': ['""SADDAR, RAILWAY STATION ROAD, TAJ COMPANY, LIAQAT BAGH, COMMITTEE CHOWK, WARIS KHAN, CHANDNI CHOWK, REHMANABAD,SHAMSABAD, FAIZABAD, MARGALLA TOWN,RAWAL DAM, SITE OFFICE""']}",Transport
690433,"What are the stops on the route that goes to RAWAL DAM
","{'answer_start': [37374], 'text': ['""SADDAR, RAILWAY STATION ROAD, TAJ COMPANY, LIAQAT BAGH, COMMITTEE CHOWK, WARIS KHAN, CHANDNI CHOWK, REHMANABAD,SHAMSABAD, FAIZABAD, MARGALLA TOWN,RAWAL DAM, SITE OFFICE""']}",Transport
690437,"What are the stops on the route that goes to  REHMANABAD
","{'answer_start': [37374], 'text': ['""SADDAR, RAILWAY STATION ROAD, TAJ COMPANY, LIAQAT BAGH, COMMITTEE CHOWK, WARIS KHAN, CHANDNI CHOWK, REHMANABAD,SHAMSABAD, FAIZABAD, MARGALLA TOWN,RAWAL DAM, SITE OFFICE""']}",Transport
690436,"What are the stops on the route that goes to SHAMSABAD
","{'answer_start': [34756], 'text': ['""SADDAR, RAILWAY STATION ROAD, TAJ COMPANY, LIAQAT BAGH, COMMITTEE CHOWK, WARIS KHAN, CHANDNI CHOWK, REHMANABAD,SHAMSABAD, FAIZABAD, MARGALLA TOWN,RAWAL DAM, SITE OFFICE""']}",Transport
690432,"What are the stops on the route that goes to SITE OFFICE
","{'answer_start': [37374], 'text': ['""SADDAR, RAILWAY STATION ROAD, TAJ COMPANY, LIAQAT BAGH, COMMITTEE CHOWK, WARIS KHAN, CHANDNI CHOWK, REHMANABAD,SHAMSABAD, FAIZABAD, MARGALLA TOWN,RAWAL DAM, SITE OFFICE""']}",Transport
690481,"What is the name of the driver for the bus that goes to Bhara Kahu, Islamabad
","{'answer_start': [38134], 'text': ['Nafeez Ahmad']}",Transport
690474,"What is the name of the driver for the bus that goes to DHOKRI
","{'answer_start': [38247], 'text': ['Nafeez Ahmad']}",Transport
690473,"What is the name of the driver for the bus that goes to  BHARA KAHU
","{'answer_start': [38134], 'text': ['Nafeez Ahmad']}",Transport
690477,"What is the name of the driver for the bus that goes to CHATHA BAKHTAWAR
","{'answer_start': [38134], 'text': ['Nafeez Ahmad']}",Transport
690475,"What is the name of the driver for the bus that goes to RAWAL DAM
","{'answer_start': [38247], 'text': ['Nafeez Ahmad']}",Transport
690479,"What is the name of the driver for the bus that goes to  SATRA MILE
","{'answer_start': [38247], 'text': ['Nafeez Ahmad']}",Transport
690478,"What is the name of the driver for the bus that goes to TRAMRI CHOWK
","{'answer_start': [38247], 'text': ['Nafeez Ahmad']}",Transport
690483,"What is the name of the driver for the bus with vehicle number GF-235?
","{'answer_start': [38247], 'text': ['Nafeez Ahmad']}",Transport
690485,"What is the route number for the bus with vehicle number GF-235?
","{'answer_start': [38112], 'text': ['Route 53']}",Transport
6904630,"What is the vehicle number for the bus that goes to Bhara Kahu, Islamabad
","{'answer_start': [38079], 'text': ['GF-235']}",Transport
690487,"Who is the driver for Route 53?
","{'answer_start': [38351], 'text': ['Nafeez Ahmad']}",Transport
690503,"What is the contact number for the driver of the bus that goes to AZIZ MARKET
","{'answer_start': [39431], 'text': ['0346-5064841']}",Transport
690499,"What is the contact number for the driver of the bus that goes to BANI GALA
","{'answer_start': [39431], 'text': ['0346-5064841']}",Transport
690496,"What is the contact number for the driver of the bus that goes to  BHARA KAHU
","{'answer_start': [39431], 'text': ['0346-5064841']}",Transport
690505,"What is the contact number for the driver of the bus that goes to Bhara Kahu, Islamabad
","{'answer_start': [39431], 'text': ['0346-5064841']}",Transport
690500,"What is the contact number for the driver of the bus that goes to CHATHA BAKHTAWAR
","{'answer_start': [39431], 'text': ['0346-5064841']}",Transport
690497,"What is the contact number for the driver of the bus that goes to DHOKRI
","{'answer_start': [39431], 'text': ['0346-5064841']}",Transport
690498,"What is the contact number for the driver of the bus that goes to RAWAL DAM
","{'answer_start': [39431], 'text': ['0346-5064841']}",Transport
690502,"What is the contact number for the driver of the bus that goes to  SATRA MILE
","{'answer_start': [39431], 'text': ['0346-5064841']}",Transport
690501,"What is the contact number for the driver of the bus that goes to TRAMRI CHOWK
","{'answer_start': [39431], 'text': ['0346-5064841']}",Transport
690494,"What is the route number for the bus that goes to AZIZ MARKET
","{'answer_start': [39444], 'text': ['Route 53']}",Transport
690490,"What is the route number for the bus that goes to BANI GALA
","{'answer_start': [39444], 'text': ['Route 53']}",Transport
690519,"What is the route number for the bus that goes to  BHARA KAHU
","{'answer_start': [39453], 'text': ['Route 53']}",Transport
690495,"What is the route number for the bus that goes to Bhara Kahu, Islamabad
","{'answer_start': [39462], 'text': ['Route 53']}",Transport
690491,"What is the route number for the bus that goes to CHATHA BAKHTAWAR
","{'answer_start': [39444], 'text': ['Route 53']}",Transport
690488,"What is the route number for the bus that goes to DHOKRI
","{'answer_start': [39453], 'text': ['Route 53']}",Transport
690489,"What is the route number for the bus that goes to RAWAL DAM
","{'answer_start': [39453], 'text': ['Route 53']}",Transport
690493,"What is the route number for the bus that goes to  SATRA MILE
","{'answer_start': [39453], 'text': ['Route 53']}",Transport
690492,"What is the route number for the bus that goes to TRAMRI CHOWK
","{'answer_start': [39453], 'text': ['Route 53']}",Transport
690517,"What is the vehicle number for the bus that goes to AZIZ MARKET
","{'answer_start': [39320], 'text': ['GF-235']}",Transport
690511,"What is the vehicle number for the bus that goes to BANI GALA
","{'answer_start': [39313], 'text': ['GF-235']}",Transport
690506,"What is the vehicle number for the bus that goes to  BHARA KAHU
","{'answer_start': [39313], 'text': ['GF-235']}",Transport
690513,"What is the vehicle number for the bus that goes to CHATHA BAKHTAWAR
","{'answer_start': [39306], 'text': ['GF-235']}",Transport
690508,"What is the vehicle number for the bus that goes to DHOKRI
","{'answer_start': [39306], 'text': ['GF-235']}",Transport
690509,"What is the vehicle number for the bus that goes to RAWAL DAM
","{'answer_start': [39320], 'text': ['GF-235']}",Transport
690516,"What is the vehicle number for the bus that goes to  SATRA MILE
","{'answer_start': [39320], 'text': ['GF-235']}",Transport
690514,"What is the vehicle number for the bus that goes to TRAMRI CHOWK
","{'answer_start': [39320], 'text': ['GF-235']}",Transport
690783,"What is the contact number for the driver of the bus that goes to  WESTRIDGE
","{'answer_start': [41874], 'text': ['0314-5289467']}",Transport
690413,"What is the contact number for the driver of the bus that goes to LIAQAT BAGH
","{'answer_start': [37671], 'text': ['0300-9831027']}",Transport
690415,"What is the contact number for the driver of the bus that goes to RAILWAY STATION ROAD
","{'answer_start': [37671], 'text': ['0300-9831027']}",Transport
690417,"What is the contact number for the driver of the bus that goes to Rawalpindi
","{'answer_start': [37671], 'text': ['0300-9831027']}",Transport
690416,"What is the contact number for the driver of the bus that goes to SADDAR
","{'answer_start': [37671], 'text': ['0300-9831027']}",Transport
690414,"What is the contact number for the driver of the bus that goes to TAJ COMPANY
","{'answer_start': [37671], 'text': ['0300-9831027']}",Transport
690424,"What is the vehicle number for the bus that goes to CHANDNI CHOWK
","{'answer_start': [37545], 'text': ['IDF-4031']}",Transport
690426,"What is the vehicle number for the bus that goes to COMMITTEE CHOWK
","{'answer_start': [37554], 'text': ['IDF-4031']}",Transport
690421,"What is the vehicle number for the bus that goes to FAIZABAD
","{'answer_start': [37554], 'text': ['IDF-4031']}",Transport
690427,"What is the vehicle number for the bus that goes to LIAQAT BAGH
","{'answer_start': [37572], 'text': ['IDF-4031']}",Transport
690420,"What is the vehicle number for the bus that goes to MARGALLA TOWN

","{'answer_start': [37572], 'text': ['IDF-4031']}",Transport
690429,"What is the vehicle number for the bus that goes to RAILWAY STATION ROAD
","{'answer_start': [37581], 'text': ['IDF-4031']}",Transport
690419,"What is the vehicle number for the bus that goes to RAWAL DAM
","{'answer_start': [37563], 'text': ['IDF-4031']}",Transport
690431,"What is the vehicle number for the bus that goes to Rawalpindi
","{'answer_start': [37563], 'text': ['IDF-4031']}",Transport
690423,"What is the vehicle number for the bus that goes to  REHMANABAD
","{'answer_start': [37581], 'text': ['IDF-4031']}",Transport
690430,"What is the vehicle number for the bus that goes to SADDAR
","{'answer_start': [37590], 'text': ['IDF-4031']}",Transport
690422,"What is the vehicle number for the bus that goes to SHAMSABAD
","{'answer_start': [37590], 'text': ['IDF-4031']}",Transport
690418,"What is the vehicle number for the bus that goes to SITE OFFICE
","{'answer_start': [37599], 'text': ['IDF-4031']}",Transport
690428,"What is the vehicle number for the bus that goes to TAJ COMPANY
","{'answer_start': [37608], 'text': ['IDF-4031']}",Transport
690425,"What is the vehicle number for the bus that goes to WARIS KHAN
","{'answer_start': [37662], 'text': ['IDF-4031']}",Transport
690439,"What are the stops on Route 53?
","{'answer_start': [37979], 'text': ['""AZIZ MARKET, SATRA MILE, TRAMRI CHOWK, CHATHA BAKHTAWAR, BANI GALA, RAWAL DAM, DHOKRI, BHARA KAHU""']}",Transport
690460,"What is the contact number for the driver of the bus that goes to CHANDNI CHOWK
","{'answer_start': [37840], 'text': ['0300-9831027']}",Transport
690462,"What is the contact number for the driver of the bus that goes to COMMITTEE CHOWK
","{'answer_start': [37840], 'text': ['0300-9831027']}",Transport
690457,"What is the contact number for the driver of the bus that goes to FAIZABAD
","{'answer_start': [37840], 'text': ['0300-9831027']}",Transport
690456,"What is the contact number for the driver of the bus that goes to MARGALLA TOWN
","{'answer_start': [37840], 'text': ['0300-9831027']}",Transport
690459,"What is the contact number for the driver of the bus that goes to  REHMANABAD
","{'answer_start': [307840], 'text': ['0300-9831027']}",Transport
690712,"What are the stops on Route 54?
","{'answer_start': [39525], 'text': ['""DHOKE KALA KHAN, FAIZABAD,IJP Hassu,Dhoke ROAD,PINDORA,KATARIAN, MANDI MORR, DHOKE HASSU,RAILWAY COLONY,DHOKE RATTA, WESTRIDGE""']}",Transport
690705,"What are the stops on the route for the bus with vehicle number GK-398?
","{'answer_start': [39525], 'text': ['""DHOKE KALA KHAN, FAIZABAD,IJP Hassu,Dhoke ROAD,PINDORA,KATARIAN, MANDI MORR, DHOKE HASSU,RAILWAY COLONY,DHOKE RATTA, WESTRIDGE""']}",Transport
690690,"What are the stops on the route that goes to Dhake hassu, dhoke ratta
","{'answer_start': [39525], 'text': ['""DHOKE KALA KHAN, FAIZABAD,IJP Hassu,Dhoke ROAD,PINDORA,KATARIAN, MANDI MORR, DHOKE HASSU,RAILWAY COLONY,DHOKE RATTA, WESTRIDGE""']}",Transport
690689,"What are the stops on the route that goes to DHOKE KALA KHAN
","{'answer_start': [39525], 'text': ['""DHOKE KALA KHAN, FAIZABAD,IJP Hassu,Dhoke ROAD,PINDORA,KATARIAN, MANDI MORR, DHOKE HASSU,RAILWAY COLONY,DHOKE RATTA, WESTRIDGE""']}",Transport
690688,"What are the stops on the route that goes to  FAIZABAD
","{'answer_start': [39525], 'text': ['""DHOKE KALA KHAN, FAIZABAD,IJP Hassu,Dhoke ROAD,PINDORA,KATARIAN, MANDI MORR, DHOKE HASSU,RAILWAY COLONY,DHOKE RATTA, WESTRIDGE""']}",Transport
690687,"What are the stops on the route that goes to IJP Hassu
","{'answer_start': [39525], 'text': ['""DHOKE KALA KHAN, FAIZABAD,IJP Hassu,Dhoke ROAD,PINDORA,KATARIAN, MANDI MORR, DHOKE HASSU,RAILWAY COLONY,DHOKE RATTA, WESTRIDGE""']}",Transport
690709,"What is the contact number for the driver of Route 54?
","{'answer_start': [39688], 'text': ['0314-5289467']}",Transport
690707,"What is the contact number for the driver of the bus with vehicle number GK-398?
","{'answer_start': [39710], 'text': ['0314-5289467']}",Transport
690704,"What is the name of the driver for the bus that goes to Dhake hassu, dhoke ratta
","{'answer_start': [39661], 'text': ['SYED RASHID SAJJAD BUKHARI']}",Transport
690695,"What is the name of the driver for the bus that goes to  DHOKE HASSU
","{'answer_start': [39879], 'text': ['SYED RASHID SAJJAD BUKHARI']}",Transport
690703,"What is the name of the driver for the bus that goes to DHOKE KALA KHAN
","{'answer_start': [39906], 'text': ['SYED RASHID SAJJAD BUKHARI']}",Transport
690692,"What is the name of the driver for the bus that goes to  DHOKE RATTA
","{'answer_start': [39879], 'text': ['SYED RASHID SAJJAD BUKHARI']}",Transport
690699,"What is the name of the driver for the bus that goes to Dhoke ROAD
","{'answer_start': [39933], 'text': ['SYED RASHID SAJJAD BUKHARI']}",Transport
690701,"What is the name of the driver for the bus that goes to  FAIZABAD
","{'answer_start': [39933], 'text': ['SYED RASHID SAJJAD BUKHARI']}",Transport
690700,"What is the name of the driver for the bus that goes to IJP Hassu
","{'answer_start': [39933], 'text': ['SYED RASHID SAJJAD BUKHARI']}",Transport
690697,"What is the name of the driver for the bus that goes to KATARIAN
","{'answer_start': [39933], 'text': ['SYED RASHID SAJJAD BUKHARI']}",Transport
690696,"What is the name of the driver for the bus that goes to MANDI MORR
","{'answer_start': [40122], 'text': ['SYED RASHID SAJJAD BUKHARI']}",Transport
690698,"What is the name of the driver for the bus that goes to PINDORA
","{'answer_start': [40122], 'text': ['SYED RASHID SAJJAD BUKHARI']}",Transport
690694,"What is the name of the driver for the bus that goes to  RAILWAY COLONY
","{'answer_start': [40095], 'text': ['SYED RASHID SAJJAD BUKHARI']}",Transport
690691,"What is the name of the driver for the bus that goes to  WESTRIDGE
","{'answer_start': [40095], 'text': ['SYED RASHID SAJJAD BUKHARI']}",Transport
690706,"What is the name of the driver for the bus with vehicle number GK-398?
","{'answer_start': [401220], 'text': ['SYED RASHID SAJJAD BUKHARI']}",Transport
690713,"What is the route number for the bus that goes to  BHARA KAHU
","{'answer_start': [39516], 'text': ['Route 53']}",Transport
6090708,"What is the route number for the bus with vehicle number GK-398?
","{'answer_start': [39701], 'text': ['Route 54']}",Transport
690711,"What is the vehicle number for Route 54?
","{'answer_start': [39654], 'text': ['GK-398']}",Transport
690814,"What is the vehicle number for the bus that goes to  DHOKE RATTA
","{'answer_start': [41828], 'text': ['GK-398']}",Transport
690458,"What is the contact number for the driver of the bus that goes to SHAMSABAD
","{'answer_start': [37840], 'text': ['0300-9831027']}",Transport
690454,"What is the contact number for the driver of the bus that goes to SITE OFFICE
","{'answer_start': [37840], 'text': ['0300-9831027']}",Transport
690461,"What is the contact number for the driver of the bus that goes to WARIS KHAN
","{'answer_start': [37840], 'text': ['0300-9831027']}",Transport
690446,"What is the route number for the bus that goes to CHANDNI CHOWK
","{'answer_start': [37853], 'text': ['Route 52']}",Transport
690448,"What is the route number for the bus that goes to COMMITTEE CHOWK
","{'answer_start': [307871], 'text': ['Route 52']}",Transport
690443,"What is the route number for the bus that goes to FAIZABAD
","{'answer_start': [37889], 'text': ['Route 52']}",Transport
690449,"What is the route number for the bus that goes to LIAQAT BAGH
","{'answer_start': [37907], 'text': ['Route 52']}",Transport
690442,"What is the route number for the bus that goes to MARGALLA TOWN
","{'answer_start': [37925], 'text': ['Route 52']}",Transport
690451,"What is the route number for the bus that goes to RAILWAY STATION ROAD
","{'answer_start': [37916], 'text': ['Route 52']}",Transport
690441,"What is the route number for the bus that goes to RAWAL DAM
","{'answer_start': [379160], 'text': ['Route 52']}",Transport
6907010,"Who is the driver for Route 54?
","{'answer_start': [40041], 'text': ['SYED RASHID SAJJAD BUKHARI']}",Transport
690737,"What are the stops on the route that goes to  DHOKE HASSU
","{'answer_start': [40203], 'text': ['""DHOKE KALA KHAN, FAIZABAD,IJP Hassu,Dhoke ROAD,PINDORA,KATARIAN, MANDI MORR, DHOKE HASSU,RAILWAY COLONY,DHOKE RATTA, WESTRIDGE""']}",Transport
690726,"What are the stops on the route that goes to  DHOKE RATTA
","{'answer_start': [40590], 'text': ['""DHOKE KALA KHAN, FAIZABAD,IJP Hassu,Dhoke ROAD,PINDORA,KATARIAN, MANDI MORR, DHOKE HASSU,RAILWAY COLONY,DHOKE RATTA, WESTRIDGE""']}",Transport
690741,"What are the stops on the route that goes to Dhoke ROAD
","{'answer_start': [40461], 'text': ['""DHOKE KALA KHAN, FAIZABAD,IJP Hassu,Dhoke ROAD,PINDORA,KATARIAN, MANDI MORR, DHOKE HASSU,RAILWAY COLONY,DHOKE RATTA, WESTRIDGE""']}",Transport
690730,"What are the stops on the route that goes to KATARIAN
","{'answer_start': [40461], 'text': ['""DHOKE KALA KHAN, FAIZABAD,IJP Hassu,Dhoke ROAD,PINDORA,KATARIAN, MANDI MORR, DHOKE HASSU,RAILWAY COLONY,DHOKE RATTA, WESTRIDGE""']}",Transport
690739,"What are the stops on the route that goes to KATARIAN
","{'answer_start': [40461], 'text': ['""DHOKE KALA KHAN, FAIZABAD,IJP Hassu,Dhoke ROAD,PINDORA,KATARIAN, MANDI MORR, DHOKE HASSU,RAILWAY COLONY,DHOKE RATTA, WESTRIDGE""']}",Transport
690738,"What are the stops on the route that goes to MANDI MORR
","{'answer_start': [41622], 'text': ['""DHOKE KALA KHAN, FAIZABAD,IJP Hassu,Dhoke ROAD,PINDORA,KATARIAN, MANDI MORR, DHOKE HASSU,RAILWAY COLONY,DHOKE RATTA, WESTRIDGE""']}",Transport
690740,"What are the stops on the route that goes to PINDORA
","{'answer_start': [41622], 'text': ['""DHOKE KALA KHAN, FAIZABAD,IJP Hassu,Dhoke ROAD,PINDORA,KATARIAN, MANDI MORR, DHOKE HASSU,RAILWAY COLONY,DHOKE RATTA, WESTRIDGE""']}",Transport
690736,"What are the stops on the route that goes to  RAILWAY COLONY
","{'answer_start': [41622], 'text': ['""DHOKE KALA KHAN, FAIZABAD,IJP Hassu,Dhoke ROAD,PINDORA,KATARIAN, MANDI MORR, DHOKE HASSU,RAILWAY COLONY,DHOKE RATTA, WESTRIDGE""']}",Transport
690725,"What are the stops on the route that goes to  WESTRIDGE
","{'answer_start': [39750], 'text': ['""DHOKE KALA KHAN, FAIZABAD,IJP Hassu,Dhoke ROAD,PINDORA,KATARIAN, MANDI MORR, DHOKE HASSU,RAILWAY COLONY,DHOKE RATTA, WESTRIDGE""']}",Transport
690723,"What is the vehicle number for the bus that goes to Dhake hassu, dhoke ratta
","{'answer_start': [41751], 'text': ['GK-398']}",Transport
690733,"What is the vehicle number for the bus that goes to Dhake hassu, dhoke ratta
","{'answer_start': [41765], 'text': ['GK-398']}",Transport
690714,"What is the vehicle number for the bus that goes to  DHOKE HASSU
","{'answer_start': [41779], 'text': ['GK-398']}",Transport
690722,"What is the vehicle number for the bus that goes to DHOKE KALA KHAN
","{'answer_start': [41793], 'text': ['GK-398']}",Transport
690719,"What is the vehicle number for the bus that goes to Dhoke ROAD
","{'answer_start': [41807], 'text': ['GK-398']}",Transport
690721,"What is the vehicle number for the bus that goes to  FAIZABAD
","{'answer_start': [41786], 'text': ['GK-398']}",Transport
690720,"What is the vehicle number for the bus that goes to IJP Hassu
","{'answer_start': [41800], 'text': ['GK-398']}",Transport
690717,"What is the vehicle number for the bus that goes to KATARIAN
","{'answer_start': [41786], 'text': ['GK-398']}",Transport
690715,"What is the vehicle number for the bus that goes to MANDI MORR
","{'answer_start': [41814], 'text': ['GK-398']}",Transport
690718,"What is the vehicle number for the bus that goes to PINDORA
","{'answer_start': [41814], 'text': ['GK-398']}",Transport
690811,"What is the contact number for the driver of the bus that goes to Dhake hassu, dhoke ratta
","{'answer_start': [41835], 'text': ['0314-5289467']}",Transport
690789,"What is the contact number for the driver of the bus that goes to  DHOKE HASSU
","{'answer_start': [41848], 'text': ['0314-5289467']}",Transport
690809,"What is the contact number for the driver of the bus that goes to DHOKE KALA KHAN
","{'answer_start': [41887], 'text': ['0314-5289467']}",Transport
690785,"What is the contact number for the driver of the bus that goes to  DHOKE RATTA
","{'answer_start': [41939], 'text': ['0314-5289467']}",Transport
690801,"What is the contact number for the driver of the bus that goes to Dhoke ROAD
","{'answer_start': [41926], 'text': ['0314-5289467']}",Transport
690807,"What is the contact number for the driver of the bus that goes to  FAIZABAD
","{'answer_start': [41913], 'text': ['0314-5289467']}",Transport
690805,"What is the contact number for the driver of the bus that goes to IJP Hassu
","{'answer_start': [41913], 'text': ['0314-5289467']}",Transport
690799,"What is the contact number for the driver of the bus that goes to KATARIAN
","{'answer_start': [41926], 'text': ['0314-5289467']}",Transport
690791,"What is the contact number for the driver of the bus that goes to MANDI MORR
","{'answer_start': [41887], 'text': ['0314-5289467']}",Transport
690794,"What is the contact number for the driver of the bus that goes to PINDORA
","{'answer_start': [41900], 'text': ['0314-5289467']}",Transport
690786,"What is the contact number for the driver of the bus that goes to  RAILWAY COLONY
","{'answer_start': [41939], 'text': ['0314-5289467']}",Transport
690815,"What is the vehicle number for the bus that goes to  RAILWAY COLONY
","{'answer_start': [41814], 'text': ['GK-398']}",Transport
690813,"What is the vehicle number for the bus that goes to  WESTRIDGE
","{'answer_start': [41828], 'text': ['GK-398']}",Transport
690453,"What is the route number for the bus that goes to Rawalpindi
","{'answer_start': [37916], 'text': ['Route 52']}",Transport
690445,"What is the route number for the bus that goes to  REHMANABAD
","{'answer_start': [37925], 'text': ['Route 52']}",Transport
690452,"What is the route number for the bus that goes to SADDAR
","{'answer_start': [370907], 'text': ['Route 52']}",Transport
690841,"What are the stops on Route 55?
","{'answer_start': [42099], 'text': ['""I-10/3, POLICE LINE SIGNAL, E-SECTOR, F-SECTOR, G-SECTOR, GOLRA SHAREEF, MARGALLA ROAD, F-10 MARKAZ, BLUE AREA, 7TH AVENUE""']}",Transport
690836,"What are the stops on the route for the bus with vehicle number GF-131?
","{'answer_start': [42099], 'text': ['""I-10/3, POLICE LINE SIGNAL, E-SECTOR, F-SECTOR, G-SECTOR, GOLRA SHAREEF, MARGALLA ROAD, F-10 MARKAZ, BLUE AREA, 7TH AVENUE""']}",Transport
690821,"What are the stops on the route that goes to E-SECTOR
","{'answer_start': [42099], 'text': ['""I-10/3, POLICE LINE SIGNAL, E-SECTOR, F-SECTOR, G-SECTOR, GOLRA SHAREEF, MARGALLA ROAD, F-10 MARKAZ, BLUE AREA, 7TH AVENUE""']}",Transport
690820,"What are the stops on the route that goes to F-SECTOR
","{'answer_start': [42099], 'text': ['""I-10/3, POLICE LINE SIGNAL, E-SECTOR, F-SECTOR, G-SECTOR, GOLRA SHAREEF, MARGALLA ROAD, F-10 MARKAZ, BLUE AREA, 7TH AVENUE""']}",Transport
690819,"What are the stops on the route that goes to G-SECTOR
","{'answer_start': [42099], 'text': ['""I-10/3, POLICE LINE SIGNAL, E-SECTOR, F-SECTOR, G-SECTOR, GOLRA SHAREEF, MARGALLA ROAD, F-10 MARKAZ, BLUE AREA, 7TH AVENUE""']}",Transport
690823,"What are the stops on the route that goes to I-10/3
","{'answer_start': [42099], 'text': ['""I-10/3, POLICE LINE SIGNAL, E-SECTOR, F-SECTOR, G-SECTOR, GOLRA SHAREEF, MARGALLA ROAD, F-10 MARKAZ, BLUE AREA, 7TH AVENUE""']}",Transport
690444,"What is the route number for the bus that goes to SHAMSABAD
","{'answer_start': [37916], 'text': ['Route 52']}",Transport
690824,"What are the stops on the route that goes to Islamabad
","{'answer_start': [42099], 'text': ['""I-10/3, POLICE LINE SIGNAL, E-SECTOR, F-SECTOR, G-SECTOR, GOLRA SHAREEF, MARGALLA ROAD, F-10 MARKAZ, BLUE AREA, 7TH AVENUE""']}",Transport
690822,"What are the stops on the route that goes to POLICE LINE SIGNAL
","{'answer_start': [42099], 'text': ['""I-10/3, POLICE LINE SIGNAL, E-SECTOR, F-SECTOR, G-SECTOR, GOLRA SHAREEF, MARGALLA ROAD, F-10 MARKAZ, BLUE AREA, 7TH AVENUE""']}",Transport
690837,"What is the contact number for the driver of the bus with vehicle number GF-131?
","{'answer_start': [42244], 'text': ['0346-5311079']}",Transport
690838,"What is the contact number for the driver of the bus with vehicle number GF-131?
","{'answer_start': [42244], 'text': ['0346-5311079']}",Transport
690825,"What is the name of the driver for the bus that goes to 7TH AVENUE
","{'answer_start': [42279], 'text': ['Zaman Akhtar']}",Transport
690826,"What is the name of the driver for the bus that goes to BLUE AREA
","{'answer_start': [42279], 'text': ['Zaman Akhtar']}",Transport
6908302,"What is the name of the driver for the bus that goes to E-SECTOR
","{'answer_start': [42417], 'text': ['Zaman Akhtar']}",Transport
690827,"What is the name of the driver for the bus that goes to F-10 MARKAZ
","{'answer_start': [42430], 'text': ['Zaman Akhtar']}",Transport
690831,"What is the name of the driver for the bus that goes to F-SECTOR
","{'answer_start': [42417], 'text': ['Zaman Akhtar']}",Transport
6900829,"What is the name of the driver for the bus that goes to GOLRA SHAREEF
","{'answer_start': [42417], 'text': ['Zaman Akhtar']}",Transport
690830,"What is the name of the driver for the bus that goes to G-SECTOR
","{'answer_start': [42430], 'text': ['Zaman Akhtar']}",Transport
690834,"What is the name of the driver for the bus that goes to I-10/3
","{'answer_start': [42521], 'text': ['Zaman Akhtar']}",Transport
690440,"What is the route number for the bus that goes to SITE OFFICE
","{'answer_start': [37907], 'text': ['Route 52']}",Transport
690835,"What is the name of the driver for the bus that goes to Islamabad
","{'answer_start': [42521], 'text': ['Zaman Akhtar']}",Transport
690828,"What is the name of the driver for the bus that goes to MARGALLA ROAD
","{'answer_start': [42534], 'text': ['Zaman Akhtar']}",Transport
690833,"What is the name of the driver for the bus that goes to POLICE LINE SIGNAL
","{'answer_start': [42521], 'text': ['Zaman Akhtar']}",Transport
6908400,"What is the vehicle number for Route 55?
","{'answer_start': [42224], 'text': ['GF-131']}",Transport
690839,"Who is the driver for Route 55?
","{'answer_start': [42547], 'text': ['Zaman Akhtar']}",Transport
690450,"What is the route number for the bus that goes to TAJ COMPANY
","{'answer_start': [37934], 'text': ['Route 52']}",Transport
690447,"What is the route number for the bus that goes to WARIS KHAN
","{'answer_start': [37907], 'text': ['Route 52']}",Transport
690438,"What is the vehicle number for Route 53?
","{'answer_start': [38079], 'text': ['GF-235']}",Transport
690482,"What are the stops on the route for the bus with vehicle number GF-235?
","{'answer_start': [38147], 'text': ['""AZIZ MARKET, SATRA MILE, TRAMRI CHOWK, CHATHA BAKHTAWAR, BANI GALA, RAWAL DAM, DHOKRI, BHARA KAHU""']}",Transport
690471,"What are the stops on the route that goes to AZIZ MARKET
","{'answer_start': [38147], 'text': ['""AZIZ MARKET, SATRA MILE, TRAMRI CHOWK, CHATHA BAKHTAWAR, BANI GALA, RAWAL DAM, DHOKRI, BHARA KAHU""']}",Transport
690467,"What are the stops on the route that goes to BANI GALA
","{'answer_start': [38147], 'text': ['""AZIZ MARKET, SATRA MILE, TRAMRI CHOWK, CHATHA BAKHTAWAR, BANI GALA, RAWAL DAM, DHOKRI, BHARA KAHU""']}",Transport
690464,"What are the stops on the route that goes to  BHARA KAHU
","{'answer_start': [37979], 'text': ['""AZIZ MARKET, SATRA MILE, TRAMRI CHOWK, CHATHA BAKHTAWAR, BANI GALA, RAWAL DAM, DHOKRI, BHARA KAHU""']}",Transport
690472,"What are the stops on the route that goes to Bhara Kahu, Islamabad
","{'answer_start': [38147], 'text': ['""AZIZ MARKET, SATRA MILE, TRAMRI CHOWK, CHATHA BAKHTAWAR, BANI GALA, RAWAL DAM, DHOKRI, BHARA KAHU""']}",Transport
690468,"What are the stops on the route that goes to CHATHA BAKHTAWAR
","{'answer_start': [38147], 'text': ['""AZIZ MARKET, SATRA MILE, TRAMRI CHOWK, CHATHA BAKHTAWAR, BANI GALA, RAWAL DAM, DHOKRI, BHARA KAHU""']}",Transport
690465,"What are the stops on the route that goes to DHOKRI
","{'answer_start': [38147], 'text': ['""AZIZ MARKET, SATRA MILE, TRAMRI CHOWK, CHATHA BAKHTAWAR, BANI GALA, RAWAL DAM, DHOKRI, BHARA KAHU""']}",Transport
690470,"What are the stops on the route that goes to  SATRA MILE
","{'answer_start': [38147], 'text': ['""AZIZ MARKET, SATRA MILE, TRAMRI CHOWK, CHATHA BAKHTAWAR, BANI GALA, RAWAL DAM, DHOKRI, BHARA KAHU""']}",Transport
690469,"What are the stops on the route that goes to TRAMRI CHOWK
","{'answer_start': [38147], 'text': ['""AZIZ MARKET, SATRA MILE, TRAMRI CHOWK, CHATHA BAKHTAWAR, BANI GALA, RAWAL DAM, DHOKRI, BHARA KAHU""']}",Transport
692744,"What is the name of the driver for the bus that goes to RANGE ROAD
","{'answer_start': [408188], 'text': ['Nasir Iqbal']}",Transport
692734,"What is the name of the driver for the bus that goes to SITE OFFICE
","{'answer_start': [48164], 'text': ['Nasir Iqbal']}",Transport
692741,"What is the name of the driver for the bus that goes to TURN PESHAWAR ROAD
","{'answer_start': [48164], 'text': ['Nasir Iqbal']}",Transport
692748,"What is the name of the driver for the bus with vehicle number MIA-6421?
","{'answer_start': [48164], 'text': ['Nasir Iqbal']}",Transport
692743,"What is the name of the driver for the bus that goes to QASIM MARKET
","{'answer_start': [48176], 'text': ['Nasir Iqbal']}",Transport
692737,"What is the name of the driver for the bus that goes to Peshwar road
","{'answer_start': [48188], 'text': ['Nasir Iqbal']}",Transport
692486,"What are the stops on the route that goes to 8 NO. CHUNGI
","{'answer_start': [422902], 'text': ['""I-10/3, POLICE LINE SIGNAL, E-SECTOR, F-SECTOR, G-SECTOR, GOLRA SHAREEF, MARGALLA ROAD, F-10 MARKAZ, BLUE AREA, 7TH AVENUE""']}",Transport
6924805,"What are the stops on the route that goes to BAND KHANA ROAD
","{'answer_start': [42292], 'text': ['""I-10/3, POLICE LINE SIGNAL, E-SECTOR, F-SECTOR, G-SECTOR, GOLRA SHAREEF, MARGALLA ROAD, F-10 MARKAZ, BLUE AREA, 7TH AVENUE""']}",Transport
692480,"What are the stops on the route that goes to BLUE AREA
","{'answer_start': [42292], 'text': ['""I-10/3, POLICE LINE SIGNAL, E-SECTOR, F-SECTOR, G-SECTOR, GOLRA SHAREEF, MARGALLA ROAD, F-10 MARKAZ, BLUE AREA, 7TH AVENUE""']}",Transport
692481,"What are the stops on the route that goes to F-10 MARKAZ
","{'answer_start': [420292], 'text': ['""I-10/3, POLICE LINE SIGNAL, E-SECTOR, F-SECTOR, G-SECTOR, GOLRA SHAREEF, MARGALLA ROAD, F-10 MARKAZ, BLUE AREA, 7TH AVENUE""']}",Transport
6924830,"What are the stops on the route that goes to GOLRA SHAREEF
","{'answer_start': [42292], 'text': ['""I-10/3, POLICE LINE SIGNAL, E-SECTOR, F-SECTOR, G-SECTOR, GOLRA SHAREEF, MARGALLA ROAD, F-10 MARKAZ, BLUE AREA, 7TH AVENUE""']}",Transport
692489,"What are the stops on the route that goes to KHANA PULL
","{'answer_start': [44254], 'text': ['""KHANA PULL, KRL ROAD, 8 NO. CHUNGI, BAND KHANA ROAD, RAWAL ROAD, ALI NAWAZ CHOWK, DHOKE KHABBA STOP, SIR SYED CHOWK""']}",Transport
692488,"What are the stops on the route that goes to  KRL ROA
","{'answer_start': [44254], 'text': ['""KHANA PULL, KRL ROAD, 8 NO. CHUNGI, BAND KHANA ROAD, RAWAL ROAD, ALI NAWAZ CHOWK, DHOKE KHABBA STOP, SIR SYED CHOWK""']}",Transport
692482,"What are the stops on the route that goes to MARGALLA ROAD
","{'answer_start': [43810], 'text': ['""I-10/3, POLICE LINE SIGNAL, E-SECTOR, F-SECTOR, G-SECTOR, GOLRA SHAREEF, MARGALLA ROAD, F-10 MARKAZ, BLUE AREA, 7TH AVENUE""']}",Transport
692490,"What are the stops on the route that goes to Rawal road Dhoke khabba RWP
","{'answer_start': [44254], 'text': ['""KHANA PULL, KRL ROAD, 8 NO. CHUNGI, BAND KHANA ROAD, RAWAL ROAD, ALI NAWAZ CHOWK, DHOKE KHABBA STOP, SIR SYED CHOWK""']}",Transport
692510,"What is the contact number for the driver of Route 56?
","{'answer_start': [44396], 'text': ['0345-9575165']}",Transport
692512,"What is the contact number for the driver of the bus that goes to 7TH AVENUE
","{'answer_start': [44142], 'text': ['0346-5311079']}",Transport
692513,"What is the contact number for the driver of the bus that goes to BLUE AREA
","{'answer_start': [44142], 'text': ['0346-5311079']}",Transport
692459,"What is the contact number for the driver of the bus that goes to E-SECTOR
","{'answer_start': [44142], 'text': ['0346-5311079']}",Transport
692454,"What is the contact number for the driver of the bus that goes to F-10 MARKAZ
","{'answer_start': [44142], 'text': ['0346-5311079']}",Transport
692458,"What is the contact number for the driver of the bus that goes to F-SECTOR
","{'answer_start': [44129], 'text': ['0346-5311079']}",Transport
692456,"What is the contact number for the driver of the bus that goes to GOLRA SHAREEF
","{'answer_start': [44129], 'text': ['0346-5311079']}",Transport
692457,"What is the contact number for the driver of the bus that goes to G-SECTOR
","{'answer_start': [44116], 'text': ['0346-5311079']}",Transport
6925050,"What are the stops on the route for the bus with vehicle number GF-131?
","{'answer_start': [42292], 'text': ['""I-10/3, POLICE LINE SIGNAL, E-SECTOR, F-SECTOR, G-SECTOR, GOLRA SHAREEF, MARGALLA ROAD, F-10 MARKAZ, BLUE AREA, 7TH AVENUE""']}",Transport
6924640,"What are the stops on the route that goes to 7TH AVENUE
","{'answer_start': [42292], 'text': ['""I-10/3, POLICE LINE SIGNAL, E-SECTOR, F-SECTOR, G-SECTOR, GOLRA SHAREEF, MARGALLA ROAD, F-10 MARKAZ, BLUE AREA, 7TH AVENUE""']}",Transport
692478,"What are the stops on the route that goes to 7TH AVENUE
","{'answer_start': [42292], 'text': ['""I-10/3, POLICE LINE SIGNAL, E-SECTOR, F-SECTOR, G-SECTOR, GOLRA SHAREEF, MARGALLA ROAD, F-10 MARKAZ, BLUE AREA, 7TH AVENUE""']}",Transport
692455,"What is the contact number for the driver of the bus that goes to MARGALLA ROAD
","{'answer_start': [44129], 'text': ['0346-5311079']}",Transport
692460,"What is the contact number for the driver of the bus that goes to POLICE LINE SIGNAL
","{'answer_start': [44116], 'text': ['0346-5311079']}",Transport
692508,"What is the contact number for the driver of the bus with vehicle number GF-131?
","{'answer_start': [44116], 'text': ['0346-5311079']}",Transport
692500,"What is the name of the driver for the bus that goes to 8 NO. CHUNGI
","{'answer_start': [44116], 'text': ['0346-5311079']}",Transport
692497,"What is the name of the driver for the bus that goes to ALI NAWAZ CHOWK
","{'answer_start': [44566], 'text': ['Mehmood un Nawaz']}",Transport
692499,"What is the name of the driver for the bus that goes to BAND KHANA ROAD
","{'answer_start': [44617], 'text': ['Mehmood un Nawaz']}",Transport
692496,"What is the name of the driver for the bus that goes to DHOKE KHABBA STOP
","{'answer_start': [44617], 'text': ['Mehmood un Nawaz']}",Transport
692502,"What is the name of the driver for the bus that goes to KHANA PULL
","{'answer_start': [44617], 'text': ['Mehmood un Nawaz']}",Transport
692501,"What is the name of the driver for the bus that goes to  KRL ROA
","{'answer_start': [44668], 'text': ['Mehmood un Nawaz']}",Transport
692491,"What is the name of the driver for the bus that goes to POLICE LINE SIGNAL
","{'answer_start': [44600], 'text': ['Mehmood un Nawaz']}",Transport
692498,"What is the name of the driver for the bus that goes to RAWAL ROAD
","{'answer_start': [44600], 'text': ['Mehmood un Nawaz']}",Transport
692503,"What is the name of the driver for the bus that goes to Rawal road Dhoke khabba RWP
","{'answer_start': [44566], 'text': ['Mehmood un Nawaz']}",Transport
692493,"What is the name of the driver for the bus that goes to SIR SYED CHOWK
","{'answer_start': [44566], 'text': ['Mehmood un Nawaz']}",Transport
692506,"What is the name of the driver for the bus with vehicle number GF-131?
","{'answer_start': [44566], 'text': ['Mehmood un Nawaz']}",Transport
692509,"What is the route number for the bus with vehicle number GF-131?
","{'answer_start': [44409], 'text': ['Route 56']}",Transport
692465,"What is the vehicle number for the bus that goes to BLUE AREA
","{'answer_start': [44005], 'text': ['GF-131']}",Transport
692473,"What is the vehicle number for the bus that goes to E-SECTOR
","{'answer_start': [44005], 'text': ['GF-131']}",Transport
692466,"What is the vehicle number for the bus that goes to F-10 MARKAZ
","{'answer_start': [44005], 'text': ['GF-131']}",Transport
692472,"What is the vehicle number for the bus that goes to F-SECTOR
","{'answer_start': [43998], 'text': ['GF-131']}",Transport
692469,"What is the vehicle number for the bus that goes to GOLRA SHAREEF
","{'answer_start': [43998], 'text': ['GF-131']}",Transport
692470,"What is the vehicle number for the bus that goes to G-SECTOR
","{'answer_start': [43998], 'text': ['GF-131']}",Transport
6924061,"What is the vehicle number for the bus that goes to I-10/3
","{'answer_start': [43984], 'text': ['GF-131']}",Transport
692475,"What is the vehicle number for the bus that goes to I-10/3
","{'answer_start': [43998], 'text': ['GF-131']}",Transport
692462,"What is the vehicle number for the bus that goes to Islamabad
","{'answer_start': [43998], 'text': ['GF-131']}",Transport
692476,"What is the vehicle number for the bus that goes to Islamabad
","{'answer_start': [43998], 'text': ['GF-131']}",Transport
692468,"What is the vehicle number for the bus that goes to MARGALLA ROAD
","{'answer_start': [43998], 'text': ['GF-131']}",Transport
692474,"What is the vehicle number for the bus that goes to POLICE LINE SIGNAL
","{'answer_start': [430935], 'text': ['GF-131']}",Transport
692511,"Who is the driver for Route 56?
","{'answer_start': [44379], 'text': ['Mehmood un Nawaz']}",Transport
692685,"What are the stops on the route that goes to ALI NAWAZ CHOWK
","{'answer_start': [45798], 'text': ['""KHANA PULL, KRL ROAD, 8 NO. CHUNGI, BAND KHANA ROAD, RAWAL ROAD, ALI NAWAZ CHOWK, DHOKE KHABBA STOP, SIR SYED CHOWK""']}",Transport
692683,"What are the stops on the route that goes to DHOKE KHABBA STOP
","{'answer_start': [45798], 'text': ['""KHANA PULL, KRL ROAD, 8 NO. CHUNGI, BAND KHANA ROAD, RAWAL ROAD, ALI NAWAZ CHOWK, DHOKE KHABBA STOP, SIR SYED CHOWK""']}",Transport
692680,"What are the stops on the route that goes to POLICE LINE SIGNAL
","{'answer_start': [45798], 'text': ['""KHANA PULL, KRL ROAD, 8 NO. CHUNGI, BAND KHANA ROAD, RAWAL ROAD, ALI NAWAZ CHOWK, DHOKE KHABBA STOP, SIR SYED CHOWK""']}",Transport
692686,"What are the stops on the route that goes to RAWAL ROAD
","{'answer_start': [45798], 'text': ['""KHANA PULL, KRL ROAD, 8 NO. CHUNGI, BAND KHANA ROAD, RAWAL ROAD, ALI NAWAZ CHOWK, DHOKE KHABBA STOP, SIR SYED CHOWK""']}",Transport
692681,"What are the stops on the route that goes to SIR SYED CHOWK
","{'answer_start': [45798], 'text': ['""KHANA PULL, KRL ROAD, 8 NO. CHUNGI, BAND KHANA ROAD, RAWAL ROAD, ALI NAWAZ CHOWK, DHOKE KHABBA STOP, SIR SYED CHOWK""']}",Transport
692656,"What is the contact number for the driver of the bus that goes to 8 NO. CHUNGI
","{'answer_start': [45986], 'text': ['0345-9575165']}",Transport
692653,"What is the contact number for the driver of the bus that goes to ALI NAWAZ CHOWK
","{'answer_start': [45999], 'text': ['0345-9575165']}",Transport
692655,"What is the contact number for the driver of the bus that goes to BAND KHANA ROAD
","{'answer_start': [46012], 'text': ['0345-9575165']}",Transport
692651,"What is the contact number for the driver of the bus that goes to DHOKE KHABBA STOP
","{'answer_start': [46012], 'text': ['0345-9575165']}",Transport
692661,"What is the contact number for the driver of the bus that goes to KHANA PULL
","{'answer_start': [45986], 'text': ['0345-9575165']}",Transport
692657,"What is the contact number for the driver of the bus that goes to  KRL ROA
","{'answer_start': [45999], 'text': ['0345-9575165']}",Transport
692649,"What is the contact number for the driver of the bus that goes to POLICE LINE SIGNAL
","{'answer_start': [46025], 'text': ['0345-9575165']}",Transport
692654,"What is the contact number for the driver of the bus that goes to RAWAL ROAD
","{'answer_start': [46012], 'text': ['0345-9575165']}",Transport
692662,"What is the contact number for the driver of the bus that goes to Rawal road Dhoke khabba RWP
","{'answer_start': [46025], 'text': ['0345-9575165']}",Transport
692650,"What is the contact number for the driver of the bus that goes to SIR SYED CHOWK
","{'answer_start': [46025], 'text': ['0345-9575165']}",Transport
692673,"What is the vehicle number for the bus that goes to 8 NO. CHUNGI
","{'answer_start': [45972], 'text': ['GF-131']}",Transport
692667,"What is the vehicle number for the bus that goes to ALI NAWAZ CHOWK
","{'answer_start': [45979], 'text': ['GF-131']}",Transport
692670,"What is the vehicle number for the bus that goes to BAND KHANA ROAD
","{'answer_start': [45972], 'text': ['GF-131']}",Transport
692666,"What is the vehicle number for the bus that goes to DHOKE KHABBA STOP
","{'answer_start': [45965], 'text': ['GF-131']}",Transport
692676,"What is the vehicle number for the bus that goes to KHANA PULL
","{'answer_start': [45965], 'text': ['GF-131']}",Transport
692690,"What are the stops on the route that goes to HUMAK
","{'answer_start': [46373], 'text': ['""ALIPUR, TRAMRI CHOWK, GHORI TOWN, KORAL CHOWK HIGHWAY, KAK PULL, MODEL TOWN, HUMAK, DHA GATE-1""']}",Transport
692692,"What are the stops on the route that goes to KAK PULL
","{'answer_start': [46373], 'text': ['""ALIPUR, TRAMRI CHOWK, GHORI TOWN, KORAL CHOWK HIGHWAY, KAK PULL, MODEL TOWN, HUMAK, DHA GATE-1""']}",Transport
692697,"What are the stops on the route that goes to Kak Pul Model Town Isbd
","{'answer_start': [46373], 'text': ['""ALIPUR, TRAMRI CHOWK, GHORI TOWN, KORAL CHOWK HIGHWAY, KAK PULL, MODEL TOWN, HUMAK, DHA GATE-1""']}",Transport
692693,"What are the stops on the route that goes to KORAL CHOWK HIGHWAY
","{'answer_start': [46373], 'text': ['""ALIPUR, TRAMRI CHOWK, GHORI TOWN, KORAL CHOWK HIGHWAY, KAK PULL, MODEL TOWN, HUMAK, DHA GATE-1""']}",Transport
692691,"What are the stops on the route that goes to MODEL TOWN
","{'answer_start': [46373], 'text': ['""ALIPUR, TRAMRI CHOWK, GHORI TOWN, KORAL CHOWK HIGHWAY, KAK PULL, MODEL TOWN, HUMAK, DHA GATE-1""']}",Transport
692695,"What are the stops on the route that goes to TRAMRI CHOWK
","{'answer_start': [46373], 'text': ['""ALIPUR, TRAMRI CHOWK, GHORI TOWN, KORAL CHOWK HIGHWAY, KAK PULL, MODEL TOWN, HUMAK, DHA GATE-1""']}",Transport
692718,"What is the contact number for the driver of the bus that goes to ALIPUR
","{'answer_start': [46346], 'text': ['0342-5138076']}",Transport
692711,"What is the contact number for the driver of the bus that goes to DHA GATE-1
","{'answer_start': [46346], 'text': ['0342-5138076']}",Transport
692716,"What is the contact number for the driver of the bus that goes to GHORI TOWN
","{'answer_start': [46346], 'text': ['0342-5138076']}",Transport
692712,"What is the contact number for the driver of the bus that goes to HUMAK
","{'answer_start': [46346], 'text': ['0342-5138076']}",Transport
692714,"What is the contact number for the driver of the bus that goes to KAK PULL
","{'answer_start': [46346], 'text': ['0342-5138076']}",Transport
692719,"What is the contact number for the driver of the bus that goes to Kak Pul Model Town Isbd
","{'answer_start': [46324], 'text': ['0342-5138076']}",Transport
692715,"What is the contact number for the driver of the bus that goes to KORAL CHOWK HIGHWAY
","{'answer_start': [46324], 'text': ['0342-5138076']}",Transport
692713,"What is the contact number for the driver of the bus that goes to MODEL TOWN
","{'answer_start': [46324], 'text': ['0342-5138076']}",Transport
692717,"What is the contact number for the driver of the bus that goes to TRAMRI CHOWK
","{'answer_start': [46324], 'text': ['0342-5138076']}",Transport
6927009,"What is the contact number for the driver of the bus with vehicle number GA-953?
","{'answer_start': [46324], 'text': ['0342-5138076']}",Transport
692705,"What is the name of the driver for the bus that goes to ALIPUR
","{'answer_start': [46359], 'text': ['Wajid Hussain']}",Transport
692698,"What is the name of the driver for the bus that goes to DHA GATE-1
","{'answer_start': [46470], 'text': ['Wajid Hussain']}",Transport
692703,"What is the name of the driver for the bus that goes to GHORI TOWN
","{'answer_start': [406512], 'text': ['Wajid Hussain']}",Transport
692699,"What is the name of the driver for the bus that goes to HUMAK
","{'answer_start': [46526], 'text': ['Wajid Hussain']}",Transport
692701,"What is the name of the driver for the bus that goes to KAK PULL
","{'answer_start': [46526], 'text': ['Wajid Hussain']}",Transport
692706,"What is the name of the driver for the bus that goes to Kak Pul Model Town Isbd
","{'answer_start': [46526], 'text': ['Wajid Hussain']}",Transport
692702,"What is the name of the driver for the bus that goes to KORAL CHOWK HIGHWAY
","{'answer_start': [46526], 'text': ['Wajid Hussain']}",Transport
692700,"What is the name of the driver for the bus that goes to MODEL TOWN
","{'answer_start': [46526], 'text': ['Wajid Hussain']}",Transport
692704,"What is the name of the driver for the bus that goes to TRAMRI CHOWK
","{'answer_start': [46526], 'text': ['Wajid Hussain']}",Transport
692708,"What is the name of the driver for the bus with vehicle number GA-953?
","{'answer_start': [46526], 'text': ['Wajid Hussain']}",Transport
692710,"What is the route number for the bus with vehicle number GA-953?
","{'answer_start': [46337], 'text': ['Route 57']}",Transport
692727,"What is the vehicle number for the bus that goes to ALIPUR
","{'answer_start': [46303], 'text': ['GA-953']}",Transport
692720,"What is the vehicle number for the bus that goes to DHA GATE-1
","{'answer_start': [46303], 'text': ['GA-953']}",Transport
692725,"What is the vehicle number for the bus that goes to GHORI TOWN
","{'answer_start': [46303], 'text': ['GA-953']}",Transport
692721,"What is the vehicle number for the bus that goes to HUMAK
","{'answer_start': [46303], 'text': ['GA-953']}",Transport
692723,"What is the vehicle number for the bus that goes to KAK PULL
","{'answer_start': [46303], 'text': ['GA-953']}",Transport
692728,"What is the vehicle number for the bus that goes to Kak Pul Model Town Isbd
","{'answer_start': [46303], 'text': ['GA-953']}",Transport
692724,"What is the vehicle number for the bus that goes to KORAL CHOWK HIGHWAY
","{'answer_start': [46303], 'text': ['GA-953']}",Transport
692722,"What is the vehicle number for the bus that goes to MODEL TOWN
","{'answer_start': [46303], 'text': ['GA-953']}",Transport
692726,"What is the vehicle number for the bus that goes to TRAMRI CHOWK
","{'answer_start': [460303], 'text': ['GA-953']}",Transport
692754,"What are the stops on Route 58?
","{'answer_start': [47939], 'text': ['""CHOWK,RANGE ROAD,QASIM MARKET, CHORR CHOWK, TURN PESHAWAR ROAD,KACHEHRY, AMMAR CHOWK,AIRPORT, Peshwar road, KORAL, KHANA PULL, SITE OFFICE""']}",Transport
692747,"What are the stops on the route for the bus with vehicle number MIA-6421?
","{'answer_start': [47939], 'text': ['""CHOWK,RANGE ROAD,QASIM MARKET, CHORR CHOWK, TURN PESHAWAR ROAD,KACHEHRY, AMMAR CHOWK,AIRPORT, Peshwar road, KORAL, KHANA PULL, SITE OFFICE""']}",Transport
692772,"What are the stops on the route that goes to AIRPORT
","{'answer_start': [47939], 'text': ['""CHOWK,RANGE ROAD,QASIM MARKET, CHORR CHOWK, TURN PESHAWAR ROAD,KACHEHRY, AMMAR CHOWK,AIRPORT, Peshwar road, KORAL, KHANA PULL, SITE OFFICE""']}",Transport
692773,"What are the stops on the route that goes to AMMAR CHOWK
","{'answer_start': [47939], 'text': ['""CHOWK,RANGE ROAD,QASIM MARKET, CHORR CHOWK, TURN PESHAWAR ROAD,KACHEHRY, AMMAR CHOWK,AIRPORT, Peshwar road, KORAL, KHANA PULL, SITE OFFICE""']}",Transport
692775,"What are the stops on the route that goes to CHORR CHOWK
","{'answer_start': [47939], 'text': ['""CHOWK,RANGE ROAD,QASIM MARKET, CHORR CHOWK, TURN PESHAWAR ROAD,KACHEHRY, AMMAR CHOWK,AIRPORT, Peshwar road, KORAL, KHANA PULL, SITE OFFICE""']}",Transport
692732,"What are the stops on the route that goes to CHOWK
","{'answer_start': [47939], 'text': ['""CHOWK,RANGE ROAD,QASIM MARKET, CHORR CHOWK, TURN PESHAWAR ROAD,KACHEHRY, AMMAR CHOWK,AIRPORT, Peshwar road, KORAL, KHANA PULL, SITE OFFICE""']}",Transport
692769,"What are the stops on the route that goes to KHANA PULL
","{'answer_start': [47939], 'text': ['""CHOWK,RANGE ROAD,QASIM MARKET, CHORR CHOWK, TURN PESHAWAR ROAD,KACHEHRY, AMMAR CHOWK,AIRPORT, Peshwar road, KORAL, KHANA PULL, SITE OFFICE""']}",Transport
692770,"What are the stops on the route that goes to KORAL
","{'answer_start': [47939], 'text': ['""CHOWK,RANGE ROAD,QASIM MARKET, CHORR CHOWK, TURN PESHAWAR ROAD,KACHEHRY, AMMAR CHOWK,AIRPORT, Peshwar road, KORAL, KHANA PULL, SITE OFFICE""']}",Transport
692733,"What are the stops on the route that goes to Old airport road, Peshawar Road
","{'answer_start': [47939], 'text': ['""CHOWK,RANGE ROAD,QASIM MARKET, CHORR CHOWK, TURN PESHAWAR ROAD,KACHEHRY, AMMAR CHOWK,AIRPORT, Peshwar road, KORAL, KHANA PULL, SITE OFFICE""']}",Transport
692771,"What are the stops on the route that goes to Peshwar road
","{'answer_start': [47939], 'text': ['""CHOWK,RANGE ROAD,QASIM MARKET, CHORR CHOWK, TURN PESHAWAR ROAD,KACHEHRY, AMMAR CHOWK,AIRPORT, Peshwar road, KORAL, KHANA PULL, SITE OFFICE""']}",Transport
692730,"What are the stops on the route that goes to QASIM MARKET
","{'answer_start': [47939], 'text': ['""CHOWK,RANGE ROAD,QASIM MARKET, CHORR CHOWK, TURN PESHAWAR ROAD,KACHEHRY, AMMAR CHOWK,AIRPORT, Peshwar road, KORAL, KHANA PULL, SITE OFFICE""']}",Transport
692731,"What are the stops on the route that goes to RANGE ROAD
","{'answer_start': [47939], 'text': ['""CHOWK,RANGE ROAD,QASIM MARKET, CHORR CHOWK, TURN PESHAWAR ROAD,KACHEHRY, AMMAR CHOWK,AIRPORT, Peshwar road, KORAL, KHANA PULL, SITE OFFICE""']}",Transport
692768,"What are the stops on the route that goes to SITE OFFICE
","{'answer_start': [47939], 'text': ['""CHOWK,RANGE ROAD,QASIM MARKET, CHORR CHOWK, TURN PESHAWAR ROAD,KACHEHRY, AMMAR CHOWK,AIRPORT, Peshwar road, KORAL, KHANA PULL, SITE OFFICE""']}",Transport
692774,"What are the stops on the route that goes to TURN PESHAWAR ROAD
","{'answer_start': [47939], 'text': ['""CHOWK,RANGE ROAD,QASIM MARKET, CHORR CHOWK, TURN PESHAWAR ROAD,KACHEHRY, AMMAR CHOWK,AIRPORT, Peshwar road, KORAL, KHANA PULL, SITE OFFICE""']}",Transport
692751,"What is the contact number for the driver of Route 58?
","{'answer_start': [47914], 'text': ['0333-5786592']}",Transport
692749,"What is the contact number for the driver of the bus with vehicle number MIA-6421?
","{'answer_start': [47892], 'text': ['0333-5786592']}",Transport
692738,"What is the name of the driver for the bus that goes to AIRPORT
","{'answer_start': [47927], 'text': ['Nasir Iqbal']}",Transport
692739,"What is the name of the driver for the bus that goes to AMMAR CHOWK
","{'answer_start': [48116], 'text': ['Nasir Iqbal']}",Transport
692742,"What is the name of the driver for the bus that goes to CHORR CHOWK
","{'answer_start': [48128], 'text': ['Nasir Iqbal']}",Transport
692745,"What is the name of the driver for the bus that goes to CHOWK
","{'answer_start': [48140], 'text': ['Nasir Iqbal']}",Transport
692740,"What is the name of the driver for the bus that goes to KACHEHRY
","{'answer_start': [48128], 'text': ['Nasir Iqbal']}",Transport
692735,"What is the name of the driver for the bus that goes to KHANA PULL
","{'answer_start': [48152], 'text': ['Nasir Iqbal']}",Transport
692736,"What is the name of the driver for the bus that goes to KORAL
","{'answer_start': [48188], 'text': ['Nasir Iqbal']}",Transport
692746,"What is the name of the driver for the bus that goes to Old airport road, Peshawar Road
","{'answer_start': [48164], 'text': ['Nasir Iqbal']}",Transport
692750,"What is the route number for the bus with vehicle number MIA-6421?
","{'answer_start': [47905], 'text': ['Route 58']}",Transport
692753,"What is the vehicle number for Route 58?
","{'answer_start': [47871], 'text': ['MIA-6421']}",Transport
692759,"What is the vehicle number for the bus that goes to AIRPORT
","{'answer_start': [47871], 'text': ['MIA-6421']}",Transport
692760,"What is the vehicle number for the bus that goes to AMMAR CHOWK
","{'answer_start': [50105], 'text': ['MIA-6421']}",Transport
692763,"What is the vehicle number for the bus that goes to CHORR CHOWK
","{'answer_start': [50105], 'text': ['MIA-6421']}",Transport
692766,"What is the vehicle number for the bus that goes to CHOWK
","{'answer_start': [50123], 'text': ['MIA-6421']}",Transport
692761,"What is the vehicle number for the bus that goes to KACHEHRY
","{'answer_start': [50087], 'text': ['MIA-6421']}",Transport
692756,"What is the vehicle number for the bus that goes to KHANA PULL
","{'answer_start': [50114], 'text': ['MIA-6421']}",Transport
692757,"What is the vehicle number for the bus that goes to KORAL
","{'answer_start': [50141], 'text': ['MIA-6421']}",Transport
692758,"What is the vehicle number for the bus that goes to Peshwar road
","{'answer_start': [50141], 'text': ['MIA-6421']}",Transport
692767,"What is the vehicle number for the bus that goes to Old airport road, Peshawar Road
","{'answer_start': [50123], 'text': ['MIA-6421']}",Transport
692764,"What is the vehicle number for the bus that goes to QASIM MARKET
","{'answer_start': [50087], 'text': ['MIA-6421']}",Transport
692765,"What is the vehicle number for the bus that goes to RANGE ROAD
","{'answer_start': [50105], 'text': ['MIA-6421']}",Transport
692755,"What is the vehicle number for the bus that goes to SITE OFFICE
","{'answer_start': [50096], 'text': ['MIA-6421']}",Transport
692762,"What is the vehicle number for the bus that goes to TURN PESHAWAR ROAD
","{'answer_start': [501014], 'text': ['MIA-6421']}",Transport
692752,"Who is the driver for Route 58?
","{'answer_start': [48224], 'text': ['Nasir Iqbal']}",Transport
692675,"What is the vehicle number for the bus that goes to  KRL ROA
","{'answer_start': [45972], 'text': ['GF-131']}",Transport
692663,"What is the vehicle number for the bus that goes to POLICE LINE SIGNAL
","{'answer_start': [45972], 'text': ['GF-131']}",Transport
692669,"What is the vehicle number for the bus that goes to RAWAL ROAD
","{'answer_start': [45951], 'text': ['GF-131']}",Transport
692678,"What is the vehicle number for the bus that goes to Rawal road Dhoke khabba RWP
","{'answer_start': [45958], 'text': ['GF-131']}",Transport
692664,"What is the vehicle number for the bus that goes to SIR SYED CHOWK
","{'answer_start': [45951], 'text': ['GF-131']}",Transport
692707,"What are the stops on the route for the bus with vehicle number GA-953?
","{'answer_start': [46373], 'text': ['""ALIPUR, TRAMRI CHOWK, GHORI TOWN, KORAL CHOWK HIGHWAY, KAK PULL, MODEL TOWN, HUMAK, DHA GATE-1""']}",Transport
692696,"What are the stops on the route that goes to ALIPUR
","{'answer_start': [46373], 'text': ['""ALIPUR, TRAMRI CHOWK, GHORI TOWN, KORAL CHOWK HIGHWAY, KAK PULL, MODEL TOWN, HUMAK, DHA GATE-1""']}",Transport
692729,"What are the stops on the route that goes to DHA GATE-1
","{'answer_start': [46373], 'text': ['""ALIPUR, TRAMRI CHOWK, GHORI TOWN, KORAL CHOWK HIGHWAY, KAK PULL, MODEL TOWN, HUMAK, DHA GATE-1""']}",Transport
692694,"What are the stops on the route that goes to GHORI TOWN
","{'answer_start': [46373], 'text': ['""ALIPUR, TRAMRI CHOWK, GHORI TOWN, KORAL CHOWK HIGHWAY, KAK PULL, MODEL TOWN, HUMAK, DHA GATE-1""']}",Transport
